No,Title,Year,Source,DOI,Year_OK_2021,sig_domain,sig_method,sig_preproc,flag_offtopic,priority,Abstract,Reviewer,Decision_Pass1,Reason_Pass1,Fulltext_Found,Decision_Pass2,Reason_Pass2,Notes_preproc_method,Priority
164,3D clustering of gene expression data from systemic autoinflammatory diseases using self-organizing maps (Clust3D),2024,Computational and Structural Biotechnology Journal,10.1016/j.csbj.2024.05.003,Y,petro,k means;clustering;cluster,feature extraction,,4,"Background and objective: Systemic autoinflammatory diseases (SAIDs) are characterized by widespread inflammation, but for most of them there is a lack of specific biomarkers for accurate diagnosis. Although a number of machine learning algorithms have been used to analyze SAID datasets, aiding in the discovery of novel biomarkers, there is a growing recognition of the importance of SAID timeseries clustering, as it can capture the temporal dynamics of gene expression patterns. Methodology: This paper proposes a novel clustering methodology to efficiently associate three-dimensional data. The algorithm utilizes competitive learning to create a self-organizing neural network and adjust neuron positions in time-dependent and high dimensional feature space in order to assign them as clustering centers. The quantitative evaluation of the clustering was based on well-known clustering indices. Furthermore, a differential expression analysis and classification pipeline was employed to assess the capability of the proposed methodology to extract more accurate pathway-specific genes from its clusters. For that, a comparative analysis was also conducted against a heuristic timeseries clustering method. Results: The proposed methodology achieved better overall clustering indices scores and classification metrics using genes derived from its clusters. Notable cases include a threefold increase in the Calinski-Harabasz clustering index, a twofold improvement in the Davies–Bouldin clustering index and a ∼60% increase in the classification specificity score. Conclusion: A novel clustering methodology was developed and applied on several gene expression timeseries datasets from systemic autoinflammatory diseases, and its ability to efficiently produce well separated clusters compared to existing heuristic methods was demonstrated. © 2024 The Authors",AI-Pass1,Exclude,E1,,,,"Medical gene expression, no industrial sensor transfer",
69,A Machine Learning Workflow to Support the Identification of Subsurface Resource Analogs,2024,Energy Exploration and Exploitation,10.1177/01445987231210966,Y,drill;petro,clustering;cluster,scaling;outlier,,4,"Identifying subsurface resource analogs from mature subsurface datasets is vital for developing new prospects due to often initial limited or absent information. Traditional methods for selecting these analogs, executed by domain experts, face challenges due to subsurface dataset's high complexity, noise, and dimensionality. This article aims to simplify this process by introducing an objective geostatistics-based machine learning workflow for analog selection. Our innovative workflow offers a systematic and unbiased solution, incorporating a new dissimilarity metric and scoring metrics, group consistency, and pairwise similarity scores. These elements effectively account for spatial and multivariate data relationships, measuring similarities within and between groups in reduced dimensional spaces. Our workflow begins with multidimensional scaling from inferential machine learning, utilizing our dissimilarity metric to obtain data representations in a reduced dimensional space. Following this, density-based spatial clustering of applications with noise identifies analog clusters and spatial analogs in the reduced space. Then, our scoring metrics assist in quantifying and identifying analogous data samples, while providing useful diagnostics for resource exploration. We demonstrate the efficacy of this workflow with wells from the Duvernay Formation and a test scenario incorporating various well types common in unconventional reservoirs, including infill, outlier, sparse, and centered wells. Through this application, we successfully identified and grouped analog clusters of test well samples based on geological properties and cumulative gas production, showcasing the potential of our proposed workflow for practical use in the field. © The Author(s) 2023.",AI-Pass1,Include,subsurface wells + DBSCAN clustering,,,,Well analogs DBSCAN multivariate spatial workflow,P2-transfer
80,A comprehensive machine learning workflow for classifying production profiles in unconventional reservoirs,2026,Energy Exploration and Exploitation,10.1177/01445987261433779,Y,petro,k-means;clustering;cluster,normaliz;scaling;feature extraction,,4,"Accurate determination and prediction of production profile types in unconventional reservoirs is a critical task for optimizing petroleum exploration and development. While machine learning (ML) methods have been increasingly applied in petroleum engineering, a comprehensive and generalizable workflow for classifying and predicting production profiles remains lacking. To support unconventional reservoir decision-making, we propose an ML workflow integrating geological, completion, and production data. The workflow begins with univariate and multivariate analyses to explore data relationships, followed by feature selection using multiple ranking methods: maximum relevance–minimum redundancy, variance inflation factor, partial correlation coefficient, recursive feature elimination, and model-based random forest importance. This yields six key features selected from the initial dataset. K-Means clustering applied to a dataset of 189 Permian Basin wells identifies two distinct production patterns (high and low), with normalized oil production histories showing clear separation. Multidimensional scaling (MDS) is used to reduce feature dimensionality to two components while preserving pairwise sample distances, enabling improved visualization and interpretability. A random forest classification model trained on these MDS components achieves a higher test accuracy (97.5%) and stability (lower variance) compared to a reference model using the original high-dimensional features (95.0%) and the model using two principal components of principal component analysis (90.0%). This workflow facilitates the automated classification of production profiles and provides a data-driven foundation for optimizing completion designs in unconventional reservoir development. © The Author(s) 2026. This article is distributed under the terms of the Creative Commons Attribution 4.0 License (https://creativecommons.org/licenses/by/4.0/) which permits any use, reproduction and distribution of the work without further permission provided the original work is attributed as specified on the SAGE and Open Access page (https://us.sagepub.com/en-us/nam/open-access-at-sage).",AI-Pass1,Include,Permian wells production + K-Means clustering,Y,Include,slot-method,DATA:189 Permian wells; production + completion/geology features | PRE:completion-length normalization; MRMR/VIF/RFE selection; MDS | CLU: | EV:elbow + Calinski-Harabasz k=2; RF accuracy 97.5% | SAGE 403; methods via mirror full-text snippets,P1-direct
32,Automated 3D Multivariate Domaining of a Mine Tailings Deposit Using a Continuity-Aware Geostatistical–AI Workflow,2025,Minerals,10.3390/min15121249,Y,drill,k-means;gaussian mixture;clustering;cluster,preprocess,,4,"Geochemical data from mine tailings are layered, compositional, and noisy, complicating automated domaining. This study introduces a continuity-aware workflow the Geostatistical k-means Recurrent Neural Network (GkRNN) that links compositional preprocessing and geostatistical continuity to sequence learning, allowing depth order and lateral context to influence final domain labels. The workflow begins with a centered log-ratio (CLR) transform, followed by construction of a spectral embedding derived from kernelized direct and cross variograms. Clustering is carried out in this embedded space, and depth sequences are regularized with a hidden Markov model (HMM) model and a long short-term memory (LSTM) network. When applied to a multivariate set of tailing drillholes, stratigraphically coherent zones were obtained, depthwise proportions were stabilized, and vertical as well as lateral semivariograms remained consistent with laminated material. Compared with k-means and Gaussian Mixture baselines, over-segmentation was reduced and the intended layered architecture was recovered in most drillholes. The result is a reproducible domaining workflow that enables clearer grade estimation and more transparent risk evaluation. © 2025 by the authors.",AI-Pass1,Include,tailings drillholes + k-means GMM workflow,,,,Depth-sequence drillhole clustering with preprocessing,P2-transfer
82,Automatic classification with an autoencoder of seismic signals on a distributed acoustic sensing cable,2023,Computers and Geotechnics,10.1016/j.compgeo.2022.105223,Y,borehole;geothermal,gaussian mixture;clustering;cluster,feature extraction,,4,"This study probes the association between fluid injection in enhanced geothermal systems and certain kinds of seismicity that may result from hydraulic fracturing occurring at depth using unsupervised machine learning. In April and May 2019, a distributed acoustic sensing borehole array at the Frontier Observatory for Research in Geothermal Energy site near Milford, Utah recorded seismic data during hydraulic injection stimulation of a nearby well. Using an autoencoder, a type of deep neural network, we reduce the dimensionality of spectrograms of the detected signals to a lower-dimensional latent feature space with just nine dimensions. Next, Gaussian mixture model clustering is performed on this latent feature space, assigning each detected signal to one of 7 classes. For each signal class, we examine spatiotemporal distributions of the clustered results and find that total detections exhibit a bimodal distribution with respect to channel depth. The shallow mode occurs between 250 and 500 m, and the deep mode is centered around 750 m. In the temporal distribution, clustering results show the two best-clustered signal classes exhibit weak or no correlation with injection-related activities. More generally, we demonstrate the ability to discern not just when and where signals are detected, but also what kind, thus enabling rapid and targeted data exploration and providing constraints on source mechanisms. © 2022 The Author(s)",AI-Pass1,Include,FORGE DAS seismic + autoencoder GMM clustering,,,,Same FORGE site autoencoder GMM seismic signals,P2-transfer
161,CLUSTERING ANALYSIS FOR PREDICTIVE MAINTENANCE OF OIL WELLS IN KAZAKHSTAN,2026,SOCAR Proceedings,10.5510/OGP20260101153,Y,petro;oilfield,k-means;clustering;cluster,normaliz;preprocess;outlier;robust,,4,"This study explores the use of unsupervised machine learning to optimize operational efficiency and reduce downtime in oil well production through clustering analysis. Using production data from a major Kazakhstani oil operator, the study applies K-means clustering to categorize oil wells based on output patterns. The dataset includes more than three million entries over a two-year period, capturing daily values for oil volume, liquid volume, and water cut percentage. Data preprocessing involved normalization, outlier handling, and correlation analysis to ensure robust clustering performance. The optimal number of clusters (K = 10) was selected using the Elbow method. Cluster interpretations revealed distinct operational profiles, including stable, declining, and volatile well behavior. In particular, more than 70% of wells remained in their assigned clusters over time, suggesting temporal stability and operational consistency. By identifying risk-prone and underperforming wells, the results support proactive maintenance, informed resource allocation, and long-term planning. The study demonstrates how unsupervised learning techniques can support data-driven decision-making in the petroleum industry without reliance on expensive sensor infrastructure. This research provides a replicable framework for oilfield analysis and highlights the value of behavioral clustering as a predictive tool for operational optimization. Our methodology integrates unsupervised learning, dimensionality reduction techniques, and visual analytics to provide interpretable cluster groupings. The enhanced predictive model demonstrates the potential to support data-driven decision-making and resource allocation in oilfield operations. © 2025 «OilGasScientificResearchProject» Institute. All rights reserved.",AI-Pass1,Include,oil wells production + K-means clustering,Partial,Include,slot-method-kmeans,"DATA:>3 jt entri 2 thn, harian oil/liquid/water-cut, operator Kazakhstan | PRE:normalization, outlier handling, correlation analysis | CLU:K-means unsupervised | EV:Elbow K=10, stabilitas temporal 70% | Terverifikasi via repositori Satbayev + Scopus 105034863083; redirect doi.org inkonsisten (catat)",P2-transfer
98,"Channelized, distributed, and disconnected: Spatial structure and temporal evolution of the subglacial drainage under a valley glacier in the Yukon",2023,Cryosphere,10.5194/tc-17-761-2023,Y,borehole,cluster,robust,,4,"The subglacial drainage system is one of the main controls on basal sliding but remains only partially understood. Here we expand the analysis of the 8-year dataset of borehole observations on a small, alpine polythermal valley glacier in the Yukon Territory. We presented this dataset in , where we described the seasonal evolution of the drainage system and underlined the importance of hydraulic isolation at the glacier bed. These borehole observations constitute a unique dataset, both due to the length of the records and the density of the observations, with up to 157 simultaneously working pressure sensors. Now, to explore the spatial structure of the drainage system and its seasonal progression, we automatically cluster boreholes based on similarities in their water pressure records and follow their evolution through the melt season. Some of these borehole clusters show water pressure variations that suggest they are part of a drainage system connected to the surface meltwater supply, while others show features consistent with hydraulic isolation. The distribution of connected and isolated boreholes suggests that the distributed drainage system we observe comprises a network of small conduits with spacings smaller than the borehole bottom diameter (approximately 25-50ĝ€¯cm). Within these hydraulically connected areas, pressure phase lags, and amplitude attenuation rarely shows the behaviour expected in a diffusive system. This observation suggests that the diffusivity distribution in such areas presents a fine structure at scales smaller than our minimum borehole spacing of 15ĝ€¯m. However, at a glacier-wide scale, we observe that hydraulic connections are ubiquitous in some regions of the bed and permanently absent in others, suggesting large contrasts in diffusivity. Within disconnected areas, boreholes often show small-amplitude water pressure variations associated with horizontal normal stress transfers. Such stress transfers seem to play a more important role than previously considered for controlling the effective pressure distribution at the bed. Through the melt season, the evolution of borehole clusters suggests that the diurnal meltwater supply promotes the growth of the low-efficiency drainage systems found early in the season while stimulating the shrinkage and fragmentation of the more efficient drainage systems that appear later in the season. Therefore, an increase in drainage efficiency is associated with the growth of disconnected areas. Our observations support the traditional view of a distributed drainage system early in the melt season that gradually evolves into a progressively more channelized system. However, the most notable difference is the highly heterogeneous distribution of diffusivity that our results suggest and the robust support for disconnected areas. The extent of disconnected areas could be an essential control of basal speed variations. It is possible that even relatively small disconnected areas could have a disproportionate effect on basal speed.  © Copyright: ",AI-Pass1,Include,borehole pressure sensors + clustering,,,,157 pressure sensors water-pressure record clustering,P2-transfer
72,Comprehensive analysis and modeling of landfill leachate,2022,Waste Management,10.1016/j.wasman.2022.04.030,Y,petro,cluster,outlier;missing;standardiz,,4,"Landfill leachate data compiled from 220 different landfills from 46 countries in Europe, Middle East, Asia, Africa, and America was analysed by multivariate statistical approaches. Data pre-treatment procedure such as handling of outliers, completion of missing data, and standardization of data was applied to prepare the raw data matrix for the complex statistical analyses including cluster and principal component analyses (PCA). Regression modeling was conducted to estimate leachate parameter values. Results show that usually inorganic parameters, if included in the PCA, dominated the first components indicating the highest correlations as well as accounting for majority of the variation in the data. Those highly correlated parameters in landfill leachate could be important in evaluation of their pathways into leachate in terms of transport and biodegradation mechanisms as well as their elimination potential from sampling and analytical procedures during monitoring activities at landfills. Some leachate parameters having significantly high concentrations, such as organics, salts, and some inorganics, impacted the formation of components in PCA. This in turn provides important information about the specific characteristics of leachate samples and the landfills to which they belong. © 2022 Elsevier Ltd",AI-Pass1,Exclude,E2,,,,"Static leachate chemistry, not sensor time-series",
162,"Dental fear and anxiety and its sociodemographic associations among public and private schoolchildren aged 8 to 12 years in Depok, Indonesia: a cross-sectional study",2026,BMC Oral Health,10.1186/s12903-026-08481-6,Y,drill,cluster,robust,,4,"Background: Dental fear and anxiety (DFA) affect dental visits and oral health outcomes in children. Sociodemographic factors linked to DFA are understudied in Indonesia. Objectives: This study examined the prevalence, triggers, and sociodemographic factors associated with DFA among schoolchildren aged 8–12 years in Depok City, Indonesia. The goal is to inform targeted interventions in school-based settings. Methods: A total of 460 schoolchildren aged 8–12 years were recruited from five elementary schools in Depok City by using randomised multistage cluster sampling. The participant’s parents also participated in the study. The questionnaires were adapted from the Indonesian Modified Dental Anxiety Scale with Facial Image Scale pictorial response aids (MDAS + FIS), Riskesdas, and Susenas and were administered by trained enumerators. The DFA scores were analysed as continuous and categorical data: no DFA (score 5), mild (6–11), and high (> 11). The covariates included age, sex, birth order, school grade, and school type. The statistical methods employed included descriptive statistics, linear regression, ordered logit regression, and generalised ordered logit regression. Sensitivity analyses for alternatives outcomes were conducted. Results: The mean DFA score was 11.1 (SD: 3.46), median 11 (IQR 9–13). In total, 53.2% of children had mild DFA, and 43.6% had high DFA. Injections (mean 3.13) and tooth drilling (mean 2.79) were the most common triggers. Older age (11–12 vs. 8–10 years), attending private schools, and higher birth order were consistently associated with lower DFA. Sex had weaker associations. Multivariate analysis confirmed these associations, with private schools and older age being the strongest predictors of reduced DFA. Sensitivity analyses affirmed robustness. Conclusions: There is a high prevalence of mild to high DFA. Early DFA strategies are needed to improve dental attendance and cooperation among Depok City schoolchildren. Lower DFA is associated with older age, later birth order, higher grades, and private schools. The major triggers were dental injections and drilling. These findings provide locally relevant evidence to tailor long-term oral health strategies. © The Author(s) 2026.",AI-Pass1,Exclude,E1,,,,"Dental anxiety survey, medical no sensor transfer",
134,Dissecting 20 million years of deep-water forearc sediment routing using an integrated basin-wide Bayesian chronostratigraphic framework,2024,Bulletin of the Geological Society of America,10.1130/B37194.1,Y,petro,cluster,scaling;robust,,4,"Sedimentary deposits along convergent margins contain a record of sediment transfer and coupled tectonic processes. Deciphering the evolution of ancient convergent margins, both spatially and temporally, is challenging as their stratigraphic successions are often locally deformed, which makes it difficult to correlate stratigraphic units over large distances, and they may have limited age constraints. Here, we construct a novel Bayesian chronostratigraphic framework for Late Cretaceous–Paleocene units of the Nanaimo forearc basin in western British Columbia, Canada, which reveals unparalleled detail into long-term sedimentation processes along an active deep-water margin. The Upper Nanaimo Group outcrop belt features ∼2000 m of forearc basin fill that includes the deposits of multiple submarine channel systems along a 160-km-long depositional strike-oriented cross section of the ancient continental margin. The age and longevity of individual slope-channel systems was determined by constructing a Bayesian Monte Carlo numerical model in which biostratigraphic and magnetostratigraphic measurements were used to further constrain 37 detrital zircon maximum depositional ages. Important context for the refined maximum depositional ages is provided by a detailed stratigraphic dataset composed of 2199 m of measured stratigraphic section and 4207 paleoflow measurements, which demonstrate the facies, architecture, distribution, and orientation of 12 slope-channel systems. In combination, our results reconstruct the spatio-temporal evolution of coarse-grained, deep-water sediment routing along the paleo-margin and enable the timing of sedimentation to be compared with hinterland and forearc processes. Our integrative approach demonstrates that submarine channel-system deposits of the upper Nanaimo Group cluster into three long-lived fairways (8–18 m.y.), each of which has a unique depositional history. Along-strike variations in the timing of sediment routing, channel-system architecture, and channel-system orientation are interpreted to be driven by local subsidence, magmatism, and subduction-related processes. We show, for the first time, how Bayesian age models can be applied at a basin-scale to produce robust chronostratigraphic frameworks for deciphering basin evolution that provide valuable insight into long-term geodynamic processes. © 2024 The Authors. Gold Open Access:",AI-Pass1,Exclude,E3,,,,"Bayesian stratigraphy, no clustering no sensor link",
139,Efficient Sedimentary Facies Recognition Using Vision Transformer and Weakly Supervised Deep Multi-View Clustering,2025,IEEE Access,10.1109/ACCESS.2025.3562544,Y,petro,clustering;cluster,feature extraction;robust,,4,"Sedimentary facies recognition plays a crucial role in geological exploration and oil-gas resource evaluation. However, traditional recognition methods are limited by their ability to extract local features and efficiently utilize unlabeled data, making it difficult to effectively handle complex sedimentary facies characteristics. To address this, this paper proposes an efficient sedimentary facies recognition method based on Vision Transformer (ViT) and weakly supervised deep multi-view clustering. First, we use ViT for feature extraction from sedimentary facies images, capturing global information through the self-attention mechanism, thereby enhancing the ability to recognize complex sedimentary facies patterns. Secondly, we introduce deep multi-view clustering, which integrates multi-angle features such as color, texture, and shape, improving the model’s robustness and classification accuracy. Additionally, we apply weak supervision, combining a small amount of labeled data with a large amount of unlabeled data, and use strategies like pseudo-labeling to enhance the model’s generalization ability and reduce the cost of data labeling. Experimental results show that this method achieves higher accuracy and robustness across multiple sedimentary facies datasets, significantly outperforming traditional Convolutional Neural Networks methods in recognition performance. This research provides a novel solution for sedimentary facies recognition, especially suited for scenarios with limited labeled data and complex, diverse features, and offers new research directions for future deep learning-based geological data analysis. © 2013 IEEE.",AI-Pass1,Exclude,E2,,,,"Facies images Vision Transformer, image-only no time-series",
163,Enhanced Marine Radar Oil Spill Detection via Feature Guidance and BBO-SA Hybrid Optimization,2026,Remote Sensing,10.3390/rs18101551,Y,petro,dbscan;clustering;cluster,feature extraction;robust,,4,"X-band marine radar offers unique advantages for monitoring nearshore oil spills. However, oil films and sea clutter exhibit high pixel intensity overlap in radar images. Traditional threshold segmentation and machine learning methods have certain limitations in terms of feature extraction, Region of Interest (ROI) guidance, threshold optimization adaptability, and unsupervised capabilities. To address these issues, a method of oil film detection for ship radar based on multi-dimensional feature-guided extraction and hybrid optimization search is proposed. By combining Density-Based Spatial Clustering of Applications with Noise (DBSCAN) clustering with multidimensional features, this method automatically extracts ROIs under unlabeled conditions, effectively suppressing sea clutter interference. Subsequently, an improved Beaver Behavior Optimizer (BBO) and simulated annealing (SA) hybrid algorithm (BBO-SA) is introduced within the ROIs, along with a designed adaptive temperature update strategy, to achieve coordinated optimization of global and local searches. The experimental results demonstrate that the method described in this paper performs exceptionally well across all evaluation metrics, confirming its accuracy and robustness in oil film detection. It provides a viable technical approach for emergency monitoring of nearshore oil spills. © 2026 by the authors.",AI-Pass1,Exclude,E2,,,,"Marine radar images, image-only not time-series",
43,Enhanced anomaly detection in well log data through the application of ensemble GANs,2026,Applied Computing and Geosciences,10.1016/j.acags.2025.100316,Y,drill;petro,gmm;gaussian mixture,robust,,4,"Detecting subtle anomalies in well log data can significantly enhance subsurface characterization and inform reservoir decision-making. Well logs provide detailed records of rock and fluid properties. However, identifying anomalous patterns in these data remains a persistent challenge due to the complexity of geological systems and limitations in traditional statistical models. Classical anomaly detection approaches, such as Gaussian mixture models (GMMs), tend to oversimplify the intricacies of well log responses and often misinterpret geological heterogeneities as tool noise. This misclassification leads to high false positive rates and unreliable anomaly identification. In this context, generative models, particularly generative adversarial networks (GANs), have shown promise in structured data domains; however, they remain underutilized in geoscience applications. This study aims to benchmark the performance of ensemble GANs (EGANs) against GMMs for anomaly detection in well log data. The proposed EGANs framework aggregates multiple independently trained GANs to enhance model stability and robustness. Anomalies are detected based on discriminator scoring, while performance is evaluated using precision, recall, and F1-score across four key logs: gamma ray, travel time, bulk density, and neutron porosity. The results demonstrate that EGANs consistently outperform GMMs across all logs, achieving higher precision (up to 0.70) and F1-scores (up to 0.79), with statistically significant improvements confirmed via paired t-tests. These findings highlight the ability of EGANs to model complex subsurface patterns and detect subtle deviations more effectively than conventional probabilistic methods. This study introduces the first application of EGANs to petrophysical anomaly detection, bridging deep learning with geoscience workflows. It offers a scalable framework for integrating data-driven anomaly detection into reservoir modeling, quality control, and near-real-time decision-making in drilling operations. Future work will focus on multivariate analysis, cross-basin validation, and real-time deployment, advancing toward a more intelligent, adaptive reservoir monitoring system. © 2025 The Authors",AI-Pass1,Include,well logs + ensemble GANs GMM anomaly detection,Y,Exclude,E4,"DATA:well logs gamma/sonic/density/neutron porosity | PRE:none | CLU:ensemble GANs vs GMM | EV:precision/recall/F1; paired t-tests | Gold OA; Elsevier HTML bot-blocked, no preproc in abstract",P1-direct
153,Essential time series characteristics for human motion analysis based on Self-Organizing Map clustering,2026,Acta Gymnica,10.5507/ag.2026.004,Y,drill,clustering;cluster,feature extraction,,4,"Background: Accurate classification of physical exercise is essential for individualised training and rehabilitation. Self-Organizing Maps (SOM) offer a data-driven way to cluster movement patterns. Objective: To extract the most informative acceleration- and angular-velocity features from children’s movements and use SOM to build a map and visualize the similarity structure among exercises based on trunk dynamics. Methods: Eighty-one children (9–11 years) performed eight dynamic tasks while 3-D accelerometers and gyroscopes recorded kinematics. The performed tasks are Shuttle Run, Crawling, Progressive Cone Shuttle Run, Ring Collection and Placement Run, 10x Position Change Drill, 10x Head-to-Foot Hoop Crawl, 10x Bench Jumping, Crawling (repeat). Data were collected in a single session using one back-mounted inertial sensor; the SOM solution with seven super-clusters yielded a mean Silhouette width of 0.36, indicating moderate cluster separation. Time series (records) were described with Recurrence Quantification Analysis, autocorrelation and Fourier transforms. XGBoost selected 27 key features that guided SOM optimisation and clustering. Results: With 27 optimised features, the SOM exceeded 90% accuracy and organised the seven movement tasks, including one repeated task, into seven coherent clusters. For instance, 10x Head-to-Foot Hoop Crawl and 4x 10m Shuttle Run exercises were found to differ primarily due to the presence of locomotion and rapid acceleration changes in the latter, while the former exhibited higher angular velocity during trunk bending. 10x Position Change Drill exercise was characterized by dynamic transitions between standing, prone, and supine positions, whereas Crawling exercise involved steady, low acceleration movements. Conclusions: Advanced feature extraction combined with XGBoost-guided selection yields a compact, informative descriptor set that enables SOM to map children’s exercises with high accuracy. This workflow offers a practical, data-driven approach to mapping and organizing exercises based on similarity in trunk dynamics, rather than a discrete classification. © 2026 The Author(s).",AI-Pass1,Include,inertial sensors + SOM clustering,,,,Accelerometer gyroscope time-series SOM transferable method,P2-transfer
89,Evident Dependence of Dynamics of Baseflow on Groundwater Across the Contiguous United States,2026,Water Resources Research,10.1029/2025WR042225,Y,petro,clustering;cluster,robust,,4,"Understanding baseflow dynamics is essential for sustainable ecosystem and water resource management. While most studies have documented climate-baseflow relationships at regional scales, observational evidence of how groundwater influences baseflow dynamics across different spatiotemporal scales remains limited, substantially constraining mechanistic understanding. To address this gap, we conducted a systematic continental-scale analysis of groundwater-baseflow linkages across 18 major US watersheds from 1980 to 2020. We analyzed daily discharge from 7,016 stations and estimated baseflow using a recursive digital filter. We also identified 470 paired shallow groundwater well-gauge sites within 5-km proximity to evaluate hydraulic connectivity across multiple time scales. Key findings were as follows: (a) Annual baseflow trends revealed pronounced east-west spatial clustering, with predominantly increasing trends in eastern watersheds and decreasing trends in western watersheds. (b) Seasonal analysis indicated strong synchronicity between groundwater level fluctuations and baseflow dynamics, with matched trend directions from 68.75% (fall) to 92.86% (summer) of paired sites. Spearman correlations further demonstrated robust positive seasonal relationships (ρ = 0.686–0.791, all p < 0.005). (c) At the monthly scale, linear regression and Spearman correlation analyses showed weak associations between baseflow and climate variables (R2 = 0.02–0.31), but substantially stronger associations with upstream groundwater levels (R2 = 0.61–0.95). (d) At the daily scale, strong associations between baseflow dynamics and groundwater levels (R2 = 0.63–0.95) further support direct hydraulic connectivity between groundwater and river systems. Collectively, these findings indicate that groundwater is the dominant control on baseflow temporal variability across multiple timescales, whereas climate influences may emerge at annual or longer time scales due to groundwater travel times and long system memory. Our results underscore the importance of groundwater monitoring for improving baseflow prediction and water resources management. © 2026. The Author(s).",AI-Pass1,Maybe,needs-fulltext,,,,"Groundwater discharge time-series, clustering method unclear",P2-transfer
167,Fast mass transfer processes of interfering trapped CO2-clusters at reservoir conditions: Experiment and theory,2025,Geoenergy Science and Engineering,10.1016/j.geoen.2024.213509,Y,petro,cluster,scaling,,4,"The gas-to-oil ratio (GOR) of a reservoir fluid plays a critical role in optimizing oil recovery and oil production strategies, improving oil recovery efficiency, and predicting reservoir behavior. Understanding the complicated kinetics of multicomponent mass transfer at the pore scale after gas injection into petroleum reservoirs is of great importance for estimating GOR and enhanced oil recovery (EOR). However, to date, there is a significant gap in the fundamental process understanding of the complex mass transfer process at reservoir conditions. Using micro-CT technology, we investigate the time dependence of CO2 mass transfer and cluster growth after high pressure CO2 injection into sedimented porous media (sintered 0.2 mm glass beads). Surprisingly, the CO2 partitioning equilibrium is already reached after 2 h. To the best of our knowledge, such a fast CO2 transport through water-saturated porous media, which cannot be explained by linear diffusion models (time scale 100 days for a diffusion length of 10 cm), has not been reported in the literature before. We proposed a conceptual model that assumes CO2 inflation of interfering gas clusters drives cascading CO2 transport. We verified this conceptual model through a time series of experiments at different initial gas saturation, analyzing in each case the spatial cluster distribution, cluster size distribution, and pore occupancy frequency. Whether CO2 inflation of the gas clusters occurs depends on the critical initial gas saturation, which is about 10%. Our main conclusion is that CO2 migration should be considered as gas phase diffusion cascading along a quasi-percolating cluster, since CO2 inflation leads to a high gas saturation of about 26%, which is close to the percolation threshold. Our experimental results support this physical hypothesis. We show for the first time that CO2 clusters can expand over large pore spaces and thus are close to the critical percolation threshold (mobility threshold). The cluster size distribution can be described by a power distribution with the critical exponent 2.19, i.e., it shows universal scaling. We model the interfering mass transfer processes of neighboring gas clusters with a multi-sphere model. Exploring different scenarios for the dissolution kinetics of an ensemble of interfering gas clusters allow a deeper understanding of the complicated mass transfer kinetics and agree well with experimental cluster analyses at specific times. © 2024",AI-Pass1,Exclude,E3,,,,"Physical CO2 bubbles, no ML clustering method",
61,Feature-based time series clustering for efficient labelling of geothermal data,2026,Geothermics,10.1016/j.geothermics.2026.103656,Y,geothermal,k-means;gaussian mixture;clustering;cluster,feature engineering,,4,"Geothermal energy is rapidly emerging as a pivotal component of the global energy landscape, driven by technological advancements, policy support, and the need for sustainable, reliable power sources. There has been global interest in transforming the geothermal industry by applying Artificial Intelligence and Machine Learning methods across the value chain to optimise operations and improve efficiencies. However, a lack of annotations and labels has limited machine learning and artificial intelligence applications in the geothermal industry despite the volumes of data generated in facilities worldwide. In this study, an analytics framework is developed leveraging advances in feature-based time-series analytics to automate label generation for geothermal time-series data. The framework was applied to annotate the history of geothermal heat exchangers in the Wairakei binary power plant in New Zealand. For this application, temperature difference and flow resistance time-series data were computed from available sensor data. From these time series, thirteen (13) time series features were chosen out of 1588 candidates via self-supervised feature selection. The time-series features were used as input to nine (9) different clustering algorithms. Pareto-optimal hyperparameters were computed with respect to the Silhouette coefficient (SIL), the Calinski-Harabasz Index (CHI), and the inverse Davies-Bouldin Index (iDBI). The best performing algorithms achieved a SIL of 0.66 (MeanShift), a CHI of 1647 (k-Means), and an iDBI of 2.48 (Gaussian Mixtures), corresponding to a DBI of 0.40. The resulting optimised clustering models identified data groups representing periods before and after a cleaning activity on the heat exchangers. The ability to automatically annotate the performance history of such vital components in the geothermal energy production opens up new avenues for machine learning and artificial intelligence applications within the industry. © 2026 The Authors. Published by Elsevier Ltd. This is an open access article under the CC BY license. http://creativecommons.org/licenses/by/4.0/",AI-Pass1,Include,geothermal plant sensors + time-series clustering,Y,Include,slot-domain,"DATA:Wairakei binary plant temp-difference/flow time series | PRE:13 of 1588 features self-supervised selection | CLU:nine algorithms incl k-Means/MeanShift/GMM/DBSCAN | EV:SIL 0.66; CHI 1647; iDBI 2.48 (DBI 0.40) | Hybrid OA; HTML blocked, abstract plus metadata basis",P1-direct
108,"Geochemical exploration for tantalum in coltan-rich pegmatites at Bewadze-Mankoadze area of the Kibi-Winneba Belt, southern Ghana: Constraints from exploratory data analysis",2024,Heliyon,10.1016/j.heliyon.2024.e38176,Y,petro,cluster,outlier,,4,"The Bewadze-Mankoadze pegmatites in the Kibi-Winneba Belt of Ghana host several columbite group minerals (WGM) and wodginite group minerals (WGM) as well as other rare and radioactive elements such as uraninite and cesium. In this study, petrographic studies of rock samples from pegmatite outcrops and statistical analysis of the major and minor elements were conducted to identify the pathfinder elements of a new tantalum deposit in the area. Ten samples were obtained from each town for whole-rock geochemistry and thin sections were prepared from some of the samples taken for petrographic analysis. The petrographic analyses showed the presence of quartz, K-feldspars, plagioclase, muscovite, spodumene, albite, tourmaline, columbite group minerals, and montebrasite, which indicate that the studied samples are granitic pegmatites. The geochemical data of the 10 samples obtained from each town showed high concentrations of Cr, Cs, Rb, Sm, and Ta. The Ta concentrations ranged from 10.5 to 773 ppm with an average value of 260 ppm. Q-Q plots showed outliers and variations from the dataset's normal distribution, which were fixed by centred log-ratio transformation and demonstrated to be normal by the Kolmogorov-Smirnov test and Shapiro-Wilk test for normality. Spearman correlation revealed that Sc, Ga, Nb, and Cs showed a moderate to strong correlation with Ta. Factor analysis indicated elemental association of Ta with Cs, Zn, Nb, MgO, Sc, Ga, and V. Three (3) multi-element relationships were discovered by hierarchical cluster analysis: (1) As, La, Hf, CaO, U, Co, Pb, Ce, Ba and Na2O, (2) V, Nb, Ta, Ga, Sc, Cr, Cu, Nb and MgO, and (3) Ni, SiO2, Cs, Zn, Sm, Rb, K2O, Y, Th, Al2O3 and Fe2O3. Hence, a comparison of the results of the multivariate statistics established Sc, Ga, Nb, and Cs as the pathfinders of tantalum in the Bewadze-Mankoadze area. Geochemical anomalies involving these elements can be observed in the south-western portion of the study area, according to single and multi-element halo mapping. It is therefore recommended that exploration activities for tantalum mineralization should focus on the south-western part of the study area, where the anomalies of the pathfinder elements are located. © 2024 The Authors",AI-Pass1,Exclude,E3,,,,"Static tantalum geochemistry, no clustering method",
123,Improved well logs clustering algorithm for shale gas identification and formation evaluation,2021,Acta Geodaetica et Geophysica,10.1007/s40328-021-00358-0,Y,petro,k-means;clustering;cluster,outlier;robust,,4,"The identification of lithology, fluid types, and total organic carbon content are of great priority in the exploration of unconventional hydrocarbons. As a new alternative, a further developed K-means type clustering method is suggested for the evaluation of shale gas formations. The traditional approach of cluster analysis is mainly based on the use of the Euclidean distance for grouping the objects of multivariate observations into different clusters. The high sensitivity of the L2 norm applied to non-Gaussian distributed measurement noises is well-known, which can be reduced by selecting a more suitable norm as distance metrics. To suppress the harmful effect of non-systematic errors and outlying data, the Most Frequent Value method as a robust statistical estimator is combined with the K-means clustering algorithm. The Cauchy-Steiner weights calculated by the Most Frequent Value procedure is applied to measure the weighted distance between the objects, which improves the performance of cluster analysis compared to the Euclidean norm. At the same time, the centroids are also calculated as a weighted average (using the Most Frequent Value method), instead of applying arithmetic mean. The suggested statistical method is tested using synthetic datasets as well as observed wireline logs, mud-logging data and core samples collected from the Barnett Shale Formation, USA. The synthetic experiment using extremely noisy well logs demonstrates that the newly developed robust clustering procedure is able to separate the geological-lithological units in hydrocarbon formations and provide additional information to standard well log analysis. It is also shown that the Cauchy-Steiner weighted cluster analysis is affected less by outliers, which allows a more efficient processing of poor-quality wireline logs and an improved evaluation of shale gas reservoirs. © 2021, The Author(s).",AI-Pass1,Include,shale well logs + robust K-means clustering,N,Exclude,E5,DATA:shale well logs depth-series | PRE:unverified (Springer blocked) | CLU:Cauchy-weighted K-means per Pass-1; unverified | EV:unverified | Springer page blocked; full text inaccessible,P1-direct
118,Improving Subsurface Characterisation with ‘Big Data’ Mining and Machine Learning,2022,Energies,10.3390/en15031070,Y,petro,clustering;cluster,outlier;missing,,4,"Large databases of legacy hydrocarbon reservoir and well data provide an opportunity to use modern data mining techniques to improve our understanding of the subsurface in the presence of uncertainty and improve predictability of reservoir properties. A data mining approach provides a way to screen dependencies in reservoir and fluid data and enable subsurface specialists to estimate absent properties in partial or incomplete datasets. This allows for uncertainty to be managed and reduced. An improvement in reservoir characterisation using machine learning results from the capacity of machine learning methods to detect and model hidden dependencies in large multivariate datasets with noisy and missing data. This study presents a workflow applied to a large basin‐scale reservoir characterization database. The study aims to understand the dependencies between reservoir attributes in order to allow for predictions to be made to improve the data coverage. The machine learning workflow comprises the following steps: (i) exploratory data analysis; (ii) detection of outliers and data partitioning into groups showing similar trends using clustering; (iii) identification of dependencies within reservoir data in multivariate feature space with self‐organising maps; and (iv) feature selection using supervised learning to identify relevant properties to use for predictions where data are absent. This workflow provides an opportunity to reduce the cost and increase accuracy of hydrocarbon exploration and production in mature basins. © 2022 by the authors. Licensee MDPI, Basel, Switzerland.",AI-Pass1,Include,reservoir wells + clustering SOM,,,,Basin-scale clustering missing noisy data workflow,P2-transfer
62,Integrating Two-Tier Optimization Algorithm With Convolutional Bi-LSTM Model for Robust Anomaly Detection in Autonomous Vehicles,2025,IEEE Access,10.1109/ACCESS.2024.3523539,Y,petro,cluster,normaliz;robust;z-score,,4,"Industrial development has changed vehicles of traditional into autonomous vehicles (AVs). AVs play a significant role since they are measured as a vital module of smart cities. The AV is an advanced automobile efficient in preserving secure driving by evading collisions formed by drivers. In contrast with traditional vehicles, which are fully coordinated and functioned by humans, AVs gather information regarding the exterior environment utilizing sensors to guarantee secure navigation. AVs decrease environmental effects since they regularly employ electricity to function rather than fossil fuel, thus diminishing greenhouse gasses. However, AVs might be exposed to cyber-attacks, causing dangers to human life. Machine learning (ML) and deep learning (DL) based anomaly recognition has progressed as a new study track in autonomous driving. ML and DL-based anomaly detection scholars have focused on improving accuracy as a typical classification task without aiming at mischievous information. This article develops an improved whale optimization algorithm-based feature selection using explainable artificial intelligence for robust anomaly detection (IWOAFS-XAIAD) technique in autonomous driving. The major aim of the IWOAFS-XAIAD technique is an endwise XAI structure to construe and imagine the anomaly recognition classifications prepared by AI models securing autonomous driving systems. Initially, the IWOAFS-XAIAD technique utilizes the Z-score data normalization method to convert input data into a compatible layout. Besides, the IWOAFS-XAIAD technique employs an improved whale optimization algorithm (IWOA)-based feature subset selection to pick an optimum set of features. An attention mechanism with the CNN-BiLSTM (CNN-BiLSTM-A) model is employed for anomaly detection and classification. Moreover, the catch-fish optimization algorithm (CFOA) selects the hyperparameters connected to the CNN-BiLSTM-A model. Finally, utilizing the SHAP XAI method, the IWOAFS-XAIAD technique performs local and global descriptions for the black-box AI model. To demonstrate the optimum classification outcome of the IWOAFS-XAIAD technique, a wide range of experiments is performed on a VeReMi dataset. The experimental validation of the IWOAFS-XAIAD technique portrayed a superior accuracy value of 98.52% over the existing methods. © 2013 IEEE.",AI-Pass1,Include,vehicle sensors + anomaly detection,,,,Autonomous vehicle sensor anomaly detection transferable,P2-transfer
137,"Integrating susceptibility, vulnerability and exposure for screening level sinkhole risk mapping in Metropolitan Rome (Italy)",2026,Engineering Geology,10.1016/j.enggeo.2026.108740,Y,borehole,clustering;cluster,normaliz,,4,"Anthropogenic sinkholes are rapid localized depressions caused by collapse above man-made underground cavities and are a growing urban hazard, amplified by ageing utilities and intense rainfall. Effective risk management requires maps identifying where susceptibility is highest and where people and assets are exposed. Here, risk is expressed as a normalized screening-level index (0–1), not an annual probability; the hazard term (H) is a susceptibility proxy. Rome is underlain by a dense, partly abandoned network of excavated cavities (pozzolana quarries, catacombs, galleries) whose degradation, with sewer leakage and flash-flooding, has contributed to increasing sinkholes. From the ISPRA inventory, we selected 1834 occurrences (1960–2023); given heterogeneous sources, results are interpreted as inventory-conditioned susceptibility. Events were integrated with ∼2800 mapped cavities and nine geological and anthropogenic predictors. Spatio-temporal analyses indicate post-2010 acceleration and clustering near cavities, sewer collectors, and flood-prone areas. An XGBoost workflow produced a high-resolution Sinkhole Susceptibility Map with District-based spatial cross-validation performance of ROC-AUC = 0.915 ± 0.04. SHAP interpretation shows susceptibility is dominated by cavity density/proximity and sewer-network variables, with secondary contributions from flood-prone areas. To translate hazard into impact (R = H × V × E), susceptibility was combined with building vulnerability and resident population at census-tract scale. The two highest risk classes include 1521 tracts (∼23%), with more than 400,000 residents (∼34%), and about €127 billion exposure, concentrated in Districts 1–2 and 5–7. The workflow supports screening-level prioritisation and is designed for local retraining and updates as new data become available. Intended use and limitations: The susceptibility and risk maps presented here are derived from prediction models and are therefore subject to error and uncertainty related to input data quality/resolution and to modelling and classification choices. The results are valid at a general scale and are intended to prioritise areas where detailed geological/geotechnical investigations should be performed to characterise site-specific conditions and refine risk. Accordingly, the planning recommendations discussed in the manuscript refer to strategic/tactical prioritisation (e.g., where to focus inspections, monitoring, and maintenance at tract/district scale) and to triggering targeted field verification, rather than to parcel-level design decisions. The maps are not suitable for parcel/building-scale decisions or for regulatory/design purposes without field verification and consultation with the competent authorities, and they may be updated as new data become available and the models are revised. Note: if an HVH (High/Very-High) mask is present, it indicates investigation priority and does not constitute a binding hazard perimeter. Any site-specific action should be supported by dedicated surveys (e.g., geophysics, boreholes, CCTV sewer inspection) and engineering assessment. © 2026 The Authors",AI-Pass1,Exclude,E3,,,,"Sinkhole XGBoost supervised, no clustering no sensor",
127,Jointly Modeling Dynamic Dependence and Volatility in Natural Resource and Energy Indices Using a Multivariate t-Copula eGARCH Model,2026,Journal of Statistical Theory and Practice,10.1007/s42519-026-00631-x,Y,oil and gas,clustering;cluster,robust,,4,"This study develops a robust framework for modeling dynamic volatility, asymmetry, and tail dependence in financial returns, focusing on the daily returns of Natural Resource Index (NRI) and the Oil and Gas Index (OGI). Standard multivariate volatility models, such as DCC-GARCH, often fail to adequately capture extreme co-movements, asymmetric dependence, and tail risk under non-normality, potentially producing biased variance and correlation estimates. To address these limitations, we propose a copula-based eGARCH model with multivariate Student-t (MVT) marginals, which jointly captures log-volatility dynamics and flexible tail dependence. Among 18 candidate models, the Copula-eGARCH-MVT model with eGARCH marginals and a multivariate Student-t copula provided the best fit, effectively accounting for heavy tails, volatility clustering, asymmetry, and dynamic dependence. Monte-Carlo simulations based on the empirical estimation confirmed that this framework reduces variance estimation bias, improves coverage probabilities, and more accurately models dynamic correlations and tail risk compared to standard DCC-GARCH models. This Monte-Carlo study showed that the coverage probability achieved by the eGARCH model is closer to the target 95% due to eGARCH’s ability to capture asymmetric volatility and heavy-tailed behavior in financial returns. Overall, the proposed Copula–eGARCH–MVT framework offers superior performance and risk assessment, providing a comprehensive tool for portfolio management, Value-at-Risk estimation, and the analysis of complex dependence structures in financial markets exhibiting asymmetric shocks and heavy-tailed behavior. © The Author(s) 2026.",AI-Pass1,Exclude,E1,,,,"Financial indices volatility, finance no sensor transfer",
49,Learning from nighttime observations of gas flaring in north dakota for better decision and policy making,2021,Remote Sensing,10.3390/rs13050941,Y,petro,gaussian mixture,preprocess,,4,"In today’s oil industry, companies frequently flare the produced natural gas from oil wells. The flaring activities are extensive in some regions including North Dakota. Besides company-reported data, which are compiled by the North Dakota Industrial Commission, flaring statistics such as count and volume can be estimated via Visible Infrared Imaging Radiometer Suite nighttime observations. Following data gathering and preprocessing, Bayesian machine learning implemented with Markov chain Monte Carlo methods is performed to tackle two tasks: flaring time series analysis and distribution approximation. They help further understanding of the flaring profiles and reporting qualities, which are important for decision/policy making. First, although fraught with measurement and estimation errors, the time series provide insights into flaring approaches and characteristics. Gaussian processes are successful in inferring the latent flaring trends. Second, distribution approximation is achieved by unsupervised learning. The negative binomial and Gaussian mixture models are utilized to describe the distributions of field flare count and volume, respectively. Finally, a nearest-neighbor-based approach for company level flared volume allocation is developed. Potential discrepancies are spotted between the company reported and the remotely sensed flaring profiles. © 2021 by the authors. Licensee MDPI, Basel, Switzerland.",AI-Pass1,Include,flaring satellite sensor + GMM Gaussian-process,,,,VIIRS flaring time-series GP GMM unsupervised,P2-transfer
58,Machine Learning in Oil and Gas Exploration: A Review,2024,IEEE Access,10.1109/ACCESS.2023.3349216,Y,petro;oil and gas,clustering;cluster,robust,,4,"A comprehensive assessment of machine learning applications is conducted to identify the developing trends for Artificial Intelligence (AI) applications in the oil and gas sector, specifically focusing on geological and geophysical exploration and reservoir characterization. Critical areas, such as seismic data processing, facies and lithofacies classification, and the prediction of essential petrophysical properties (e.g., porosity, permeability, and water saturation), are explored. Despite the vital role of these properties in resource assessment, accurate prediction remains challenging. This paper offers a detailed overview of machine learning's involvement in seismic data processing, facies classification, and reservoir property prediction. It highlights its potential to address various oil and gas exploration challenges, including predictive modelling, classification, and clustering tasks. Furthermore, the review identifies unique barriers hindering the widespread application of machine learning in the exploration, including uncertainties in subsurface parameters, scale discrepancies, and handling temporal and spatial data complexity. It proposes potential solutions, identifies practices contributing to achieving optimal accuracy, and outlines future research directions, providing a nuanced understanding of the field's dynamics. Adopting machine learning and robust data management methods is crucial for enhancing operational efficiency in an era marked by extensive data generation. While acknowledging the inherent limitations of these approaches, they surpass the constraints of traditional empirical and analytical methods, establishing themselves as versatile tools for addressing industrial challenges. This comprehensive review serves as an invaluable resource for researchers venturing into less-charted territories in this evolving field, offering valuable insights and guidance for future research. © 2013 IEEE.",AI-Pass1,Maybe,needs-fulltext,Y,Exclude,E1,DATA:review of 125 studies seismic/facies/petrophysics | PRE:none | CLU:survey incl clustering tasks overview | EV:none | Broad exploration review; no TS-clustering taxonomy,P1-direct
117,Monitoring seismicity triggered by geothermal site shutdown with a surface DAS array at Brady Hot Springs,2023,Geophysical Journal International,10.1093/gji/ggad333,Y,geothermal,clustering;cluster,outlier,,4,"Seismicity induced by fluid injection including wastewater injection, hydrofracking and enhanced geothermal system (EGS) site production draws public attention. Dense arrays have been deployed to improve monitoring capability. In 2016 March, the PoroTomo experiment deployed an 8.6-km-long fibre-optic cable for distributed acoustic sensing (DAS) in the geothermal field at Brady Hot Springs, Nevada, covering an area of 1.5 by 0.5 km. The goal was to assess an integrated technology for characterizing and monitoring temporal changes in the rock mechanical properties of an EGS reservoir in three dimensions. We applied a neural network designed for earthquake detection called ADE-Net2 to the DAS data set to detect seismic events in continuous records. We were able to detect a total of 90 earthquakes, which included 21 events that had not been reported by a previous template-matching study. Additionally, we were able to successfully detect almost all of the active source signals, with only seven events being missed. We used the STA/LTA (short-/long-term average) method to pick arrivals and a clustering method to remove outliers. We initially tried a standard event location algorithm, but the low signal-to-noise ratio resulted in significant picking uncertainty that is up to ∼0.5 s, leading to large location uncertainty. Therefore, we developed a new location method based on the similarity between the theoretical traveltime curve and picked moveout. A grid search scheme was adopted to find the optimal point at which the traveltime curve is most similar to the picked one. Most newly detected earthquakes locate southwest of the DAS array, where five earthquakes were reported by a local seismic network. The plant began shutting down at 19:15 UTC on the March 13, and most earthquakes occurred on the March 14, indicating a relationship between the seismicity and the pressure changes caused by the shutdown of the plant. The pressure changes at epicentres obtained from a simplified model range from 71 to 157 kPa, exceeding a typical earthquake trigger threshold of 10 kPa.  © 2023 The Author(s).",AI-Pass1,Include,geothermal DAS + detection clustering,N,Exclude,E5,DATA:Brady Hot Springs surface DAS array | PRE:unverified (OUP 403) | CLU:detection plus clustering per Pass-1; unverified | EV:unverified | OUP page blocked 403; full text inaccessible,P1-direct
56,Multivariate Simulation in Non-Stationary Domains: A Framework for Accurate Data Reproduction,2025,Minerals,10.3390/min15111145,Y,drill,gaussian mixture,outlier;robust;standardiz,,4,"Accurate multivariate Gaussian simulation is critical for resource assessment and mine planning, especially in polymetallic deposits where strong trends, data bias, and multivariate outliers introduce complexity. In this scenario, standard workflows applied to non-stationary domains may result in undesirable data statistics reproduction, especially the multivariate relationships between variables. This study proposes an enhanced simulation framework that integrates data standardization, multivariate outlier detection, trend modeling and removal, and a dual application of the Projection Pursuit Multivariate Transform (PPMT). The approach is demonstrated within a high-grade mineralized breccia domain of the Peñasquito deposit, utilizing data from diamond core and reverse circulation (RC) drill holes, including Au, Ag, Pb, and Zn. Bias in RC data was corrected using data standardization, and multivariate outliers were identified through the application of a robust Mahalanobis distance. Trend modeling was performed using a moving window average and was removed using the Gaussian Mixture Model and Stepwise Conditional Transform. PPMT was applied both before and after trend modeling in order to improve decorrelation and simulation performance. Results show improved data reproduction through histograms, variograms, and complex relationships, as well as correlation coefficients. Cross-validation confirms reduced bias and improved accuracy. This research highlights the importance of treating multivariate outliers and applying PPMT both before and after trend modeling. The study demonstrates that applying PPMT twice is more effective for managing persistent non-stationary features, especially in high-grade domains. © 2025 by the authors.",AI-Pass1,Include,drillholes + GMM outlier detection,,,,Core RC drillholes GMM PPMT simulation framework,P2-transfer
21,"Multivariate Statistical Analysis and S-A Multifractal Modeling of Lithogeochemical Data for Mineral Exploration: A Case Study from the Buerhantu Area, Hadamengou Gold Orefield, Inner Mongolia, China",2025,Geosciences (Switzerland),10.3390/geosciences15120473,Y,drill,cluster,preprocess,,4,"The Hadamengou gold deposit, located on the northern margin of the North China Craton, represents one of the region‘s most significant gold mineralization clusters. However, exploration in its deeper and peripheral sectors is constrained by ecological protection policies and the structural complexity of the ore-forming systems. Multivariate analysis combined with multi-model integration provides an effective mathematical approach for interpretating geochemical datasets and guiding mineral exploration, yet, its application in the Hadamengou region has not been systematically investigated. To address this research gap, this study developed a pilot framework in the key Buerhantu area, on the periphery of the Hadamengou metallogenic cluster, applying and adapting a multivariate-multimodel methodology for mineral prediction. The goal is to improve exploration targeting, particularly for concealed and deep-seated mineralization, while addressing the methodological challenges of mathematical modeling in complex geological conditions. Using 1:10,000-scale lithogeochemical data, we implemented a three-step workflow. First, isometric log-ratio (ILR) and centered log-ratio (CLR) transformations were compared to optimize data preprocessing, with a reference column (YD) added to overcome ILR constraints. Second, principal component analysis (PCA) identified a metallogenic element association (Sb-As-Sn-Au-Ag-Cu-Pb-Mo-W-Bi) consistent with district-scale mineralization patterns. Third, S-A multifractal modeling of factor scores (F1–F4) effectively separated noise, background, and anomalies, producing refined geochemical maps. Compared with conventional inverse distance weighting (IDW), the S-A model enhanced anomaly delineation and exploration targeting. Five anomalous zones (AP01–AP05) were identified. Drilling at AP01 confirmed the presence of deep gold mineralization, and the remaining anomalies are recommended for surface verification. This study demonstrates the utility of S-A multifractal modeling for geochemical anomaly detection and its effectiveness in defining exploration targets and improving exploration efficiency in underexplored areas of the Hadamengou district. © 2025 by the authors.",AI-Pass1,Exclude,E3,,,,"Static lithogeochemistry PCA, no clustering method",
105,Multivariate and geochemical analyses of brines in Devonian strata of the Western Canada Sedimentary Basin for geothermal energy development,2022,Geothermics,10.1016/j.geothermics.2022.102498,Y,geothermal,cluster,scaling,,4,"Geothermal favorability maps in the Western Canada Sedimentary Basin (WCSB) are focused on depth and temperature. The transfer of mass and heat by a geothermal system, however, depends on the brine's transport and thermodynamic properties, which are predominantly controlled by its solute geochemistry. As an ongoing attempt to identify, map, and model potential geothermal reservoirs in sedimentary formations in the WCSB, we collect brine samples from various databases and perform rigorous quality control to identify representative formation waters from the carbonate platforms and reefs of the Leduc and Swan Hills formations, and the sandstone of the Granite Wash and Gilwood formations. We carry out multivariate analysis on 1963 representative samples using major chemical components, i.e., sodium, potassium, calcium, magnesium, chloride, bicarbonate, sulfate, and brine's pH. Principal component and cluster analyses identify distinguishable hydrogeochemical groups and the corresponding influential constituents. We then examine the direct influence of fluid chemistry on the engineering aspects of geothermal energy development in terms of parasitic loads and geochemical risks. The high salinities and associated high densities in one of the groups generate significant parasitic loads, e.g., greater than 55% at 110 °C. The geochemical modeling in each group demonstrates the potential scaling risks of dolomite, calcite, and brucite. The geochemical approaches presented here can be applied to geothermal energy development in sedimentary basins around the world. © 2022 Elsevier Ltd",AI-Pass1,Exclude,E2,,,,"Static brine chemistry, not sensor time-series",
52,Multivariate compositional analysis of groundwater geochemistry in the Georgina Basin: New insights for sediment-hosted mineral systems,2025,Journal of Geochemical Exploration,10.1016/j.gexplo.2025.107857,Y,drill,k-means;clustering;cluster,outlier;robust,,4,"The Georgina Basin in northern Australia holds significant potential for strategic minerals, particularly zinc and phosphate, which are crucial for Australia's economy and transition to net-zero. This study applied multivariate statistical tools to groundwater geochemistry from the basin's regional Cambrian Limestone Aquifer to investigate the prospectivity of sediment-hosted phosphate and Zn–Pb mineral systems in the northern half of the Georgina Basin. Robust principal component analysis (rPCA) identified Mo and I− (as well as Rb and Al) as key elements associated with the variation of P in groundwater. K-means cluster analysis then mapped a subset of spatial clusters where these P relationships were evident. This investigation culminated in the creation of a new geochemical index (Phos#) for identifying hydrogeochemical anomalies likely sourced from phosphate mineralisation. Five areas were deemed most prospective using Phos#: three near Elliott, and one in each of the Central Georgina and Undilla Sub-basins. The hydrogeochemistry was also valuable in detecting regional sediment-hosted Zn–Pb mineralisation. Radiogenic Pb-isotope outliers (206Pb/204Pb of 22.00 to 24.00) in the Alexandria-Wonarah Basement High and Undilla Sub-basin (which were supported by elevated Pb or Zn in groundwater), were spatially correlated with observed sulfides at the surface or in drillholes and consistent with the radiogenic Pb-isotope signature of Georgina Basin's Joplin-type, Mississippi Valley Type Zn–Pb mineralisation. This regional in-depth assessment of the groundwater chemistry provides an efficient scale-reduction tool with clear targets for follow-up, and is supported by a discussion on how this multivariate, index-based approach can be translated to other sedimentary basins and/or mineralisation assemblages. © 2025",AI-Pass1,Exclude,E2,,,,"Static groundwater chemistry, not sensor time-series",
44,Productivity zoning and petrophysical assessment in the Munich metropolitan area for hydro-geothermal utilization using multivariate methods,2025,Geothermal Energy,10.1186/s40517-025-00342-9,Y,drill;borehole;geothermal;petro,cluster,outlier,,4,"Deep geothermal Potential assessment Bavarian Molasse Basin Multivariate methods © The Author(s) 2025.; The North Alpine Foreland Basin in Bavaria is one of Europe’s most important deep reservoirs for hydrogeothermal energy utilization for district heating. Most of the plants are located in the Munich metropolitan region, where there are both favorable geological conditions and a high demand for heat due to the urban character. However, the region's potential is far from fully utilized and extensive geothermal development is thus planned in the city of Munich and the surrounding municipalities. Reliable productivity prognoses help to ensure that this development is sustainable and efficient. We use the dense and comprehensive drilling data set in the region to derive a productivity zonation using multivariate methods. To do this, we derive geophysical and hydraulic parameters from the existing borehole measurements and combine them with hydrochemical, historical and technical data to derive a set of 24 individual parameters. For this parameter set, we carry out a principal component analysis (PCA) and single linkage hierarchical cluster analysis (HCA). The PCA reduces the data set to six main factors, which explain 80% of the data set variability. Of those, the most important factors fa1, fa2, and fa3, which explain 53% of the data set variability, contain mainly geological (fa1), hydrochemical (fa2), and technical parameters (fa3). The HCA reveals four main clusters, with clusters 3 and 2 in the north, 1 in the center of the study area, and 4 in the south. The spatial location of these clusters fits very well with the zoning assumed in the previous assessment analysis ‘Masterplan Geothermal Energy‘. Cluster 2 behaves very similar to cluster 3, but is separated from it by a different hydrochemistry (fa2). In addition, two outliers were identified at two doublets in the north of the study area, which are distinguished from the main clusters in one case by differing hydrochemistry and in the other case by differing hydraulic and thermal conditions. Furthermore, a sub-cluster of cluster 4 is the only one that scatters across the entire study area. However, this can be explained by factors that do not directly influence the productivity of the boreholes concerned. Our results indicate that we can divide the reservoir from north to south into three productivity types A to C, where we derive different outflow temperatures and porosities from regression equations of depth trends. © The Author(s) 2025.",AI-Pass1,Exclude,E2,,,,"Aggregated geothermal parameters, static not time-series",
101,Real-Time Sand Transport Detection in an Offshore Hydrocarbon Well Using Distributed Acoustic Sensing-Based VSP Technology: Field Data Analysis and Operational Insights,2026,Technologies,10.3390/technologies14030175,Y,wellbore;borehole,clustering;cluster,normaliz,,4,"Sand production in an offshore hydrocarbon wells poses significant operational and integrity challenges, particularly in deviated wells, where complex flow geometries intensify particle transport and erosion risks. The traditional sand-monitoring method utilizes stationary acoustic sensors attached to the production flowline at the surface. However, these sensors provide limited spatial coverage and intermittent measurements, restricting their ability to detect early sanding onset or precisely localize sanding intervals. By combining with vertical seismic profiling (VSP), Distributed Acoustic Sensing (DAS) delivers continuous, high-density data along the entire length of the wellbore and is increasingly recognized as a powerful diagnostic tool for real-time downhole monitoring. This study presents a field application of DAS-VSP for detecting and characterizing sand transport in a deviated offshore production well equipped with 350 distributed fiber-optic channels spanning 0–1983 m true vertical depth (TVD) at 8 m spacing. A multistage workflow was developed, including SEGY ingestion and shot merging, channel and time window selection, trace normalization, and low-pass filtering below 20 Hz. Multi-domain signal analysis, such as RMS energy, spike-based time-domain attributes, FFT, PSD spectral characterization, and time–frequency decomposition, were used to isolate the characteristic im-pulsive low-frequency (<20 Hz) signatures associated with sand impact. An adaptive thresholding and event-clustering scheme was then applied to discriminate sanding bursts from background noise and integrate their acoustic energy over depth. The processed DAS section revealed distinct, depth-localized sand ingress zones within the production interval (1136–1909 m TVD). The derived sand log provided a quantitative measure of sand intensity variations along the deviated wellbore, with normalized RMS amplitudes ranging from 0.039 to 1.000 a.u., a mean value of 0.235 a.u., and 137 analyzed channels within the production interval. These results indicate that sand production is highly clustered within discrete depth intervals, offering new insights into sand–fluid interactions during steady-state flow. Overall, the findings confirm that DAS-VSP enables continuous real-time monitoring of the sanding behavior with a far greater depth resolution than conventional tools. This approach supports proactive sand management strategies, enhances well-integrity decision-making, and underscores the potential of DAS to evolve into a standard surveillance technology for hydrocarbon production wells. © 2026 by the authors.",AI-Pass1,Maybe,needs-fulltext,,,,"DAS well sand monitoring, clustering unclear full-text",P2-transfer
133,Real-Time Structural Health Assessment of a Cascade Dam Group Utilizing Monitoring Data and Ordered Entropy,2026,Structural Control and Health Monitoring,10.1155/stc/4274587,Y,petro,dbscan,preprocess;robust,,4,"The safe operation of cascade dam groups is critical to water resource management and disaster prevention. However, existing methods are ill-suited for real-time structural health monitoring (SHM) and system-level health assessment due to their static nature and inability to model dynamic interdependencies. To bridge this gap, this study proposes ordered entropy as a novel, systems-theoretic metric that quantifies the dynamic health state of an entire dam group. We develop an integrated, monitoring-data-to-health-assessment framework that systematically transforms raw monitoring data through robust preprocessing (Apriori–DBSCAN), spatial field reconstruction (Co-Kriging), and multisource information fusion (order degree with PCA). By integrating the maximum entropy principle and extreme value theory with the derived entropy sequence, we establish a novel method for estimating the real-time failure probability as a health state quantification output that serves SHM of hydraulic systems. Applied to the Y River cascade dam group, the framework yields a service-state failure probability of 1.33 × 10−6–1.47 × 10−6 per year, demonstrating its rationality and practicality, with the temporal variation of failure probability showing a dominant correlation with reservoir water level—consistent with engineering mechanics principles and operational observations. This work provides both a new theoretical paradigm and a practical toolchain for advancing data-driven SHM, prognostic health management, and operation state awareness of hydraulic infrastructures. Copyright © 2026 Jiayi Wang et al. Structural Control and Health Monitoring published by John Wiley & Sons Ltd.",AI-Pass1,Include,dam monitoring sensors + DBSCAN,,,,Monitoring data Apriori-DBSCAN PCA health assessment,P2-transfer
68,Regional scale evaluation of nitrate fluctuations in groundwater using cluster analysis and standardised hydrometeorological indices,2024,Journal of Hydrology,10.1016/j.jhydrol.2024.131052,Y,borehole,k-means;clustering;cluster,standardiz,,4,"Temporal fluctuations in nitrate in groundwater can result in concentrations temporarily exceeding drinking water standards. This can bring about the need for costly water treatment or blending. Despite this, the extent and potential controls on these fluctuations are poorly understood, particularly at regional to national scales. Applied to Southeast England (UK), here we develop the first application of cluster analysis and standardised hydrometeorological indices to evaluate nitrate fluctuations in groundwater at the regional scale. Hierarchical and K-means cluster analysis of 96 groundwater nitrate time series for the period 1995–2022 showed that nitrate time series can be divided into 4 clusters: (1) long term increasing trends (n = 23, mean trend = 0.26 mg NO3/l/a), (2) long term decreasing trends (n = 19, mean trend = − 0.65 mg NO3/l/a), (3) long term increasing trends with seasonal fluctuations (n = 24, mean trend = 0.29 mg NO3/l/a) and (4) long term increasing trends superimposed on near-decadal scale fluctuations (n = 30, mean trend = 0.22 mg NO3/l/a). Boreholes in cluster 1 appear to be deeper than boreholes in cluster 2. In comparison to shallower boreholes, deeper boreholes are likely to be intersecting longer groundwater flow systems where nitrate concentrations are affected by historic “legacy nitrate” leaching. There is weak spatial coherence in the clustering, with clusters 3 and 4 present in the South and North Downs respectively. Cross-correlation analysis between groundwater nitrate time series with precipitation and groundwater level indices showed that rapid seasonal fluctuations in nitrate concentrations in cluster 3 in the South Downs are associated with rapidly responding groundwater level fluctuation. This is likely due to the highly fractured and faulted nature of the Chalk aquifer in this area. This is in contrast with the slower near-decadal fluctuations in cluster 4 in the North Downs. The strongest correlations between groundwater levels and nitrate concentrations in cluster 3 occurred when cross-correlating at a lag of zero months, which would suggest that matrix diffusion is unlikely to be a significant control on nitrate seasonality. Seasonal fluctuations in nitrate concentrations are likely to be associated with a combination of piston displacement at the water table and changing groundwater flow paths to the borehole. Future climate change may change the magnitude and timing of seasonal fluctuations caused by these processes. The methodology developed here is generic and can be applied wherever there is a large body of groundwater nitrate time series data. © 2024 British Geological Survey © UKRI 2024",AI-Pass1,Include,groundwater nitrate time-series + K-means,,,,96 nitrate series hierarchical K-means clustering,P2-transfer
77,Research on an intelligent drilling parameter optimization method using sliding window segmentation based on the hydraulic-mechanical specific energy model,2026,PLOS ONE,10.1371/journal.pone.0339324,Y,drill;rate of penetration;weight on bit;oil and gas,k means;clustering;cluster,preprocess;sliding window;outlier,,4,"Optimizing drilling parameters is essential for improving drilling efficiency and reducing operational costs in oil and gas engineering. This study presents an intelligent optimization approach for drilling parameters based on a hydraulic–mechanical specific energy (MSE) model. A time-series data fusion framework integrating Savitzky–Golay filtering, random forest, and hybrid anomaly detection was established to incorporate hydraulic parameters into the MSE model. The model parameters were further refined by coupling the rate of penetration (ROP) equation with a backpropagation (BP) neural network, achieving prediction accuracies of 70% and 90%, respectively. Field validation using 7,231 datasets from four wells revealed that weight on bit, rotary speed, and flow rate are the dominant factors influencing mechanical specific energy. Moreover, the simulated annealing algorithm was employed to globally optimize key parameters, resulting in an average improvement of 43. 34% in drilling efficiency. Compared with conventional MSE-based approaches, the proposed method innovatively integrates sliding window segmentation with the hybrid MSE (HMSE) technique, significantly enhancing time-series data processing. The developed multi-objective optimization model demonstrates superior prediction accuracy and adaptability under field conditions, providing a practical and effective tool for intelligent drilling parameter optimization. © 2026 Li et al. This is an open access article distributed under the terms of the Creative Commons Attribution License, which permits unrestricted use, distribution, and reproduction in any medium, provided the original author and source are credited.",AI-Pass1,Include,drilling sensors + sliding-window anomaly detection,Y,Include,slot-domain,DATA:7231 samples 4 wells Zhanghai; WOB/RPM/torque/flow/ROP depth-series | PRE:RF imputation; 3S/K-means/LOF fusion; Savitzky-Golay; sliding window | CLU: | EV:RMSE drops all params; ROP accuracy 70/90%; no Silhouette | PLOS ONE full-text HTML accessible,P1-direct
78,Shoreliner: A Sub-Pixel Coastal Waterline Extraction Pipeline for Multi-Spectral Satellite Optical Imagery,2024,Remote Sensing,10.3390/rs16152795,Y,petro,cluster,robust,,4,"Beach morphology can be observed over large spatio-temporal scales, and future shoreline positions can be predicted and coastal risk indicators can be derived by measuring satellite-derived instantaneous waterlines. Long-term satellite missions, such as Landsat and Sentinel-2, provide decades of freely available, high-resolution optical measurement datasets, enabling large-scale data collection and relatively high-frequency monitoring of sandy beaches. Satellite-Derived Shoreline (SDS) extraction methods are emerging and are increasingly being applied over large spatio-temporal scales. SDS generally consists of two steps: a mathematical relationship is applied to obtain a ratio index or pixel classification by machine-learning algorithms, and the land/sea boundary is then determined by edge detection. Indexes from lake waterline detection, such as AWEI or NDWI, are often transferred towards the shore without taking into account that these indexes are inherently affected by wave breaking. This can be overcome by using pixel classification to filter the indices, but this comes at a computational cost. In this paper, we carry out a thorough evaluation of the relationship between scene-dependent variables and waterline extraction accuracy, as well as a robust and efficient thresholding method for coastal land–water classification that optimises the index to satellite radiometry. The method developed for sandy beaches combines a new purpose-built multispectral index (SCoWI) with a refinement method of Otsu’s threshold to derive sub-pixel waterline positions. Secondly, we present a waterline extraction pipeline, called Shoreliner, which combines the SCoWI index and the extraction steps to produce standardised outputs. Implemented on the CNES High Performance Cluster (HPC), Shoreliner has been quantitatively validated at Duck, NC, USA, using simultaneous Sentinel-2 acquisitions and in situ beach surveys over a 3-year period. Out of six dates that have a satellite acquisition and an in situ survey, five dates have a sub-pixel RMS error of less than 10 m. This sub-pixel performance of the extraction processing demonstrates the ability of the proposed SDS extraction method to extract reliable, instantaneous and stable waterlines. In addition, preliminary work demonstrates the transferability of the method, initially developed for Sentinel-2 Level1C imagery, to Landsat imagery. When evaluated at Duck on the same day, Sentinel-2 and Landsat imagery several minutes apart provide similar results for the detected waterline, within the method’s precision. Future work includes global validation using Landsat’s 40 years of data in combination with the higher resolution Sentinel-2 data at different locations around the world. © 2024 by the authors.",AI-Pass1,Exclude,E2,,,,"Satellite optical imagery, image-only classification",
126,"Temporal and petrogenetic links between mesoproterozoic alkaline and carbonatite magmas at Mountain Pass, California",2022,Economic Geology,10.5382/econgeo.4848,Y,petro,cluster,outlier,,4,"Mountain Pass is the site of the most economically important rare earth element (REE) deposit in the United States. Mesoproterozoic alkaline intrusions are spatiotemporally associated with a composite carbonatite stock that hosts REE ore. Understanding the genesis of the alkaline and carbonatite magmas is an essential scientific goal for a society in which critical minerals are in high demand and will continue to be so for the foreseeable future. We present an ion microprobe study of zircon crystals in shonkinite and syenite intrusions to establish geochronological and geochemical constraints on the igneous underpinnings of the Mountain Pass REE deposit. Silicate whole-rock compositions occupy a broad spectrum (50-72 wt % SiO2), are ultrapotassic (6-9 wt % K2O; K2O/Na2O = 2-9), and have highly elevated concentrations of REEs (La 500-1,100× chondritic). Zircon concordia 206Pb/238U-207Pb/235U ages determined for shonkinite and syenite units are 1409 ± 8, 1409 ± 12, 1410 ± 8, and 1415 ± 6 Ma (2σ). Most shonkinite dikes are dominated by inherited Paleoproterozoic xenocrysts, but there are sparse primary zircons with 207Pb/206Pb ages of 1390-1380 ± 15 Ma for the youngest grains. Our new zircon U-Pb ages for shonkinite and syenite units overlap published monazite Th-Pb ages for the carbonatite orebody and a smaller carbonatite dike. Inherited zircons in shonkinite and syenite units are ubiquitous and have a multimodal distribution of 207Pb/206Pb ages that cluster in the range of 1785-1600 ± 10-30 Ma. Primary zircons have generally lower Hf (<11,000 ppm) and higher Eu/Eu* (>0.6), Th (>300 ppm), Th/U (>1), and Ti-in-zircon temperatures (>800°C) than inherited zircons. Oxygen isotope data reveals a large range in δ18O values for primary zircons, from mantle (5-5.5‰) to crustal and supracrustal (7-9‰). A couple of low-δ18O outliers (2‰) point to a component of shallow crust altered by meteoric water. The δ18O range of inherited zircons (5-10‰) overlaps that of the primary zircons. Our study supports a model in which alkaline and carbonatite magmatism occurred over tens of millions of years, repeatedly tapping a metasomatized mantle source, which endowed magmas with elevated REEs and other diagnostic components (e.g., F, Ba). Though this metasomatized mantle region existed for the duration of Mountain Pass magmatism, it probably did not predate magmatism by substantial geologic time (>100 m.y.), based on the similarity of 1500 Ma zircons with the dominantly 1800-1600 Ma inherited zircons, as opposed to the 1450-1350 Ma primary zircons. Mountain Pass magmas had diverse crustal inputs from assimilation of Paleoproterozoic and Mesoproterozoic igneous, metaigneous, and metasedimentary rocks. Crustal assimilation is only apparent from high spatial resolution zircon analyses and underscores the need for mineral-scale approaches in understanding the genesis of the Mountain Pass system.  © 2022.",AI-Pass1,Exclude,E3,,,,"Zircon geochronology, no clustering no sensor",
115,"The interaction of occupational stress, mental health, and cytokine levels on sleep in Xinjiang oil workers: A cross-sectional study",2022,Frontiers in Psychiatry,10.3389/fpsyt.2022.924471,Y,drill;borehole,cluster,normaliz,,4,"Background: Sleep occupies one third of a person’s life, and good sleep quality is an important factor to ensure good health. Purpose: This study investigated and analyzed the occupational stress, mental health and sleep quality of oil workers, analyzed the effects of occupational stress and mental health on sleep, and explored the effects of the interaction between occupational stress, mental health and cytokines on sleep. Materials and methods: In this study, stratified cluster random sampling was used to conduct a cross-sectional survey on the occupational stress, mental health and sleep quality of 1,141 oil workers in the Occupational Health Examination Department of Karamay Central Hospital, from June 2019 to January 2020, and 30% of the participants were randomly selected for measurement of their cytokine levels: interleukin 2 (IL-2), interleukin 6 (IL-6), interleukin 8 (IL-8), and tumor necrosis factor α (TNF-α). The objectives were to analyze the effects of occupational stress and mental health on sleep quality, and to explore the effects of occupational stress, mental disorders and cytokine interactions on sleep. Results: There were 646 individuals (56.6%) who suffered from sleep disorders; the incidence of sleep disorders differed according to sex, age, professional title, working years, type of work and shift (P < 0.05). The scores for occupational stress, mental health, and sleep quality were positively correlated (P < 0.05). Multivariate logistic regression analysis showed that age (30–45 years) (OR = 1.753, 95% CI: 1.067–2.881), junior college and above (OR = 1.473, 95% CI: 1.025–2.118), borehole operation (OR = 2.689, 95% CI: 1.508–4.792), extraction of oil (OR = 2.405, 95% CI: 1.229–4.705), drilling (OR = 1.791, 95% CI: 1.017–3.155), shift work (OR = 2.144, 95% CI: 1.615–2.846), occupational stress (OR = 1.007, 95% CI: 1.002–1.013), and mental disorders (OR = 1.020, 95% CI: 1.009–1.032) are risk factors for sleep disorders. In the high occupational stress group and the mental disorders group as the control group, the results showed that the interaction between IL-2 and moderate occupational stress (OR = 0.778, 95% CI: 0.778–0.942), IL-2 and non-mental disorders (OR = 0.398, 95% CI: 0.398–0.468) were protective factors for the occurrence of sleep disorders. The results of structural equation modeling analysis showed that occupational stress and mental health had positive predictive effects on IL-2 level and sleep quality [normalized path coefficients (β) were 0.10\0.06\0.05\0.71, respectively]. Occupational stress had a direct positive predictive effect on mental disorder (β = 0.25), and sleep disorder had a direct negative predictive effect on IL-2 concentration (β = −0.21). Conclusion: Oil workers have serious sleep problems, so effective measures should be taken to reduce occupational stress and relieve mental health problems, and cytokine levels can be used as a predictor of sleep disorders. Copyright © 2022 Li, Xue, Yi and Liu.",AI-Pass1,Exclude,E1,,,,"Oil workers sleep survey, medical no sensor",
144,Training deep learning models with a multi-station approach and static aquifer attributes for groundwater level simulation: what is the best way to leverage regionalised information?,2025,Hydrology and Earth System Sciences,10.5194/hess-29-841-2025,Y,petro,clustering;cluster,feature extraction,,4,"In this study, we use deep learning models with advanced variants of recurrent neural networks, specifically long short-term memory (LSTM), gated recurrent unit (GRU), and bidirectional LSTM (BiLSTM), to simulate large-scale groundwater level (GWL) fluctuations in northern France. We develop multi-station collective training for GWL simulations, using dynamic variables (i.e. climatic) and static basin characteristics. This large-scale approach can incorporate dynamic and static features to cover more reservoir heterogeneities in the study area. Further, we investigated the performance of relevant feature extraction techniques such as clustering and wavelet transform decomposition to simplify network learning using regionalised information. Several modelling performance tests were conducted. Models specifically trained on different types of GWL, clustered based on the spectral properties, performed significantly better than models trained on the whole dataset. Clustering-based modelling reduces complexity in the training data and targets relevant information more efficiently. Applying multi-station models without prior clustering can lead the models to preferentially learn the dominant behaviour, ignoring unique local variations. In this respect, wavelet pre-processing was found to partially compensate for clustering, bringing out common temporal and spectral characteristics shared by all available GWL time series even when these characteristics are ""hidden""(e.g. if their amplitude is too small). When employed along with prior clustering, using wavelet decomposition as a pre-processing technique significantly improves model performances, particularly for GWLs dominated by low-frequency interannual to decadal variations. This study advances our understanding of GWL simulation using deep learning, highlighting the importance of different model training approaches, the potential of wavelet pre-processing, and the value of incorporating static attributes. © 2025 Sivarama Krishna Reddy Chidepudi et al.",AI-Pass1,Include,groundwater level sensors + clustering,,,,GWL time-series spectral clustering aids LSTM,P2-transfer
9,Understanding drivers of oil and gas well integrity issues in the greater wattenberg area of Colorado,2025,International Journal of Greenhouse Gas Control,10.1016/j.ijggc.2024.104296,Y,oil and gas,cluster,robust,,4,"Well integrity is critically important to maintain to minimize the environmental impacts of oil and gas development and other subsurface energy operations. The Wattenberg Field of Colorado—a top producing field with >40,000 wells—has one of the most robust publicly reported well integrity programs in the country. In this study, we analyzed annular pressure and annular-fluid geochemical test results collected from Wattenberg wells through the end of 2019 to characterize the frequency and spatial variability of integrity issues in the field and understand their drivers. Estimated frequencies of integrity issues among tested wells were 8.2-17.1% between 1955 and 2019 and 6.1-11.4% in 2019 alone. The frequency of integrity issues was nearly four times greater in wells located above the Longmont Wrench Fault Zone. Potential drivers of integrity issues were identified using ensemble decision tree models trained with a broad set of relevant information. Models show that well integrity issues are spatially clustered on regional and sub-regional scales and suggest the relatively high frequency of integrity issues observed is associated with geologic factors. These findings are valuable for regulatory agencies and operators responsible for well integrity monitoring, management, and pluggingefforts and may also impact the design of future subsurface energy projects. © 2024",AI-Pass1,Maybe,needs-fulltext,Y,Exclude,E2,DATA:26375 wells SCP tests + 2148 geochem; tabular well records | PRE:KNN imputation; undersampling; feature drop (partial) | CLU: | EV:F1/AUC; no Silhouette/DBI/elbow | Elsevier closed; abstract/OSTI/SSRN only,P1-direct
138,Universal Representations for Well-Logging Data via Ensembling of Self-Supervised Models,2024,Doklady Mathematics,10.1134/S1064562424602257,Y,oil and gas;oilfield,clustering;cluster,missing,,4,"Abstract: Time series representation learning is crucial in applications requiring sophisticated data analysis. In some areas, like the Oil and Gas industry, the problem is particularly challenging due to missing values and anomalous samples caused by sensor failures in highly complex manufacturing environments. Self-supervised learning is one of the most popular solutions for obtaining data representation. However, being either generative or contrastive, these methods suffer from the limited applicability of obtained embeddings, – so general usage is more often declared than achieved. This study introduces and examines various generative self-supervised architectures for complex industrial time series. Moreover, we propose a new way to ensemble several generative approaches, leveraging the best advantages of each method. The suggested procedure is designed to tackle a wide range of scenarios with missing and multiscale data. For numerical experiments, we use various-scale datasets of well logs from diverse oilfields. Evaluation includes change point detection, clustering, and transfer learning, with the last two problems being introduced for the first time. It shows that variational autoencoders excel in clustering, autoregressive models better detect change points, and the proposed ensemble succeeds in both tasks. © The Author(s) 2024.",AI-Pass1,Include,well logs + self-supervised clustering,,,,Oil gas logs self-supervised VAE clustering evaluation,P2-transfer
150,Unsupervised clustering of catalogue-driven features for characterizing temporal evolution of labquake stress,2024,Geophysical Journal International,10.1093/gji/ggae071,Y,geothermal,k-means;clustering;cluster,normaliz;scaling,,4,"Earthquake forecasting poses significant challenges, especially due to the elusive nature of stress states in fault systems. To tackle this problem, we use features derived from seismic catalogues obtained from acoustic emission (AE) signals recorded during triaxial stick-slip experiments on natural fractures in three Westerly granite samples. We extracted 47 physically explainable features from AE data that described spatio-temporal evolution of stress and damage in the vicinity of the fault surface. These features are then subjected to unsupervised clustering using the K-means method, revealing three distinct stages with a proper agreement with the temporal evolution of stress. The recovered stages correspond to the mechanical behaviour of the rock, characterized as initial stable (elastic) deformation, followed by a transitional stage leading to an unstable deformation prior to failure. Notably, AE rate, clustering-localization features, fractal dimension, b-value, interevent time distribution, and correlation integral are identified as significant features for the unsupervised clustering. The systematically evolving stages can provide valuable insights for characterizing preparatory processes preceding earthquake events associated with geothermal activities and waste-water injections. In order to address the upscaling issue, we propose to use the most important features and, in case of normalization challenge, removing non-universal features, such as AE rate. Our findings hold promise for advancing earthquake prediction methodologies based on laboratory experiments and catalogue-driven features. ©C The Author(s) 2024. Published by Oxford University Press on behalf of The Royal Astronomical Society. This is an Open Access.",AI-Pass1,Include,AE catalogue + K-means clustering,,,,Labquake AE features K-means geothermal relevant,P2-transfer
154,Unsupervised learning from three-component accelerometer data to monitor the spatiotemporal evolution of meso-scale hydraulic fractures,2022,International Journal of Rock Mechanics and Mining Sciences,10.1016/j.ijrmms.2022.105046,Y,geothermal,clustering;cluster,feature engineering,,4,"Enhanced geothermal systems can provide a substantial share of the global energy demand. There exist several hurdles in the engineering implementations of such geothermal systems. One such hurdle is the accurate monitoring of the fracture networks created in subsurface through hydraulic stimulation of these systems. Micro seismicity associated with the stimulation is the primary means to locate the event hypocenters for estimating the stimulated rock volume. Existing methods for location the hypocenters are restricted to only the highest amplitude impulsive signals that are simultaneously detected on several sensors. Consequently, a large portion (usually ∼99%) of the measurements are left unused. In this paper, an unsupervised manifold-approximation followed by clustering of 3-component accelerometer data is used to analyze the seismicity recorded on a monitoring well. With this method, a larger portion of the measured signal is used for the monitoring of the hydraulic fracture network. We analyze the EGS Collab experiment 1 microseismic data, recorded at the Sanford Underground Research Facility, South Dakota. Using the data from a single three-component accelerometer, the polarization features viz. Azimuth, incidence, rectilinearity, and planarity are used as inputs for the unsupervised manifold approximation followed by clustering. Our study shows that density-based clusters in the projected 3D space correspond to distinct types of hydraulically fractured zones around the injection point. We show that the temporal evolution of these clusters can be used to track fracture creation and propagation. © 2022 Elsevier Ltd",AI-Pass1,Include,EGS accelerometer + density clustering,,,,Single accelerometer manifold density fracture monitoring,P2-transfer
29,"Vegetation dynamics in a disturbed lacustrine record: The Eocene maar lake of Groß-Zimmern (Hesse, SW Germany)",2023,Palaeobiodiversity and Palaeoenvironments,10.1007/s12549-022-00543-1,Y,drill,cluster,scaling,,4,"Palynological studies of lacustrine sediments in Eocene maar craters on the Sprendlinger Horst (Hesse, SW Germany) are complemented by 26 core samples from Groß-Zimmern. In addition, diatoms have been studied to assess palaeolimnological conditions. The palynomorph assemblage proves a middle Eocene age more or less coeval to the upper part of the nearby lacustrine succession at Messel. The core includes 33 m of massive to finely laminated bituminous shale abruptly following the underlying breccia of the diatreme filling. The lacustrine deposits are characterised by frequent mass movements and redeposition probably due to tectonic activity in combination with syn- and postsedimentary subsidence in the lake basin. Together with a diatom assemblage characteristic for shallow to moderately deep water, this indicates that the core was drilled in the area of a marginal syncline rather than in the centre of the basin. Freshwater conditions with low nutrient levels were inferred for Lake Groß-Zimmern from diatoms and coccal green algae. Despite the strong disturbance of the sedimentary record, results of cluster analysis and non-metric multidimensional scaling (NMDS) of the palynomorph assemblages can be compared to the undisturbed succession from Messel. This includes successional stages of the azonal vegetation in the crater area during an initial and early recolonisation phase as well as in the zonal vegetation, which are related to the reoccupation of the crater area by a thermophilic forest. Furthermore, slight changes of the climate can be inferred. © 2022, The Author(s).",AI-Pass1,Exclude,E2,,,,"Palynomorph core assemblages static, not sensor",
145,A Consistent High-Resolution Catalog of Induced Seismicity in Basel Based on Matched Filter Detection and Tailored Post-Processing,2019,Journal of Geophysical Research: Solid Earth,10.1029/2019JB017468,N-OLD,geothermal,clustering;cluster,scaling,,3,"Seismic monitoring of the Basel Enhanced Geothermal System has been running for more than a decade. Yet the details of the long-term behavior of its induced seismicity remained unexplored because a seismic event catalog with consistent detection sensitivity and magnitudes did not exist. This knowledge is essential for developing guidelines and mitigation procedures on how to safely operate and terminate injection activities. Only few observational data exist that cover all phases of such projects in a consistent manner. Here we describe a method that overcomes these deficiencies based on sensitive matched filter detection and a machine learning approach to remove false detections. With an emphasis on consistency, we create a catalog that contains more than 280,000 events down to Mw−1.5. The much higher temporal resolution allows us to analyze induced microearthquakes in great detail and to gain new insights. We resolved temporal variations of seismicity parameters and, in the post-operational phase, a preferential temporal clustering of events. We find a breakdown in the Gutenberg-Richter scaling during reservoir stimulation, which may have physical reasons or could be caused by a method-independent detection limit during high event rates. The scaling breakdown has implications for the design of Adaptive Traffic Light Systems and may limit the potential of real-time mitigation strategies in future Enhanced Geothermal System projects. Nevertheless, our catalog gives the opportunity to study the temporal evolution of the sequence in unprecedented detail, which will help to better understand the physical processes in a geothermal reservoir, potentially not only in the Basel case. ©2019. American Geophysical Union. All Rights Reserved.",AI-Pass1,Exclude,Older-than-2021,,,,,
30,A Deep Learning Based Data Recovery Approach for Missing and Erroneous Data of IoT Nodes,2023,Sensors,10.3390/s23010170,Y,,clustering;cluster,missing,,3,"Internet of things (IoT) nodes are deployed in large-scale automated monitoring applications to capture the massive amount of data from various locations in a time-series manner. The captured data are affected due to several factors such as device malfunctioning, unstable communication, environmental factors, synchronization problem, and unreliable nodes, which results in data inconsistency. Data recovery approaches are one of the best solutions to reduce data inconsistency. This research provides a missing data recovery approach based on spatial-temporal (ST) correlation between the IoT nodes in the network. The proposed approach has a clustering phase (CL) and a data recovery (DR) phase. In the CL phase, the nodes can be clustered based on their spatial and temporal relationship, and common neighbors are extracted. In the DR phase, missing data can be recovered with the help of neighbor nodes using the ST-hierarchical long short-term memory (ST-HLSTM) algorithm. The proposed algorithm has been verified on real-world IoT-based hydraulic test rig data sets which are gathered from things speak real-time cloud platform. The algorithm shows approximately 98.5% reliability as compared with the other existing algorithms due to its spatial-temporal features based on deep neural network architecture. © 2022 by the authors.",AI-Pass1,Include,domain+method,,,,IoT hydraulic rig time-series; clustering plus ST-LSTM recovery,P2-transfer
73,A Physically Constrained KPP–Rate-and-State Reaction–Diffusion Framework for Stable Large-Scale Modeling of Stress Evolution,2026,Electronics (Switzerland),10.3390/electronics15051131,Y,petro,,robust,,3,"The emergence of large-scale models and machine learning has transformed the modeling of complex nonlinear systems, such as postseismic stress evolution. However, purely data-driven approaches often lack interpretability and numerical stability, leading to physically inconsistent long-term predictions. This study addresses these limitations by introducing a coupled Kolmogorov–Petrovsky–Piskunov–Rate-and-State (KPP–RS) reaction–diffusion system as a rigorous physical prior for large-scale modeling of stress-driven dynamics. Using analytic semigroup theory and Banach’s fixed-point theorem, we establish the global existence and uniqueness of solutions, ensuring that the governing dynamics are mathematically well posed—a necessary prerequisite for stable learning-based frameworks. We further prove the global dissipativity of the system and identify a bounded absorbing set in the H1 phase space, which imposes intrinsic physical constraints and limits unphysical parameter exploration in large-scale optimization or black-box modeling. In addition, a Courant–Friedrichs–Lewy (CFL) stability condition is derived, providing a theoretical benchmark for time-step selection in numerical implementations, including physics-informed or hybrid neural architectures. This analytical framework supplies a mathematically controlled foundation for developing robust, interpretable, and stable pattern-recognition or time-series representations in complex geophysical systems. © 2026 by the author.",AI-Pass1,Exclude,E3,,,,"Theoretical PDE framework; no clustering, no sensor data",
55,A global record of annual urban dynamics (1992–2013) from nighttime lights,2018,Remote Sensing of Environment,10.1016/j.rse.2018.10.015,N-OLD,petro,cluster,robust,,3,"The nighttime light (NTL) observations from Defense Meteorological Satellite Program/Operational Linescane System (DMSP/OLS) offer great potentials to study urban dynamics from regional to global scales, for more than two decades. In this paper, we presented a new approach to develop spatially and temporally consistent global urban maps from 1992 to 2013, using the DMSP/OLS NTL observations. First, potential urban clusters were delineated using the NTL data and a segmentation method. Then, a quantile-based approach was used to remove rural and suburban areas sequentially in the potential urban clusters. Finally, the derived series of urban extents in the entire study period (1992–2013) were improved for temporal consistency. We found the percentage of global urban areas relative to the world's land surface area increased from 0.23% in 1992 to 0.53% in 2013. Asia is the continent with the most significant urban growth, worldwide. The time series of global urban maps were evaluated for the spatial agreement and temporal consistency using a variety of widely used independent land-cover products. This evaluation indicates that the proposed approach is robust and performs well in deriving global urban dynamics across different spatial scales, i.e., cluster, province (or state), country, and region. Moreover, this quantile-based approach is advantageous, compared with other methods used in previous studies, because it does not require additional data for enhancement or calibration. The new time series of urban maps from this study offer a new dataset for studying global urbanization during the past decades and unique information to explore potential future trajectories of urban development, which appears to be distinct for different nations/regions, globally. Such information is pre-requisite for achieving the sustainable development goals, and associated targets, during ensuing decades. © 2018 Elsevier Inc.",AI-Pass1,Exclude,Older-than-2021,,,,,
146,A new approach to a hydrochemical study of groundwater flow,1997,Journal of Hydrology,10.1016/S0022-1694(96)03218-0,N-OLD,borehole,cluster,normaliz,,3,"A statistical approach based on a multivariate correlation of various hydrochemical parameters has been developed for the interpretation of groundwater flow lines of the Vasilikon basin in the southern part of the central area of Euboea island in Greece. Water samples, mainly from wells but also from boreholes, were collected and analysed for 44 hydrochemical parameters, from which the conductivity, dissolved O2, Ca, Mg, chloride, acid-consuming capacity, base-consuming capacity, Si. Fe and As were selected for the evaluation. After normalization of each parameter by z-transformation-to equalize the influence of parameters with small and large variations-a classification of the sampling stations was obtained by cluster analysis. By the use of the same z transformed data the degree of similarity of element-concentration (z-transformed) profiles between the central sampling points and the surrounding sampling points was investigated. The resulting radially distributed correlation vectors were reduced to the main axis of an ellipse, so that flow lines or trend of groundwater movements became visible. The results of this method were also compared with hydrogeological observations of the Vasilikon basin.",AI-Pass1,Exclude,Older-than-2021,,,,,
71,A one-class peeling method for multivariate outlier detection with applications in phase I SPC,2020,Quality and Reliability Engineering International,10.1002/qre.2629,N-OLD,petro,clustering;cluster,outlier;robust,,3,"In phase I of statistical process control (SPC), control charts are often used as outlier detection methods to assess process stability. Many of these methods require estimation of the covariance matrix, are computationally infeasible, or have not been studied when the dimension of the data, (Formula presented.), is large. We propose the one-class peeling (OCP) method, a flexible framework that combines statistical and machine learning methods to detect multiple outliers in multivariate data. The OCP method can be applied to phase I of SPC, does not require covariance estimation, and is well suited to high-dimensional data sets with a high percentage of outliers. Our empirical evaluation suggests that the OCP method performs well in high dimensions and is computationally more efficient and robust than existing methodologies. We motivate and illustrate the use of the OCP method in a phase I SPC application on a (Formula presented.), (Formula presented.) dimensional data set containing Wikipedia search results for National Football League (NFL) players, teams, coaches, and managers. The example data set and R functions, OCP.R and OCPLimit.R, to compute the respective OCP distances and thresholds are available in the supplementary materials. © 2020 The Authors. Quality and Reliability Engineering International published by John Wiley & Sons Ltd.",AI-Pass1,Exclude,Older-than-2021,,,,,
110,A semblance-based microseismic event detector for DAS data,2024,Geophysical Journal International,10.1093/gji/ggae016,Y,geothermal,clustering;cluster,,,3,"Distributed acoustic sensing (DAS) is becoming increasingly popular in microseismic monitoring operations. This data acquisition technology converts fibre-optic cables into dense arrays of seismic sensors that can sample the seismic wavefield produced by active or passive sources with a high spatial density, over distances ranging from a few hundred metres to tens of kilometres. However, standard microseismic data analysis procedures have several limitations when dealing with the high spatial (intersensor spacing up to submetre scale) sampling rates of DAS systems. Here, we propose a semblance-based seismic event detection method that fully exploits the high spatial sampling of the DAS data. The detector identifies seismic events by computing waveform coherence of the seismic wavefield along geometrical hyperbolic trajectories for different curvatures and positions of the vertex, which are completely independent from external information (i.e. velocity models). The method detects a seismic event when the coherence values overcome a given threshold and satisfies our clustering criteria. We first validate our method on synthetic data and then apply it to real data from the FORGE geothermal experiment in Utah, USA. Our method detects about two times the number of events obtained with a standard method when applied to 24 hr of data. © The Author(s) 2024.",AI-Pass1,Include,domain+method,,,,FORGE Utah DAS seismic sensors; coherence event detection with clustering,P2-transfer
169,A two-step machine learning approach for predictive maintenance and anomaly detection in environmental sensor systems,2025,MethodsX,10.1016/j.mex.2025.103181,Y,petro,,outlier;robust,,3,"Environmental sensor systems are essential for monitoring infrastructure and environmental quality but are prone to unreliability caused by sensor faults and environmental anomalies. Using Environmental Sensor Telemetry Data, this study introduces a novel methodology that combines unsupervised and supervised machine learning approaches to detect anomalies and predict sensor failures. The dataset consisted of sensor readings such as temperature, humidity, CO, LPG, and smoke, with no class labels available. This research is novel in seamlessly blending unsupervised anomaly detection using Isolation Forest to create labels for data points that were previously unlabeled. Finally, these generated labels were used to train the supervised learning models such as Random Forest, Neural Network (MLP Classifier), and AdaBoost to predict anomalies in new sensor data as soon as it gets recorded. The models confirmed the proposed framework's accuracy, whereas Random Forest 99.93 %, Neural Network 99.05 %, and AdaBoost 98.04 % validated the effectiveness of the suggested framework. Such an approach addresses a critical gap, transforming raw, unlabeled IoT sensor data into actionable insights for predictive maintenance. This methodology provides a scalable and robust real-time anomaly detection and sensor fault prediction methodology that greatly enhances the reliability of the environmental monitoring systems and advances the intelligent infrastructure management. • Combines Isolation Forest for anomaly labeling and supervised models for anomaly prediction. • Scalable and adaptable for diverse IoT applications for environmental monitoring. • Provides actionable insights through anomaly visualization, revealing patterns in sensor performance. © 2025 The Author(s)",AI-Pass1,Include,domain+method,,,,Environmental sensor telemetry; Isolation Forest unsupervised anomaly labeling,P2-transfer
8,AI-Supported Process Monitoring in Machining In-Process Quality Assurance of Inhomogeneous Materials Using Feature-Based Machine Learning Methods; [KI-gestützte Prozessüberwachung in der spanenden Fertigung - In-Prozess-Qualitäts-sicherung von inhomogenen Materialien mittels merkmalsbasierter Machine-Learning-Methoden],2025,ZWF Zeitschrift fuer Wirtschaftlichen Fabrikbetrieb,10.1515/zwf-2024-0136,Y,drill;borehole,,feature extraction,,3,"In this study, AI-supported anomaly detection methods in the milling of inhomogeneous sample materials are investigated. To simplify data generation, targeted boreholes were introduced into homogeneous material samples. Process data were collected by means of acceleration measurements on both the workpiece and tool sides and force measurements on the tool side. Implementing targeted feature extraction and applying feature-based machine learning algorithms achieved precise material classification and reliable differentiation between drilled and undrilled samples for process monitoring. © 2025 André Jaquemod, Max Reuter, Marijana Palalić, Kamil Güzel and Hans-Christian Möhring, publiziert von De Gruyter.",AI-Pass1,Include,domain+method,,,,Milling acceleration/force sensors; anomaly detection and classification,P2-transfer
120,ALSTMResNet: Active-Learning-Enhanced LSTMResNet as an Efficiency-Oriented Training Framework for Well Anomaly Monitoring Under Partial Labels,2026,Processes,10.3390/pr14152381,Y,oil and gas,,normaliz;sliding window;standardiz,,3,"Oil-well anomaly monitoring supports safe and efficient oil-and-gas production, but delayed recognition of abnormal operating states can reduce lifting efficiency, trigger costly interventions, and increase operational risk. Existing data-driven detectors are also vulnerable to optimistic estimates when segmentation, normalization, and train–test splitting leak information across source files. This study presents ALSTMResNet, an application-oriented active-learning workflow built on an LSTMResNet backbone for one-step-ahead anomaly screening under partial labels. The workflow converts real 3W well records into leakage-aware file-wise splits, train-only standardized sliding windows, and a fixed 15-channel representation that combines process measurements with temporal covariates; active learning is used only during training to select additional labels while leaving the deployed backbone unchanged. Experiments on the retained benchmark split obtain an (Formula presented.) -score of 0.9354, and five repeated file-wise trials give an average (Formula presented.) -score of (Formula presented.) while reducing retraining time relative to the full-data backbone. Label-budget and acquisition-policy analyses show that the workflow remains competitive under constrained labels, although uncertainty, entropy, margin, least-confidence, and random querying have limited separation in the present binary setting. These results indicate that ALSTMResNet can support cost-aware oil-well anomaly monitoring when labels are partially available and retraining resources are constrained. © 2026 by the authors.",AI-Pass1,Maybe,needs-fulltext,,,,"Oil-well anomaly monitoring; supervised LSTM, clustering unclear",P2-transfer
172,"Acrylamide mitigation and 2,4-decadienal elimination in potato-crisps using L-proline accompanied by modified processing conditions",2023,Journal of Food Science and Technology,10.1007/s13197-021-05328-6,Y,petro,cluster,,,3,"Presence of toxic compounds such as acrylamide and 2,4-decadienal in fried products are dependent on frying temperature and time and the frying oil. Combination treatments such as aqueous pre-treatments of potato slices prior to frying; addition of L-proline to pre-treated samples; moisture reduction of samples pre-frying, replacement of refined soybean oil by deodorized-virgin-coconut oil (DVCO) as frying medium; and modification of frying time–temperature regime, were implemented to mitigate acrylamide and 2,4-decadienal in fried potato-crips, concomitantly enhancing their organoleptic quality. Based on similarity values of % acrylamide mitigation, experimental conditions were classified into four main clusters and the optimized conditions of the combination treatments obtained by central composite rotatable design were: blanching at 70 °C for 20 min; addition of 2% L-proline to pre-treated potato slices; and deep-frying in DVCO under modified frying conditions (140 °C, 5 min) successfully alleviated acrylamide (~ 99%) (confirmed by HR-MS and quantified by RP-HPLC) and 2,4-decadienal (quantified by RP-HPLC) in the fried potato-crisps, improving them sensorically. High Pearson’s correlation co-efficient (r = 0.9955) was obtained between sensory scores and texture profile analyses data of the fried crisps. This mitigation strategy can be successfully extrapolated to industrial-scale frying for enhanced safety and sensory appeal of fried products. © 2021, Association of Food Scientists & Technologists (India).",AI-Pass1,Exclude,E1,,,,"Food chemistry frying study; no sensors, no clustering",
27,An Interactive Web-Based Dashboard to Examine Trending Topics: Application to Financial Journals,2023,Journal of Information and Knowledge Management,10.1142/S0219649223500405,Y,drill,clustering;cluster,,,3,"Understanding trends is helpful to identify future behaviours in the field, and the roles of people, places, and institutions in setting those trends. Although traditional clustering strategies can group articles into topics, these techniques do not focus on topics over limited timescales; additionally, even when articles are grouped, the generated results are extensive and difficult to navigate. To address these concerns, we create an interactive dashboard that helps an expert in the field to better understand and quantify trends in their area of research. Trend detection is performed using the time-biased document clustering method. The developed and freely available web application enables users to detect well-defined trending topics by experimenting with various levels of temporal bias - from detecting short-timescale trends to allowing those trends to spread over longer times. Experts can readily drill down into the identified topics to understand their meaning through keywords, example articles, and time range. Overall, the interactive dashboard will allow experts in the field to sift through the vast literature to identify the concepts, people, places, and institutions most critical to the field.  © 2023 World Scientific Publishing Co.",AI-Pass1,Exclude,E1,,,,"Financial journal text dashboard; off-topic, no sensors",
173,"Analysis method and indicator optimization of astronomical cycles in lacustrine fine-grained sedimentary strata-a case study of the Es4scs in well niuye 1, Dongying Sag, Jiyang Depression, Bohai Bay Basin",2026,Geomechanics and Geophysics for Geo-Energy and Geo-Resources,10.1007/s40948-026-01154-2,Y,petro;oil and gas,clustering;cluster,,,3,"Cyclostratigraphic division in fine-grained sedimentary strata provides a fundamental basis for oil and gas exploration in such deposits. With continued research, increasing complexity and variability in cyclostratigraphic indicators and analytical methods have led to growing divergence and controversy in interpretations. To optimize cyclostratigraphic analysis approaches and identify suitable sedimentary sequence proxy indicators, this study focuses on lacustrine shale of the upper sub-member of the 4th member of the Paleogene Shahejie Formation (Es4scs) in Well Niuye 1, Dongying Sag, Jiyang Depression, Bohai Bay Basin. Multi-source datasets, including geophysical logs, geochemical elements, environmental magnetic parameters, and core grayscale records, were integrated and analyzed using two time-series analysis methods, TSAM1 and TSAM2. Results show that TSAM2 performs better in cyclostratigraphic identification for most datasets, including natural gamma ray, acoustic logging, elemental concentrations, magnetic susceptibility, and core grayscale. Core grayscale data further enable recognition of cycles shorter than the precession scale. Comprehensive comparison indicates that natural gamma ray logging represents the most effective sedimentary sequence proxy indicator, while TSAM1 is identified as the most suitable time-series analysis method. Based on this framework, complete Milankovitch cycles were identified within the study interval, including 5 long eccentricity cycles of 405 kyr, 22 short eccentricity cycles of 95.24kyr, 48 obliquity cycles of 39.76kyr, 53 obliquity cycles of 38.54kyr, 87 precession cycles of 23.28kyr, 98 precession cycles of 22kyr, and 107 precession cycles of 18.82kyr. Total depositional duration is estimated at approximately 2.038 Ma, with an average sedimentation rate of about 0.074 m/kyr. These results provide methodological support for high-precision cyclostratigraphic division and construction of astronomical timescales in continental fine-grained sedimentary strata, contributing to advancement of fine-grained sedimentary cyclostratigraphy. © The Author(s) 2026.",AI-Pass1,Maybe,needs-fulltext,,,,Well-log time-series cyclostratigraphy; clustering method unclear,P2-transfer
74,Anomaly Detection in Borehole Strain Data with CNN and Frequency-Aware VAE,2025,Journal of Advanced Computational Intelligence and Intelligent Informatics,10.20965/jaciii.2025.p1390,Y,borehole,,denois,,3,"Earthquakes pose significant threats to human life and property, often triggering secondary disasters such as landslides, mudslides, and collapses. Although earthquake prediction remains a challenging global scientific problem, the study of seismic precursors plays a critical role. Earthquakes occur due to the instability and fracturing of underground rock layers when concentrated stress exceeds their strength limit. Borehole strainmeters provide direct observations of crustal strain, making pre-earthquake strain anomaly detection essential for precursor studies. In recent decades, variational autoencoders (VAEs) have been widely adopted for anomaly detection due to their powerful denoising capabilities. However, traditional VAE-based methods face difficulties in capturing both long-term heterogeneous patterns and fine-grained short-term trends simultaneously. To address this, we propose a new approach combining convolutional neural networks (CNN) with frequency-aware conditional VAE frameworks. The CNN extracts spatial dependencies among strain observation components, while frequency analysis improves temporal feature capture. By incorporating a target attention mechanism, our model selects the most relevant frequency-domain information to enhance reconstruction of both long-term and shortterm trends. Experimental results on borehole strain data show that our model outperforms state-of-the-art methods. These findings confirm the practical value of our approach in overcoming current VAE-based detection limitations and emphasize the importance of integrating spatial and frequency representations in seismic precursor studies. © Fuji Technology Press Ltd. This is an Open Access article distributed under the terms of the Creative Commons Attribution-NoDerivatives 4.0 International License (https://creativecommons.org/licenses/by-nd/4.0/)",AI-Pass1,Include,domain+method,Y,Include,slot-method,DATA:Borehole strain time-series; 6 components (S1-S4/S13/S24) | PRE:z-normalization; linear interpolation; sliding-window FFT; augmentation | CLU: | EV:reconstruction error vs SOTA; none of Silhouette/DBI/elbow | J-STAGE abstract + PDF snippets; DOI 429,P1-direct
33,Anomaly detection in log-event sequences: A federated deep learning approach and open challenges,2024,Machine Learning with Applications,10.1016/j.mlwa.2024.100554,Y,petro,,preprocess,,3,"Anomaly Detection (AD) is an important area to reliably detect malicious behavior and attacks on computer systems. Log data is a rich source of information about systems and thus provides a suitable input for AD. With the sheer amount of log data available today, for years Machine Learning (ML) and more recently Deep Learning (DL) have been applied to create models for AD. Especially when processing complex log data, DL has shown some promising results in recent research to spot anomalies. It is necessary to group these log lines into log-event sequences, to detect anomalous patterns that span over multiple log lines. This work uses a centralized approach using a Long Short-Term Memory (LSTM) model for AD as its basis which is one of the most important approaches to represent long-range temporal dependencies in log-event sequences of arbitrary length. Therefore, we use past information to predict whether future events are normal or anomalous. For the LSTM model we adapt a state of the art open source implementation called LogDeep. For the evaluation, we use a Hadoop Distributed File System (HDFS) data set, which is well studied in current research. In this paper we show that without padding, which is a commonly used preprocessing step that strongly influences the AD process and artificially improves detection results and thus accuracy in lab testing, it is not possible to achieve the same high quality of results shown in literature. With the large quantity of log data, issues arise with the transfer of log data to a central entity where model computation can be done. Federated Learning (FL) tries to overcome this problem, by learning local models simultaneously on edge devices and overcome biases due to a lack of heterogeneity in training data through exchange of model parameters and finally arrive at a converging global model. Processing log data locally takes privacy and legal concerns into account, which could improve coordination and collaboration between researchers, cyber security companies, etc., in the future. Currently, there are only few scientific publications on log-based AD which use FL. Implementing FL gives the advantage of converging models even if the log data are heterogeneously distributed among participants as our results show. Furthermore, by varying individual LSTM model parameters, the results can be greatly improved. Further scientific research will be necessary to optimize FL approaches. © 2024 The Authors",AI-Pass1,Exclude,E2,,,,"HDFS computer log sequences; text data, not sensors",
57,Anomaly detection with domain specific shapelet learning for sucker rod pump system,2025,Scientific Reports,10.1038/s41598-025-11945-4,Y,petro,,feature extraction;outlier;robust,,3,"Ensuring the reliable operation of Sucker Rod Pump Systems (SRPS) is of paramount importance in the petroleum industry, demanding effective methods for the early detection of slow-developing secondary faults. The conventional methodology focuses on multi-fault classification and feature extraction based on the mechanistic model, which highly depends on the labelled dateset and sufficient mechanistic information. This paper proposes an unsupervised end-to-end learning algorithm designed for SRPS anomaly detection, denoted Anomaly Detection with Domain-specific Shapelet Learning algorithm (AD-DSL). The AD-DSL utilizes a mechanistic information matrix and introduces a sparsity-promoting objective function, enabling Shapelet-based features to learn from motor power time-series data interpretably. With a dynamic threshold and defined anomaly scores, AD-DSL monitors the variation trend of the SRPS for anomaly detection. The proposed method provides early warnings of potential issues for decision-makers. The robustness and effectiveness of the proposed method are demonstrated through quantitative comparison with baseline methods, where AD-DSL outperforms in accuracy and delivers competitive F1 scores. © The Author(s) 2025.",AI-Pass1,Include,domain+method,Y,Include,slot-domain,"DATA:single-well motor power 250pts per stroke, 35 train/116 test | PRE:shapelet feature extraction; L2 similarity; ADMM sparsity | CLU:AD-DSL one-class shapelet plus classifier | EV:accuracy/F1 vs baselines; runtime comparison | Nature full HTML verified",P1-direct
170,Assessment and outlook of large-scale underground hydrogen storage in Western Australia,2026,Tunnelling and Underground Space Technology,10.1016/j.tust.2026.107824,Y,petro,cluster,,,3,"Achieving deep decarbonization in Western Australia (WA) requires not only low-cost renewable hydrogen production but also high-capacity storage to buffer weather variability and shipping logistics. While underground hydrogen storage (UHS) is recognized globally, existing reviews lack a quantitative, region-specific framework integrating WA's unique geology, infrastructure constraints, and export-oriented duty cycles. This study critically evaluates three UHS archetypes—depleted gas reservoirs (DGR), salt caverns (SC), and lined rock caverns (LRC)—by coupling international operational data with WA-specific techno-economic models. Unlike prior generic assessments, this work quantifies the levelized cost of hydrogen storage (LCOHS) adjusted for Australian labor and material markets, revealing that while DGR offers the lowest capital expenditure, LRC becomes cost-competitive at high cycling frequencies (>5 cycles/year) typical of export hubs. A novel, region-differentiated deployment strategy is proposed: (1) port-proximate LRC clusters for the South Coast to match high-frequency shipping cadences; (2) a two-tier system coupling near-port LRC with inland SC in the Canning Basin for the Pilbara; and (3) DGR as the primary baseload for the Mid-West, complemented by small-scale LRC for peak shaving. Furthermore, we identify critical gaps in materials compatibility, microbial geochemistry, and regulatory standards specific to WA's sedimentary basins. By synthesizing geological suitability with economic viability, this review provides an actionable roadmap for selecting optimal storage technologies across WA's diverse hydrogen hubs, transitioning UHS from a theoretical option to a bankable component of the export supply chain. © 2026",AI-Pass1,Exclude,E3,,,,Hydrogen storage techno-economic review; no clustering or sensors,
1,Assessment of groundwater quality and exposure risks in a rural mining district of Ghana using multivariate and probabilistic approaches,2025,Discover Geoscience,10.1007/s44288-025-00355-8,Y,borehole,cluster,,,3,"This study investigates the hydrogeochemical characteristics and human health risks associated with groundwater in Artisanal and Small-Scale Gold Mining (ASGM) zones within the Talensi District of northern Ghana. A total of 35 borehole samples were analysed for physicochemical parameters and potentially toxic elements (PTEs), with groundwater quality evaluated using the Weighted Average Water Quality Index (WAWQI) and Heavy Metal Evaluation Index (HEI). Multivariate statistical techniques, including Principal Component Analysis (PCA) and Self-Organizing Maps (SOM), were employed to delineate underlying geochemical processes and apportion pollution sources. Additionally, deterministic and probabilistic Human Health Risk Assessments (HHRA) were conducted for both adults and children through ingestion and dermal exposure pathways. Results indicate that groundwater across the district is generally suitable for drinking, with 100% of samples falling within ‘excellent’ to ‘good’ WAWQI categories (16.11–34.62; mean = 25.51; SD = 5.41) and HEI values (1.70–7.51; mean = 4.65; SD = 1.36) signifying low pollution levels. However, spatial heterogeneity was observed, with localized enrichment of As, Hg, and Cu linked to ASGM activities. PCA and SOM revealed distinct geochemical clusters dominated by anthropogenic inputs (As, Hg, Cu) and geogenic signatures (Ni, Zn, Pb). HHRA indicated no significant risk for adults (HI < 1; mean = 0.23), but some risk for children in isolated locations (HI > 1; mean = 0.84). The findings underscore a dual geogenic–anthropogenic influence on groundwater chemistry in Talensi and point to the need for targeted water quality monitoring and pollution control in mining-impacted zones. © The Author(s) 2025.",AI-Pass1,Exclude,E2,,,,Static groundwater samples; SOM present but not sensor series,
122,"Assessment of physico-chemical water parameters and health risk characterization in the mining areas of Siguiri, Guinea",2026,Discover public health,10.1186/s12982-026-01400-8,Y,borehole,cluster,,,3,"Introduction: Artisanal and small-scale gold mining (ASGM) represents a crucial socio-economic activity in many low- and middle-income countries yet poses significant environmental and public health threats due to unregulated practices. This study assessed water contamination and associated health risks in the ASGM areas of Siguiri, Guinea. Methods: We collected 36 water samples (12 boreholes, 24 river points) from three major mining sites during dry (April) and rainy (August) seasons. Samples were analyzed for eight heavy metals (mercury, lead, aluminium, cadmium, nickel, manganese, copper, iron) using UV-visible spectrophotometry. Health risk assessment followed USEPA methodology, including hazard identification, exposure, toxicity assessment, and risk characterization. We computed hazard indices and carcinogenic risk for adults and children. Multivariate statistical analyses identified contamination patterns and vulnerable populations. Results: Heavy metal concentrations exceeded WHO guidelines, particularly during rains. River water showed higher contamination than borehole water, Nickel and manganese exceeded limits by 10-20 fold, while mercury and lead surpassed limits by >50-fold at some sites. Water hazard index peaked at 56.3. Non-carcinogenic ingestion risks for children reached alarming values of 476 (dry season) and 409 (rainy season) far exceeding the acceptable risk threshold of 1. Dermal exposure posed negligible risks compared to ingestion (HIderm < 0.01). Carcinogenic risks exceeded EPA thresholds (>10⁻4) for nickel, lead, and cadmium, with children being 4-10 times more vulnerable than adults. Multivariate analysis identified three contamination clusters: ""Low Toxicity (Dry Season),"" ""Moderate Toxicity (Rainy Season),"" and ""High Toxicity (Oudoula)."" Conclusion: Our findings demonstrate significant health risks, particularly for children, necessitating urgent interventions. We recommend installation of low-cost water treatment systems, buffer zones around mining sites, tailings containment structures and phytoremediation using local metal-accumulating plants. These measures align with SDGs 3, 6, and 12, supporting Guinea's national development agenda while protecting vulnerable communities from mining-related health hazards. © The Author(s) 2026.",AI-Pass1,Exclude,E2,,,,Static water samples; clusters but not sensor time-series,
17,Automatic calibration of wellbore pressure wave velocity using perforation-induced shock waves,2026,Scientific Reports,10.1038/s41598-026-45490-5,Y,wellbore,cluster,,,3,"Conventional wellbore wave velocity estimation mainly relies on water hammer oscillation signals. These signals have a limited frequency range and long oscillation periods. Under complex wellbore conditions, they are easily affected by noise and changes in boundary conditions, which limits the accuracy and stability of wave velocity characterization. To address this limitation, this study focuses on staged hydraulic fracturing in horizontal wells and proposes an automatic method for calibrating wellbore pressure wave velocity using impact pressure waves generated during perforation operations. The impact pressure waves produced during perforation have high frequencies, short pulse durations, concentrated energy, and clear propagation paths. These characteristics provide a signal source with strong physical advantages for detailed wellbore wave velocity characterization. Based on these properties, this study introduces a peak to peak detection approach. This approach shifts wellbore pressure wave velocity calibration from a dependence on overall oscillation features to a physical description based on transient echo time scales. A complete automatic calibration workflow is therefore established. Numerical simulation results show that, for synthetic pressure waves generated by a convolution model, the extracted time intervals between adjacent waves agree well with theoretical values. For individual perforation clusters, the mean absolute error ranges from 1.6 to 1.8 ms, and the root mean square error does not exceed 2.4 ms, indicating millisecond level time extraction accuracy. In addition, simulations based on a water hammer model show that the relative errors of pressure wave peak amplitudes are all below 0.2%. This result confirms the high accuracy of the proposed method from both the time and amplitude perspectives. Field applications indicate that the average wave velocities calculated for individual perforation clusters are mainly concentrated between 1530 and 1555 m/s. The coefficients of variation within clusters are generally below 5%, and the differences in average wave velocity between different stages are less than ± 15 m/s. These results demonstrate good overall consistency and stability. Further statistical analysis shows that the wave velocity distribution at the perforation cluster scale exhibits stable multimodal characteristics. This behavior reflects the possible existence of multiple propagation paths for perforation induced shock waves within the wellbore. The results demonstrate that the proposed method can achieve stable identification of perforation reflected waves and reliable wave velocity calibration under complex wellbore conditions. It provides an effective approach for the quantitative analysis of wellbore acoustic characteristics. © The Author(s) 2026.",AI-Pass1,Maybe,needs-fulltext,Y,Exclude,E3,"DATA:wellhead perforation pressure transient signals | PRE:detrending, Savitzky-Golay, Butterworth 0.5-40Hz | CLU: | EV:MAE 1.6-1.8ms RMSE<2.4ms; no clustering metrics | Physics-only calibration; full text verified, no clustering relevance",P1-direct
22,"Characterization and Numerical Modeling of Shallow Marine Turbidite Depositional Systems: A Case Study from the Second Member of the Yinggehai Formation, X Gas Field, Yinggehai Basin",2025,Journal of Marine Science and Engineering,10.3390/jmse13061107,Y,drill,cluster,,,3,"Objective: The research on turbid current deposition in shallow Marine shelf environments is relatively weak. Method: Based on three-dimensional seismic, drilling and logging data, etc., the spatio-temporal characterization of the shallow sea turbidity current sedimentary system was carried out by using seismic geomorphology and sedimentary numerical simulation techniques. Results and Conclusions: (1) A set of standards for identifying sedimentary units in the X Gas Field was established, identifying four sedimentary units: channel, mound body, channel-side accumulation body, and shelf mud; (2) The vertical evolution and planar distribution of the sedimentary units in the painting were precisely engraved. Along with the weakly–strongly–weak succession of turbidity current energy, the lithological combination of argillaceous siltstone–siltstone–mudstone developed vertically. On the plane, the clusters showed an evolution of isolation–connection–superposition. The scale of the river channel continued to expand, and the phenomena of oscillation and lateral accumulation occurred. (3) Three factors were analyzed: sea level, material sources, and sedimentary substrates (paleo landforms), and a shallow Marine turbidity current sedimentary system was established in the Honghe area in the northwest direction under the background of Marine receding, which is controlled by sedimentary slope folds and blocked by the high part of the diapause during the downward accumulation process of material sources along the shelf. (4) The numerical simulation results reconstructed the process of lateral migration of waterways, evolution of branch waterways into clusters, expansion of the scale of isolated clusters, and connection and superposition to form cluster complexes on a three-dimensional scale. The simulation results are in high agreement with the actual geological data. © 2025 by the authors.",AI-Pass1,Exclude,E3,,,,"Sedimentary simulation; geological clusters, no sensor clustering",
97,"Community mobilisation for adoption of clean cookstoves and clean fuel to reduce household air pollution and blood pressure in Lagos, Nigeria: protocol for a cluster-randomised trial",2025,BMJ Open ,10.1136/bmjopen-2024-098483,Y,petro,clustering;cluster,,,3,"Introduction In Africa, 75% of households are exposed to household air pollution (HAP), a key contributor to cardiovascular disease (CVD). In Nigeria, 90 million households rely on solid fuels for cooking, and 40% of adults have hypertension. Though clean fuel and clean stove (CF-CS) technologies can reduce HAP and CVD risk, their adoption in Africa remains limited. Methods and analysis Using the Exploration, Preparation, Implementation and Sustainment framework, this cluster-randomised controlled trial evaluates the implementation and effectiveness of a community mobilisation (CM) strategy versus a self-directed condition (i.e., receipt of information on CF-CS use without CM) on adoption of CF-CS technologies and systolic blood pressure (SBP) reduction among 1248 adults from 624 households across 32 peri-urban communities in Lagos, Nigeria. The primary outcome is CF-CS adoption at 12 months; secondary outcomes are SBP reduction at 12 months and sustainability of CF-CS use at 24 months. Adoption is assessed via objective monitoring of stove usage with temperature-triggered iButton sensors. SBP is assessed in 2 adults per household using validated automated blood pressure monitor. Generalised linear mixed-effects regression models will be used to assess study outcomes, accounting for clustering at the level of the peri-urban communities (unit of randomisation) and households. To date, randomisation is completed, and a total of 1248 households have enrolled in the study. The final completion of the study is expected in June 2026. Ethics and dissemination The study was approved by the Institutional Review Boards (IRB) of NYU Grossman School of Medicine (primary IRB of record; protocol ID: i21-00586; Version 6.0 approved on 4 June 2024), and Lagos State University Teaching Hospital (protocol ID: LREC 06/10/1621). Written consent was obtained from all participants. Findings will inform scalable and culturally appropriate strategies for reducing HAP and CVD risk in low-resource settings. Results will be disseminated through peer-reviewed publications, conference presentations and stakeholder engagements. © Author(s) (or their employer(s)) 2025. Re-use permitted under CC BY-NC. No commercial re-use. See rights and permissions. Published by BMJ Group.",AI-Pass1,Exclude,E1,,,,"Cookstove health trial; cluster-RCT design, off-topic",
158,Data-Augmented Deep Learning for Downhole Depth Sensing and Validation,2026,Sensors,10.3390/s26030775,Y,petro;oil and gas,,scaling;preprocess;standardiz,,3,"Accurate downhole depth measurement is essential for oil and gas well operations, directly influencing reservoir contact, production efficiency, and operational safety. Collar correlation using a casing collar locator (CCL) is fundamental for precise depth calibration. While neural network has achieved significant progress in collar recognition, preprocessing methods for such applications remain underdeveloped. Moreover, the limited availability of real well data poses substantial challenges for training neural network models that require extensive datasets. This paper presents a system integrated into a downhole toolstring for CCL log acquisition to facilitate dataset construction. Comprehensive preprocessing methods for data augmentation are proposed, and their effectiveness is evaluated using baseline neural network models. Through systematic experimentation across diverse configurations, the contribution of each augmentation method is analyzed. Results demonstrate that standardization, label distribution smoothing (LDS), and random cropping are fundamental prerequisites for model training, while label smoothing regularization (LSR), time scaling, and multiple sampling significantly enhance model generalization capabilities. Incorporating the proposed augmentation methods into the two baseline models results in maximum F1 score improvements of 0.027 and 0.024 for the TAN and MAN models, respectively. Furthermore, applying these techniques yields F1 score gains of up to 0.045 for the TAN model and 0.057 for the MAN model compared to prior studies. Performance evaluation on real CCL waveforms confirms the effectiveness and practical applicability of our approach. This work addresses the existing gaps in data augmentation methodologies for training casing collar recognition models under CCL data-limited conditions, and provides a technical foundation for the future automation of downhole operations. © 2026 by the authors.",AI-Pass1,Maybe,needs-fulltext,,,,Downhole CCL sensor waveforms; supervised collar recognition,P2-transfer
67,Data-Driven Time-Series Modeling for Intelligent Extraction of Reservoir Development Indicators,2025,Energies,10.3390/en18215753,Y,petro;oilfield,,preprocess;outlier;robust,,3,"To address the challenges of large-scale production data, complex temporal dynamics, and the difficulty in extracting key reservoir performance indicators, this study proposes an intelligent time-series analytics approach, validated using an offshore oilfield case. The methodology integrates a cascaded outlier detection framework combining the 3-Sigma rule and the One-Class Support Vector Machine (OC-SVM). The 3-Sigma rule is first used for rapid statistical screening of extreme outliers, followed by OC-SVM for nonlinear anomaly detection, enhancing the accuracy of dynamic production data preprocessing. Key indicators—including initial production capacity, decline rate, water-cut trend, and recoverable reserves—are automatically extracted through hybrid modeling combining production decline analysis and waterflood characteristic curves. Algorithm reliability is rigorously evaluated using error metrics (SSE: Sum of Squared Errors, MSE: Mean Squared Error, MAE: Mean Absolute Error, RMSE: Root Mean Squared Error) and goodness-of-fit (R2). Experimental results demonstrate that the proposed method outperforms manual extraction, achieving <10% error in daily oil production and waterflood performance curve fitting, while significantly enhancing accuracy and automation. This framework provides a robust data−driven foundation for intelligent reservoir management. © 2025 by the authors.",AI-Pass1,Include,domain+method,Y,Include,slot-method,DATA:Offshore oilfield wells; daily oil/water-cut production time-series | PRE:3-Sigma + OC-SVM cascade outlier removal; monthly averaging | CLU: | EV:SSE/MSE/MAE/RMSE/R2; <10% fitting error | MDPI 403; methods via indexed full-text snippets,P1-direct
3,Detecting the occurrence of preferential flow in soils with stable water isotopes,2026,Hydrology and Earth System Sciences,10.5194/hess-30-485-2026,Y,drill,clustering;cluster,,,3,"Subsurface flow in preferential pathways in soils may transport water more rapidly than the soil matrix, may be quickly activated during precipitation events and enhance infiltration or interflow. Vertical pathways are particularly important for runoff generation. However, identifying these pathways is challenging because traditional methods such as piezometers, soil moisture sensors, or hillslope trenches do not adequately capture the spatial scale and frequency of preferential flow features, while other experimental techniques like dye tracing are labor-intensive and invasive. In this study, we introduce a novel method to identify the locations of preferential flow by analysing vertical soil profiles of stable water isotopes. Across four catchments, we drilled 100 soil cores (1–3 m deep) per catchment and analyzed the stable isotope composition of the soil water in 10–20 cm depth intervals to construct depth profiles. We employed clustering techniques to group soil-water isotope profiles and selected those that matched to a seasonal sampling date to establish a reference profile for each catchment using LOESS regression, representing profiles influenced solely by matrix infiltration. Deviations from these reference profiles were then used as indicators of being influenced by vertical or lateral preferential flow. Our results revealed evidence of preferential flow in all studied catchments. Especially in the alpine catchment with highly heterogeneous soils, many profiles showed distinct preferential flow features, including multiple, vertically independent pathways occurring at variable depths, even among adjacent profiles. These findings demonstrate the feasibility of using soil water isotope profiles to assess preferential flow pathways and highlight the substantial spatial and vertical variability of preferential flowpaths at hillslope and catchment scales. © 2026 Jonas Pyschik.",AI-Pass1,Exclude,E2,,,,Soil isotope depth profiles; not industrial sensor series,
175,Drone-Based Statistical Detection of Methane Anomalies Around Abandoned Oil and Gas Well Sites,2026,Sensors,10.3390/s26072205,Y,oil and gas,,outlier,,3,"Abandoned oil and gas wells pose significant risks to human health and the environment by emitting air pollutants, contaminating groundwater, and leaving behind hazardous debris. In the United States, approximately 3.9 million documented wells vary widely in the accuracy of their recorded locations and plugging status, creating major challenges for detection, mapping, and remediation. Existing well detection methods show some promise but often lose effectiveness under complex conditions, such as vegetation occlusion or construction without metal components. In this study, we propose a drone-based approach equipped with a highly sensitive methane sensor to identify statistical anomalies in methane concentrations around abandoned oil and gas well sites. To address the noisy and variable nature of environmental sensor data, statistical methods were developed that enable reliable anomaly detection under field conditions. Controlled release experiments with known emission points validated the method’s ability to statistically detect methane anomalies that may indicate nearby emission sources. We further tested the approach at a field site containing three abandoned wells with known locations and sparse emission profiles. The results demonstrate that the proposed drone-based sensing method can serve as a rapid survey approach to identify areas with elevated methane signals around well sites, helping to reduce the scope of the ground survey area, and supporting prioritization of follow-up ground investigations. This approach provides a practical means to support targeted monitoring and prioritization of remediation efforts, while supporting the future development of source attribution and localization methods. © 2026 by the authors.",AI-Pass1,Include,domain+method,Y,Exclude,E3,"DATA:drone TDLAS CH4 column, controlled release plus 3 wells | PRE:self-calibration, filtered ppm-m, background compare | CLU: | EV:skewness/Moran I p-value; no Silhouette/DBI/elbow | Statistical survey only; MDPI blocked, no clustering or ML",P1-direct
50,Early Leak Recognition and Classification in Two-Phase Flow Systems Based on Machine Learning Using Dynamic Pressure Signals,2026,IEEE Open Journal of Instrumentation and Measurement,10.1109/OJIM.2026.3706192,Y,oil and gas,,feature extraction;robust,,3,"Gas–liquid two-phase flows in oil and gas pipelines exhibit highly nonlinear, transient, and regime-dependent behavior, which poses substantial challenges for reliable monitoring and fault detection. Accurate leakage identification in such systems is critical for operational safety, environmental protection, and asset integrity; however, conventional physics-based and empirical methods often struggle under dynamic multiphase conditions. While machine learning (ML) techniques have demonstrated strong performance in flow regime identification and pattern recognition, their application to leakage detection in multiphase pipelines, particularly under offshore operating conditions, remains limited, with most existing studies focusing on single-phase systems. This article proposes a pressure-based artificial intelligence framework combined with a sliding-window feature extraction strategy for leakage detection and classification in gas–liquid two-phase pipelines. The methodology targets three operational scenarios: no leakage, single-point leakage, and multiple leakage points. Statistical features are extracted from windowed pressure measurements to capture transient flow behavior, and multiple data-driven classifiers are evaluated under both low-frequency experimental data and high-frequency numerical simulation data. The approach is designed to enhance robustness against flow regime fluctuations, reduce false alarms, and improve discrimination between leakage scenarios. The results demonstrate that cascaded ML models are well suited for low-frequency measurement systems, while neural network (NN) models exhibit high performance under high-frequency sampling, achieving online inference times of less than 1 s on a low-cost embedded platform. Overall, this study offers actionable guidance for the design and implementation of intelligent leakage monitoring systems, supporting early fault detection and improved integrity management in offshore oil and gas operations. © 2004-2012 IEEE.",AI-Pass1,Maybe,needs-fulltext,,,,"Pipeline pressure signals; supervised leak classifiers, sliding windows",P2-transfer
107,Establishment of leakage detection model for oil and gas pipeline based on VMD-MD-1DCNN,2022,Engineering Research Express,10.1088/2631-8695/ac769e,Y,oil and gas,,preprocess;denois,,3,"In order to solve the problem of recognition error caused by noise interference in oil and gas pipeline signal and traditional pipeline leakage detection relies on expert experience to extract features manually, an oil and gas pipeline leakage detection model based on deep learning is proposed in this paper. The model consists of data preprocessing part and pattern recognition part. Firstly, a signal denoising algorithm based on variational mode decomposition (VMD) and Manhattan distance (MD) is proposed to reduce the error caused by data quality in the subsequent pattern recognition process. Secondly, combined with the one-dimensional and temporal characteristics of pipeline signal, the signal denoised by VMD-MD algorithm is used as the input of one-dimensional convolution neural network (1DCNN) in deep learning, then the data features are learned independently through the characteristics of network structure. Finally, the network structure and parameters are optimized and analyzed to build the optimal pipeline leakage detection model according to the experiment. The experimental results show that, compared with other existing models, the ensemble VMD-MD-1DCNN model has a better improvement in each evaluation index, which verifies the effectiveness of its application in pipeline leakage detection. © 2022 IOP Publishing Ltd.",AI-Pass1,Maybe,needs-fulltext,Y,Exclude,E3,"DATA:oil/gas pipeline leakage signals | PRE:VMD-MD denoising (abstract only) | CLU:1DCNN supervised; no clustering | EV:accuracy indices per abstract | Paywalled; abstract shows supervised pipeline, no clustering",P1-direct
136,Fumaroles as Geothermal Refugia for Bryophytes in the Khaybar White Volcano Geopark (Saudi Arabia): Biogeographic and Ecological Insights,2026,"Cryptogamie, Bryologie",10.5252/cryptogamie-bryologie2026v47a6,Y,geothermal,cluster,,,3,"Fumaroles generate steep microclimatic and edaphic gradients that allow bryophyte communities to persist where the surrounding landscape is too dry or extreme. To explore this phenomenon, we surveyed bryophytes across the Khaybar White Volcano Geopark (north-western Saudi Arabia) during two field campaigns in 2024 and 2025, using a systematic 5 × 5 km grid to reduce spatial bias. Within fumarolic habitats, we counted vents by diameter class (0-2, 2-10, 10-50, >50 cm) in GPS-referenced plots and recorded bryophyte presence and abundance following the Braun-Blanquet scale. Across 188 relevés distributed among 11 fumarolic sites, we collected 1806 records representing 37 bryophyte taxa – about 72% of the 51 species known from the entire Geopark. Thirteen species were found exclusively in fumarolic microhabitats, and seven showed tropical or paleotropical affinities. Statistical analyses (Spearman correlations, n = 188) revealed that both species richness and cumulative abundance were highest in plots containing more medium-sized vents. These values declined near larger vents (>50 cm) and showed no clear relationship for smaller ones (≤10 cm). The association between medium vent abundance and bryophyte richness remained consistent across sites. Tropical species richness did not vary systematically with vent size but was clearly structured by orientation, with northerly and north-easterly slopes hosting most tropical taxa. Even so, the results suggest that clusters of medium-sized fumaroles create locally buffered conditions that support bryophyte establishment in this hyper-arid volcanic setting. We propose a preliminary Bryothermal Index (BTI) that integrates community-level indicators – species richness, abundance, and the proportion and fertility of hygrophilous or tropical-affinity taxa – to estimate geothermal influence. Future research should include high-frequency temperature and humidity logging, gas and substrate analyses, and replicated transects around vents to clarify mechanisms and validate the BTI. Despite their small extent (<1 ha), the Khaybar fumaroles stand out as microrefugia and should be considered for targeted micro-reserve protection and long-term ecological monitoring. Copyright 2026",AI-Pass1,Exclude,E1,,,,"Bryophyte fumarole ecology; geothermal setting only, off-topic",
75,Generalized functionals for qualification of geological carbon storage injection sites,2024,International Journal of Greenhouse Gas Control,10.1016/j.ijggc.2024.104167,Y,oil and gas,cluster,,,3,"Many nations have pledged to reach carbon neutrality by 2050. Embarking on the decarbonization journey, they posited geological carbon storage (GCS) as a pivotal technology within the carbon capture, utilization, and storage (CCUS) framework. The CCUS chain operates to reduce “hard-to-abate” emissions at key sectors by capturing carbon dioxide (CO2), reusing it, transporting it, or disposing of it via injection into underground geological formations for permanent storage. Despite the global success of GCS ventures, mainly driven by the oil and gas industry, GCS initiatives are still in their early stages in several developing countries. In Brazil, for instance, a full setup covering precise storage capacity databases, potential CCUS clusters, national regulatory structure, and auxiliary computer-aided engineering is underway. Intended to push the frontier in the latter subject, this paper introduces mathematical models for qualifying underground CO2 storage sites. Our research explores a family of multivariate functionals endowed with underlying reservoir features and distinct weighting functions, thus envisioning two primary objectives. Firstly, it clarifies non-linear interactions between rock and fluid properties using quality indicators. Secondly, it evaluates geographical regions considering structural traps/caprocks settings. Backed by the Matlab Reservoir Simulation Toolbox (MRST) capabilities, the methodology is a subsidiary resource for identifying suitable injection and storage sites. A case study using the UNISIM-I-D model generated dozens of volumetric quality maps that point to unique potential storage sites. Numerical simulation experiments of injection comparing legacy and novel wells reveal storage surpluses improved by up to 50%. The paper seeks to establish foundational knowledge in GCS efficiency for general underground settings. One expects that these outcomes leverage well-repurposing perspectives and stimulate field appraisal actions to scale up GCS projects both in Brazil and worldwide. © 2024 Elsevier Ltd",AI-Pass1,Exclude,E3,,,,Storage site math functionals; no clustering or sensors,
87,Groundwater pollution assessment using statistical and index based methods in the Wassa area Ghana and its implications for human health,2025,Discover Environment,10.1007/s44274-025-00380-x,Y,borehole,clustering;cluster,,,3,"Groundwater extraction in southern Ghana has gained importance because various environmental conditions, including Artisanal Small-scale Gold Mining (ASGM) operations and agricultural practices, along with urban development, have damaged surface water reservoirs. This study statistically and index-wise assessed the quality of 150 groundwater samples from the Wassa area using multivariate techniques and contamination indices, including the Pollution Index of Groundwater (PIG), Fluoride Pollution Index (FPI), and Nitrate Pollution Index (NPI). The borehole water analysis included physicochemical parameters that underwent three methods: Principal Component Analysis (PCA), Hierarchical Cluster Analysis (HCA) and correlation assessments to map the pollution origins and geochemical regulation. The findings regarding pH measurement demonstrated an average value of 6.94 (range: 5.73–8.45), producing mildly acidic water conditions that match WHO guidelines (6.5–8.5). Total dissolved solids (TDS) averaged 155.97 mg/L (range: 6.51–382 mg/L), and total hardness (TH) averaged 60.56 mg/L, with 62.96% of samples exceeding the 100 mg/L desirable limit. All examined groundwater samples met the WHO standards based on analytical tests of TDS, EC, alkalinity, Na+, Ca2+, Mg2+ and Cl−, SO42−, though 3.7% of samples showed fluoride levels above 1.0 mg/L and 1.98% exhibited significant nitrate contamination. PIG values indicated generally low to moderate contamination, with a mean of 0.18 (< 1 for 100% of samples), while the mean FPI of 1.67 classified most samples as low fluoride risk. The health risk assessment performed using USEPA guidelines showed that children experienced the highest non-carcinogenic risks, with 24.75% of samples exceeding THI = 1, compared to 7.92% in women and 4.95% in men. Research findings confirmed the roles of natural factors and human activities in degrading groundwater quality, therefore demanding specific monitoring and policy measures to prevent long-term health problems in mining areas. © The Author(s) 2025.",AI-Pass1,Exclude,E2,,,,Static groundwater samples; HCA present but not sensor series,
81,High-Dimensional Mapping Entropy Method and Its Application in the Fault Diagnosis of Reciprocating Compressors,2023,Applied Sciences (Switzerland),10.3390/app132413084,Y,petro,,preprocess;feature extraction;robust,,3,"The effectiveness of feature extraction is a critical aspect of fault diagnosis for petrochemical machinery and equipment. Traditional entropy analysis methods are prone to disruption by noise, parameter sensitivity, and sudden entropy variations. This study establishes a high-dimensional mapping entropy (HDME) method characterized by robust noise resistance, addressing the issues of parameter sensitivity and inadequate noise suppression inherent in traditional feature extraction methodologies. A mapping theory of high-dimensional space based on kernel function pattern recognition is proposed, which reassembles the sample vector after phase space reconstruction of time series. The multi-scale high-dimensional mapping entropy (MHDME) and refined composite multi-scale high-dimensional mapping entropy (RCMHDME) algorithms are further studied based on the idea of refined composite multi-scale. Application to simulated signals shows that the suggested methods reduce parameter sensitivity and enhance entropy smoothness. The development of a methodology to identify faults through MHDME is proposed. This approach integrates signal preprocessing and intelligent preference techniques to achieve pattern recognition of reciprocating compressor bearings in various wear conditions. Moreover, the identification findings demonstrate that the suggested approach can effectively extract the characteristics of the signal and accurately distinguish the effects caused by different faults. © 2023 by the authors.",AI-Pass1,Include,domain+method,,,,Reciprocating compressor signals; entropy features plus pattern recognition,P2-transfer
100,Hybrid Demand Forecasting in Fuel Supply Chains: ARIMA with Non-Homogeneous Markov Chains and Feature-Conditioned Evaluation,2025,Energies,10.3390/en18226044,Y,petro,clustering;cluster,,,3,"In the context of growing data availability and increasing complexity of demand patterns in retail fuel distribution, selecting effective forecasting models for large collections of time series is becoming a key operational challenge. This study investigates the effectiveness of a hybrid forecasting approach combining ARIMA models with dynamically updated Markov Chains. Unlike many existing studies that focus on isolated or small-scale experiments, this research evaluates the hybrid model across a full set of approximately 150 time series collected from multiple petrol stations, without pre-clustering or manual selection. A comprehensive set of statistical and structural features is extracted from each time series to analyze their relation to forecast performance. The results show that the hybrid ARIMA–Markov approach significantly outperforms both individual statistical models and commonly applied machine learning methods in many cases, particularly for non-stationary or regime-shifting series. In 100% of cases, the hybrid model reduced the error compared to both baseline models—the median RMSE improvement over ARIMA was 13.03%, and 15.64% over the Markov model, with statistical significance confirmed by the Wilcoxon signed-rank test. The analysis also highlights specific time series features—such as entropy, regime shift frequency, and autocorrelation structure—as strong indicators of whether hybrid modeling yields performance gains. Feature-conditioning analyses (e.g., lag-1 autocorrelation, volatility, entropy) explain when hybridization helps, enabling a feature-aware workflow that selectively deploys model components and narrows parameter searches. The greatest benefits of applying the hybrid model were observed for time series characterized by high variability, moderate entropy of differences, and a well-defined temporal dependency structure—the correlation values between these features and the improvement in hybrid performance relative to ARIMA and Markov models reached 0.55–0.58, ensuring adequate statistical significance. Such approaches are particularly valuable in enterprise environments dealing with thousands of time series, where automated model configuration becomes essential. The findings position interpretable, adaptive hybrids as a practical default for short-horizon demand forecasting in fuel supply chains and, more broadly, in energy-use applications characterized by heterogeneous profiles and evolving regimes. © 2025 by the authors.",AI-Pass1,Exclude,E3,,,,"Fuel demand forecasting; ARIMA-Markov, no sensors or clustering",
114,Hybrid Machine Learning-Based Fault-Tolerant Sensor Data Fusion and Anomaly Detection for Fire Risk Mitigation in IIoT Environment,2025,Sensors,10.3390/s25072146,Y,oil and gas,,normaliz;preprocess;outlier;missing,,3,"In the oil and gas IIoT environment, fire detection systems heavily depend on fire sensor data, which can be prone to inaccuracies due to faulty or unreliable sensors. These sensor issues, such as noise, missing values, outliers, sensor drift, and faulty readings, can lead to delayed or missed fire predictions, posing significant safety and operational risks in the oil and gas industrial IoT environment. This paper presents an approach for handling faulty sensors in edge servers within an IIoT environment to enhance the reliability and accuracy of fire prediction through multi-sensor fusion preprocessing, machine learning (ML)-driven probabilistic model adjustment, and uncertainty handling. First, a real-time anomaly detection and statistical assessment mechanism is employed to preprocess sensor data, filtering out faulty readings and normalizing data from multiple sensor types using dynamic thresholding, which adapts to sensor behavior in real-time. The proposed approach also deploys machine learning algorithms to dynamically adjust probabilistic models based on real-time sensor reliability, thereby improving prediction accuracy even in the presence of unreliable sensor data. A belief mass assignment mechanism is introduced, giving more weight to reliable sensors to ensure they have a stronger influence on fire detection. Simultaneously, a dynamic belief update strategy continuously adjusts sensor trust levels, reducing the impact of faulty readings over time. Additionally, uncertainty measurements using Hellinger and Deng entropy, along with Dempster–Shafer Theory, enable the integration of conflicting sensor inputs and enhance decision-making in fire detection. This approach improves decision-making by managing sensor discrepancies and provides a reliable solution for real-time fire predictions, even in the presence of faulty sensor readings, thereby mitigating the fire risks in IIoT environments. © 2025 by the authors.",AI-Pass1,Include,domain+method,,,,Oil/gas IIoT fire sensors; anomaly detection and fusion,P2-transfer
19,"Hydrochemistry and environmental isotope signatures (δ18O and δ2H) in the crystalline basement groundwater system of Oye-Ekiti, southwestern Nigeria",2026,Scientific Reports,10.1038/s41598-026-50252-4,Y,borehole,clustering;cluster,,,3,"Groundwater is the primary source of domestic water supply in Oye-Ekiti, a rapidly urbanizing city in southwestern Nigeria. However, the processes controlling its quality and recharge remain poorly constrained. This study presents the first city-scale, dry-season assessment integrating hydrochemistry, stable isotopes (δ18O and δ2H), multivariate statistics, and geochemical modelling. Fifty samples collected from boreholes and hand-dug wells were analysed for physicochemical parameters, major ions, and environmental isotopes. Groundwater exhibits Ca–Mg–HCO3 and Na–K–Cl–SO4 as the primary water types, under acidic to slightly alkaline pH conditions, while total dissolved solids are generally below 500 mg/L. Ionic relationships and multivariate analyses identify silicate weathering and cation-exchange processes as the principal controls on groundwater chemistry, with localized nitrate and phosphate enrichment linked to agricultural activities and on-site sanitation. PHREEQC modelling revealed that all mineral phases, including calcite, dolomite, gypsum, and halite, are undersaturated, confirming active rock-water interaction. Stable isotope compositions (δ18O: − 3.53‰ to − 2.68‰; δ2H: − 17.65‰ to − 11.96‰) and the δ18O–δ2H groundwater regression line plots close to the regional Local Meteoric Water Line (LMWL) [δ2H = 7.7 × δ18O + 10.2, r2 = 0.87], indicating that the groundwater is predominantly of meteoric origin and derived from recent precipitation. The d-excess values (8.7–12.2‰), clustering around the global average of 10‰, suggest limited evaporative influence prior to recharge. Slight isotopic enrichment and higher solute variability in shallow hand-dug wells highlight their greater vulnerability to surface processes. These findings provide a new geochemical and isotopic baseline, providing critical insights for sustainable groundwater management, monitoring, and policy implementation under Sustainable Development Goals (SDG) 6 in a rapidly urbanizing environment. © The Author(s) 2026.",AI-Pass1,Exclude,E2,,,,Static groundwater isotope samples; no clustering or sensors,
140,Improved understanding of spatio-temporal controls on regional scale groundwater flooding using hydrograph analysis and impulse response functions,2017,Hydrological Processes,10.1002/hyp.11380,N-OLD,borehole,k-means;cluster,standardiz,,3,"Controls on the spatio-temporal extent of groundwater flooding are poorly understood, despite the long duration of groundwater flood events and distinct social and economic impacts. We developed a novel approach using statistical analysis of groundwater level hydrographs and impulse response functions (IRFs) and applied it to the 2013/2014 Chalk groundwater flooding in the English Lowlands. We proposed a standardized index of groundwater flooding which we calculated for monthly groundwater levels for 26 boreholes in the Chalk. We grouped these standardized series using k-means cluster analysis and cross-correlated the cluster centroids with the Standardized Precipitation Index accumulated over time intervals between 1 and 60 months. This analysis reveals 2 spatially coherent groups of standardized hydrographs that responded to precipitation over different timescales. We estimated IRF models of the groundwater level response to effective precipitation for 3 boreholes in each group. The IRF models corroborate the Standardized Precipitation Index analysis showing different response functions between the groups. We applied identical effective precipitation inputs to each of the IRF models and observed differences between the hydrographs from each group. It is suggested this is due to the hydrogeological properties of the Chalk and of overlying relatively low permeability superficial deposits (recent unconsolidated sediments overlying the bedrock, such as clays and tills), which are extensive over 1 of the groups. The overarching controls on groundwater flood response are concluded to be a complex combination of antecedent conditions, rainfall, and catchment hydrogeological properties. These controls should be taken into consideration when anticipating and managing future groundwater flood events. The approach presented is generic and parsimonious and can be easily applied where sufficient groundwater level and rainfall data are available. BGS © NERC 2017",AI-Pass1,Exclude,Older-than-2021,,,,,
104,"Integrated investment, retrofit and abandonment energy system planning with multi-timescale uncertainty using stabilised adaptive Benders decomposition",2025,European Journal of Operational Research,10.1016/j.ejor.2025.04.005,Y,oil and gas,cluster,,,3,"We propose the REORIENT (REnewable resOuRce Investment for the ENergy Transition) model for energy systems planning with the following novelties: (1) integrating capacity expansion, retrofit and abandonment planning, and (2) using multi-horizon stochastic mixed-integer linear programming with multi-timescale uncertainty. We apply the model to the European energy system considering: (a) investment in new hydrogen infrastructures, (b) capacity expansion of the European power system, (c) retrofitting oil and gas infrastructures in the North Sea region for hydrogen production and distribution, and abandoning existing infrastructures, and (d) long-term uncertainty in oil and gas prices and short-term uncertainty in time series parameters. We utilise the structure of multi-horizon stochastic programming and propose a stabilised adaptive Benders decomposition to solve the model efficiently. We first conduct a sensitivity analysis on retrofitting costs of oil and gas infrastructures. We then compare the REORIENT model with a conventional investment planning model regarding costs and investment decisions. Finally, the computational performance of the algorithm is presented. The results show that: (1) when the retrofitting cost is below 20% of the cost of building new ones, retrofitting is economical for most of the existing pipelines, (2) platform clusters keep producing oil due to the massive profit, and the clusters are abandoned in the last investment stage, (3) compared with a traditional investment planning model, the REORIENT model yields 24% lower investment cost in the North Sea region, and (4) the enhanced Benders algorithm is up to 6.8 times faster than the level method stabilised adaptive Benders. © 2025 The Authors",AI-Pass1,Exclude,E3,,,,Energy planning optimization; no clustering or sensor data,
91,Investigating the origin of azimuthal site-response variability using KiK-net data: a twofold spectral ratio approach,2026,"Earth, Planets and Space",10.1186/s40623-026-02494-9,Y,borehole,gmm;gaussian mixture;clustering;cluster,,,3,"Surface-to-borehole spectral ratios (SBSRs) observed at vertical arrays often exhibit substantial event-to-event variability, even for weak motions within the nominally linear range. This variability matters, because one-dimensional (1D) site-response analysis assumes a stable transfer function for a given site, whereas empirical SBSRs often depend on event and arrival direction. If the origin of this directional variability is not understood, some of the variability commonly absorbed into ergodic ground-motion model (GMM) residuals may reflect unresolved but repeatable site behavior. Here we investigate whether the azimuthal dependence of SBSRs in Japan’s Kiban–Kyoshin network (KiK-net) records is more consistent with shared regional path effects or with local site behavior. Using 152,352 records from 6973 earthquakes at 693 KiK-net stations, we first summarize directional SBSR variability with frequency-dependent statistics, Gaussian mixture clustering of SBSR peaks, and multivariate analysis of variance, and show that back-azimuth organizes the variability more strongly than geometric incidence angle. We then reformulate the twofold spectral ratio (TSR) framework for nearby vertical-array station pairs and use this reformulation to define a dual-twofold spectral ratio (DTR), which links the operational comparison of surface TSRs and borehole TSRs to the physical comparison of interevent SBSR fluctuations between stations. Because the main inference is based on the DTR framework and on the agreement between surface TSR and borehole TSR, rather than on direct interpretation of individual spectral peaks, the analysis is less sensitive to noise, pseudoresonance, and other unstable event-specific spectral features. After total-least-squares-based quality control, surface TSRs and borehole TSRs remain positively correlated over 1–10 Hz for 283 station pairs, whereas the interstation correlation of SBSR fluctuations remains weak for both earthquake-pair datasets. Case studies further show that strongly negative correlations arise mainly when the assumptions of the TSR framework break down. These results suggest that, within the analyzed nearby-pair set, the dominant azimuthal SBSR variability is chiefly local and site-specific at the station scale rather than a shared regional path effect. The implications for non-ergodic GMM development are discussed as motivation for future residual-based studies. © The Author(s) 2026.",AI-Pass1,Include,domain+method,,,,KiK-net seismic sensor arrays; Gaussian mixture clustering of peaks,P2-transfer
45,Leveraging EnMAP hyperspectral data for mineral exploration: Examples from different deposit types,2025,Ore Geology Reviews,10.1016/j.oregeorev.2025.106912,Y,drill,cluster,,,3,"Finding new mineral resources is essential to meet the growing demand for raw materials during the green transition. Addressing this challenge requires the adoption of advanced technologies to increase the efficiency and success rate of mineral exploration programs. One promising approach for this aim is hyperspectral remote sensing, which enables detailed and accurate mapping of surface mineralogy. The advent of high-quality hyperspectral satellite data, such as that from EnMAP, with global coverage and free accessibility, has created new opportunities for mineral exploration. To showcase the diverse applications of this technology, we conducted eight case studies covering six deposit types at various exploration stages/scales—from greenfield to brownfield, and from regional to deposit scales. These include the Dalli and Keder porphyry systems in Iran, the Collahuasi mining area in Chile, a cluster of high-sulfidation epithermal gold deposits in the El Indio Belt along the Chile-Argentina border, the Taknar volcanogenic massive sulfide (VMS) deposit in Iran, the Jabali Mississippi valley type (MVT) deposit in Yemen, the Khanneshin REE-bearing carbonatite complex in Afghanistan, and the McDermitt volcano-sedimentary lithium deposit in the US. EnMAP Level-2A reflectance data were leveraged to map the occurrences and abundances of key minerals, including white mica (muscovite-illite), kaolinite, alunite, pyrophyllite, dickite, topaz, diaspore, opal, chlorite, epidote, hectorite, calcite, dolomite, ankerite, hematite, goethite, jarosite, and bulk ferrous iron minerals. It was also employed to assess kaolinite crystallinity and to map the composition of white mica, chlorite, alunite, and hectorite, as well as solid solutions among carbonate minerals, using the mixture-tuned feature matching and the polynomial fitting techniques. The results indicate that EnMAP can deliver consistent and accurate mineralogical-compositional information, unattainable from other spaceborne multi- and hyperspectral sensors, thanks to its accurate calibration and high signal-to-noise ratio in the visible to short-wave infrared wavelengths. The mineral mapping products provided valuable insights into ore formation processes, such as sources and pathways of fluid flow, temperature and pH constraints, oxidation–reduction states, and alteration zonation patterns. In the case of REEs and lithium-bearing clays, EnMAP also enabled the direct detection of ore minerals. These studies demonstrates that spaceborne hyperspectral systems can play a crucial role in mineral exploration over exposed terrains, significantly enhancing the efficiency of exploration programs from the grassroots to the drilling stages. © 2025 The Author(s)",AI-Pass1,Exclude,E2,,,,"Satellite hyperspectral images; mineral mapping, not time-series",
26,Localization of Thermal Wellbore Defects Using Machine Learning,2022,"Journal of Energy Resources Technology, Transactions of the ASME",10.1115/1.4053516,Y,wellbore;borehole;geothermal,clustering;cluster,,,3,"Defect detection and localization are key to preventing environmentally damaging wellbore leakages in both geothermal and oil/gas applications. In this study, a multistep, machine learning approach is used to localize two types of thermal defects within a wellbore model. This approach includes a COMSOL heat transfer simulation to generate base data, a neural network to classify defect orientations, and a localization algorithm to synthesize sensor estimations into a predicted location. A small-scale physical wellbore test bed was created to verify the approach using experimental data. The classification and localization results were quantified using these experimental data. The classification predicted all experimental defect orientations correctly. The localization algorithm predicted the defect location with an average root-mean-square error of 1.49 in. The core contributions of this study are as follows: (1) the overall localization architecture, (2) the use of centroid-guided mean-shift clustering for localization, and (3) the experimental validation and quantification of performance. Copyright © 2022 by Sandia National Laboratories (SNL)",AI-Pass1,Include,domain+method,N,Exclude,E5,"DATA:COMSOL heat model + lab wellbore thermal testbed | PRE:none | CLU:centroid-guided mean-shift + NN classifier | EV:RMSE 1.49in; 100% orientation accuracy | ASME paywalled 403; abstract-only, thesis PDF not retrieved",P1-direct
28,"Machine-Learning-Based Integrated Mining Big Data and Multi-Dimensional Ore-Forming Prediction: A Case Study of Yanshan Iron Mine, Hebei, China",2025,Applied Sciences (Switzerland),10.3390/app15084082,Y,drill;borehole,clustering;cluster,,,3,"With the rapid development of big data and artificial intelligence technologies, the era of Industry 4.0 has driven large open-pit mines towards digital and intelligent transformation. This is particularly true in mature mining areas such as the Yanshan Iron Mine, where the depletion of shallow proven reserves and the increasing issues of mixed surrounding rocks with shallow ore bodies make it increasingly important to build intelligent mines and implement green and sustainable development strategies. However, previous mineralization predictions for the Yanshan Iron Mine largely relied on traditional geological data (such as blasting rock powder, borehole profiles, etc.) exploration reports or three-dimensional explicit ore body models, which lacked precision and were insufficient to meet the requirements for intelligent mine construction. Therefore, this study, based on artificial intelligence technology, focuses on geoscience big data mining and quantitative prediction, with the goal of achieving multi-scale, multi-dimensional, and multi-modal precise positioning of the Yanshan Iron Mine and establishing its intelligent mine technology system. The specific research contents and results are as follows: (1) This study collected and organized multi-source geoscience data for the Yanshan Iron Mine, including geological, geophysical, and remote sensing data, such as mine drilling data, centimeter-level drone image data, and high-spectral data of rocks and minerals, establishing a rich mine big data set. (2) SOM clustering analysis was performed on the elemental data of rock and mineral samples, identifying key elements positively correlated with iron as Mg, Al, Si, S, K, Ca, and Mn. TSG was used to interpret shortwave and thermal infrared hyperspectral data of the samples, identifying the main alteration mineral types in the mining area. Combined with spectral and elemental analysis, the universality of alteration features such as chloritization and carbonation, which are closely related to the mineralization process, was further verified. (3) Based on the spectral and elemental grade data of rock and mineral samples, a training model for ore grade–spectrum correlation was constructed using Random Forests, Support Vector Machines, and other algorithms, with the SMOTE algorithm applied to balance positive and negative samples. This model was then applied to centimeter-level drone images, achieving high-precision intelligent identification of magnetite in the mining area. Combined with LiDAR image elevation data, a real-time three-dimensional surface mineral monitoring model for the mining area was built. (4) The Bagged Positive Label Unlabeled Learning (BPUL) method was adopted to integrate five evidence maps—carbonate alteration, chloritization, mixed rockization, fault zones, and magnetic anomalies—to conduct three-dimensional mineralization prediction analysis for the mining area. The locations of key target areas were delineated. The SHAP index and three-dimensional explicit geological models were used to conduct an in-depth analysis of the contributions of different feature variables in the mineralization process of the Yanshan Iron Mine. In conclusion, this study successfully constructed the technical framework for intelligent mine construction at the Yanshan Iron Mine, providing important theoretical and practical support for mineralization prediction and intelligent exploration in the mining area. © 2025 by the authors.",AI-Pass1,Include,domain+method,,,,Mine drilling and spectral data; SOM clustering present,P2-transfer
119,Monitoring IoT and Robotics Data for Sustainable Agricultural Practices Using a New Edge–Fog–Cloud Architecture †,2026,Computers,10.3390/computers15010032,Y,drill,cluster,,,3,"Modern agricultural operations generate high-volume and diverse data (historical and stream) from various sources, including IoT devices, robots, and drones. This paper presents a novel smart farming architecture specifically designed to efficiently manage and process this complex data landscape.The proposed architecture comprises five distinct, interconnected layers: The Source Layer, the Ingestion Layer, the Batch Layer, the Speed Layer, and the Governance Layer. The Source Layer serves as the unified entry point, accommodating structured, spatial, and image data from sensors, Drones, and ROS-equipped robots. The Ingestion Layer uses a hybrid fog/cloud architecture with Kafka for real-time streams and for batch processing of historical data. Data is then segregated for processing: The cloud-deployed Batch Layer employs a Hadoop cluster, Spark, Hive, and Drill for large-scale historical analysis, while the Speed Layer utilizes Geoflink and PostGIS for low-latency, real-time geovisualization. Finally, the Governance Layer guarantees data quality, lineage, and organization across all components using Open Metadata. This layered, hybrid approach provides a scalable and resilient framework capable of transforming raw agricultural data into timely, actionable insights, addressing the critical need for advanced data management in smart farming. © 2026 by the authors.",AI-Pass1,Maybe,needs-fulltext,,,,Agri IoT data architecture; no clustering method shown,P2-transfer
38,Morphological and multivariate statistical analysis of quaternary monogenetic vents in the Central Anatolian Volcanic Province (Turkey): Implications for the volcano-tectonic evolution,2021,Journal of Volcanology and Geothermal Research,10.1016/j.jvolgeores.2021.107280,Y,petro,clustering;cluster,,,3,"The interaction and competition between magmatic and tectonic processes mostly control the spatial distribution and morphology of monogenetic volcanoes. The Central Anatolian Volcanic Province, situated in a strike-slip environment, provides a remarkable opportunity to understand this relationship. We defined six monogenetic clusters and analyzed 540 Quaternary monogenetic volcanoes in terms of morphological and spatial characteristics. There is no distinct correlation among the morphological parameters of scoria cones or lava domes, possibly owing to the various factors and the sporadic nature of magmatic activity in the region. Our detailed multivariate statistical and vent alignment analyses together with several implications in the literature reveal that the CAVP is a tectonically-controlled intraplate volcanic field, which is mostly driven by regional deformations. The presence of both clustered and non-clustered vent distributions and the petrological characteristics of the volcanics within the region indicates that the dikes are derived directly by the pre-existing melt-bearing heterogeneous mantle (i.e., Eğrikuyu monogenetic field) or the independent and short-lived shallow or deep crustal magma reservoirs (i.e., Nevşehir-Acıgöl volcanic field). The local changes in the stress regimes and crustal lithology result in variations of field shape, spatial vent distribution, and vent alignments throughout the region. The triggering mechanisms for the initiation of the Quaternary volcanism in the region can be the lithospheric-scale Central Anatolian fault zone, here considered as an immature rift zone where Erciyes volcanic field is developed and behaves as a possible magmatic transfer zone. Tuz Gölü fault zone as a western border of the so-called rift basin in the region is mostly responsible for the crustal propagation of magma, and the kinematic changes along this fault zone (i.e., strike-slip to normal) mostly shaped the spatial vent distributions and alignments of the clusters in its close proximity (e.g., Hasandağ-Keçiboyduran volcanic field). © 2021 Elsevier B.V.",AI-Pass1,Exclude,E2,,,,"Static volcano morphology; spatial groups, not sensor series",
20,"Multivariate Statistical Analysis Reveals the Heterogeneity of Lacustrine Tight Oil Accumulation in the Middle Permian Jimusar Sag, Junggar Basin, NW China",2020,Geofluids,10.1155/2020/1860219,N-OLD,petro;oil and gas,clustering;cluster,scaling,,3,"Tight oil and gas accumulation commonly has heterogeneities within the reservoir formation. This heterogeneity, however, is hard to investigate by conventional geological and (organic) geochemical tools and thus is critical and challenging to study. Here, we attempted multivariate statistical analysis to reveal the heterogeneity based on a case study in the lacustrine tight oil accumulation in the middle Permian Lucaogou Formation of the Jimusar sag, Junggar Basin, NW China. Clustering heat maps and multi-dimensional scaling analysis revealed the heterogeneity of tight oil accumulation. The heterogeneity is reflected by the complex relationship between the two reservoir sweet spots as well as the oil migration and accumulation vertically and spatially, rather than the previous thoughts that it is a closed system associated with proximal hydrocarbon accumulation patterns. Multiple biomarkers show that the source rocks and reservoirs have similar characteristics in the lower part of the formation, reflecting a proximal hydrocarbon accumulation pattern in the lower sweet spot (near-source accumulation, abbreviated as NA). This represents a relatively closed system. However, the upper sweet spot and the middle section mudstone sequence intervening the two sweet spots are not a completely closed system in a strict sense. These sequences can be divided into three tight oil segments, i.e., lower, middle, and upper from deep to shallow. The lower segment is sited in the lower part of the middle section mudstone sequence. The middle segment is composed of the upper part of the middle section mudstone sequence and the lower part of the upper sweet spot. The upper segment is composed of the upper part of the upper sweet spot and the overlying upper Permian Wutonggou Formation reservoirs. Oils generated in the lower segment migrated vertically to upper sweet spot reservoirs through faults/fractures, and laterally to distal reservoirs. Oils generated in the middle segment were preserved in reservoirs of the upper sweet spot. Oils in the upper segment require accumulation by vertical and lateral migration through faults/fractures. As such, the tight oil accumulation is complex in the Lucaogou Formation. From base to top, the accumulation mechanisms in the Lucaogou Formation were NA, VLMA (vertical and lateral migration and accumulation), NA and VLMA, thereby showing strong heterogeneities. Our data suggest that these processes might be typical of tight oil accumulations universally, and are important for future exploration and exploitation in the region to consider the heterogeneities rather than a closed system. The multivariate statistical analysis is an effective tool for investigating complex oil-source correlations and accumulation in petroleum basins. © 2020 Yuce Wang et al.",AI-Pass1,Exclude,Older-than-2021,,,,,
84,Multivariate data analysis applied in the evaluation of crude oil blends,2019,Fuel,10.1016/j.fuel.2018.11.045,N-OLD,petro,cluster,outlier,,3,"In this paper, monitoring of the physicochemical properties of crude oil blends during production stages is described. The data of the properties of crude oil blends were obtained by laboratory characterization, and then analyzed by principal component analysis (PCA), hierarchical cluster analysis (HCA), and Mahanalobis distance. Thus, the quality of the blends was monitored quickly with simple multivariate tools. The results indicate that a change in the contribution of different wells in the blends caused a change in the profile. The PCA demonstrated that in each period, the physicochemical properties in the blends contributed to verifying the spread of the data. The blends could be organized by HCA, and it was possible to identify outlier samples with different quality standards for the oil. This information is important because it allows checking the changes in the oil profile, which helps in making adjustments to improve the quality of the final product in the primary process. © 2018 Elsevier Ltd",AI-Pass1,Exclude,Older-than-2021,,,,,
65,Multivariate interrelatedness of geotechnical and petrophysical properties towards developing near-surface lithology clusters in a sedimentary terrain,2022,Bulletin of Engineering Geology and the Environment,10.1007/s10064-022-02755-3,Y,petro,cluster,,,3,"The study reports the approach of interrelating geotechnical and petrophysical parameters to develop near-surface lithology clusters in a sedimentary terrain. Field-based and laboratory-based geophysical, geotechnical, and petrophysical measurements were carried out with a view to finding correlations among related parameters, grouping the parameters into depth clusters, and determining trend correlations between field-acquired and laboratory-obtained parameters. Four agglomerate hierarchical cluster signatures were identified at depth 0–30 cm, three at 30–60 cm, and five at 0–90 cm. Principal component 1 retained 74% of data variation and differentiated the petrophysical parameters according to Poisson’s ratio (v) and velocity ratio (Vp/Vs). Principal component 2 explained another 14% of variability in the original responses and separated parameters based on elastic modulus (E) and clay fraction (C). Degree of correlation of Vp/Vs with porosity (Φ), sand fraction (S), C, unconfined compressive strength (U), and California bearing ratio (R) followed order Φ > S > C, and U > R. Trend correlation of shear velocity at 1 m showed good agreement (R2 = 0.992) between field and laboratory data with an amplification factor of 4.13 separating the corresponding values. Lithology determined from soil analysis agreed with that inferred from measured electrical resistivity while geotechnical, petrophysical, and geophysical spatial analysis supported site lithology configuration patterns. Thus, multivariate association of geotechnical and petrophysical parameters exhibited potentials for rapid and exploratory near-surface lithology mapping even at a regional scale. © 2022, The Author(s).",AI-Pass1,Exclude,E2,,,,"Hierarchical clustering but static lab/field data, no time-series",
37,Network analysis of mineralogical systems,2017,American Mineralogist,10.2138/am-2017-6104CCBYNCND,N-OLD,petro,cluster,scaling,,3,"A fundamental goal of mineralogy and petrology is the deep understanding of mineral phase relationships and the consequent spatial and temporal patterns of mineral coexistence in rocks, ore bodies, sediments, meteorites, and other natural polycrystalline materials. The multi-dimensional chemical complexity of such mineral assemblages has traditionally led to experimental and theoretical consideration of 2-, 3-, or n-component systems that represent simplified approximations of natural systems. Network analysis provides a dynamic, quantitative, and predictive visualization framework for employing ""big data"" to explore complex and otherwise hidden higher-dimensional patterns of diversity and distribution in such mineral systems. We introduce and explore applications of mineral network analysis, in which mineral species are represented by nodes, while coexistence of minerals is indicated by lines between nodes. This approach provides a dynamic visualization platform for higher-dimensional analysis of phase relationships, because topologies of equilibrium phase assemblages and pathways of mineral reaction series are embedded within the networks. Mineral networks also facilitate quantitative comparison of lithologies from different planets and moons, the analysis of coexistence patterns simultaneously among hundreds of mineral species and their localities, the exploration of varied paragenetic modes of mineral groups, and investigation of changing patterns of mineral occurrence through deep time. Mineral network analysis, furthermore, represents an effective visual approach to teaching and learning in mineralogy and petrology. © 2017 by Walter de Gruyter Berlin/Boston.",AI-Pass1,Exclude,Older-than-2021,,,,,
94,OPDNet: An Offshore Platform Detection Network Based on Bitemporal Bimodal Remote-Sensing Images and a Pseudo-Siamese Structure,2025,IEEE Journal of Selected Topics in Applied Earth Observations and Remote Sensing,10.1109/JSTARS.2025.3539674,Y,drill,,feature extraction,,3,"In medium-resolution remote-sensing images, offshore platforms are easily confused with other offshore objects, such as ships and offshore wind power equipment. In this study, an object detection network named OPDNet, which is based on a two-branch pseudo-Siamese structure, is proposed to accurately position and extract offshore platforms. OPDNet utilizes paired yet unsynchronized optical and radar images derived from the Sentinel 1 and 2 satellites as its inputs, leveraging the complementary nature of bitemporal and multimodal image data to compensate for the limitations inherent in single-modal images. On this basis, the feature extraction and classification capabilities of the network are improved for small objects by fusing a C2f feature pyramid integrated with the CloAttention module, context attention module, and space-depth convolution modules. Experiments show that OPDNet yields significant object detection accuracy improvements over the comparative unimodal single-phase and unimodal multiphase methods, with an average precision value of 94.60% and an F1-score of 87.83%. Thus, OPDNet provides a powerful solution for large-scale remote-sensing-based offshore platform monitoring.  © 2025 IEEE.",AI-Pass1,Exclude,E1,,,,"Remote-sensing image object detection, vision, no clustering",
131,Oil and gas flow anomaly detection on offshore naturally flowing wells using deep neural networks,2024,Geoenergy Science and Engineering,10.1016/j.geoen.2024.213240,Y,drill;petro;oil and gas,,scaling,,3,"The oil and gas industry is changing. The drive towards cleaner and safer operations is becoming increasingly important. Researchers are looking for more efficient and accurate ways to detect faults that could lead to environmental and sustainability issues. This study aims to enhance the safety and sustainability of the oil and gas industry by improving existing artificial intelligence approaches to automate monitoring and detection of malfunctions. This article explores the application of deep neural networks for anomaly detection in monitoring oil and gas flow in natural flow offshore wells, proposing an innovative approach that takes advantage of the power of Genetic Algorithms and Gated Recurrent Units (GRU). The study aims to enhance the safety and sustainability of the oil and gas industry by leveraging artificial intelligence to automate the monitoring and detection malfunctions. Utilizing a comprehensive dataset from the 3W Petrobras project, which includes real-time data from 21 wells collected between 2012 and 2018, the research focuses on detecting various anomalies such as abrupt increases in basic sediment and water, spurious closures of downhole safety valves, severe slugging, flow instability, rapid productivity loss, quick restrictions in the production choke, scaling, and hydrate formation in production lines. The methodology integrates Long Short-Term Memory (LSTM) networks and GRU backbones with genetic algorithms to optimise model performance. Several hyperparameter optimisation tools were explored innovatively, focusing mainly on Genetic Algorithms, and it was possible to obtain an algorithm with 2 stacked GRU with better comparative performance compared to what is reported in the literature and producing an F1 equal to 0.97. The findings demonstrate the potential of AI to improve real-time anomaly detection, thereby reducing operational risks and contributing to the industry's transition towards greener practices. It also underscores the importance of open data and collaborative efforts in advancing AI applications in the oil and gas sector, aligning with the United Nations' Sustainable Development Goals to mitigate climate impact and promote responsible consumption and production. © 2024 The Authors",AI-Pass1,Maybe,needs-fulltext,Y,Include,slot-domain,"DATA:3W Petrobras 21 wells 2012-2018 multivariate flow series | PRE:forward-fill missing, standardise, downsample 1min, window 30, SMOTE | CLU: | EV:F1 0.97; no Silhouette/DBI/elbow | Supervised well-flow contrast; strong preprocessing, no clustering metrics",P1-direct
41,On Evaluating Black-Box Explainable AI Methods for Enhancing Anomaly Detection in Autonomous Driving Systems,2024,Sensors,10.3390/s24113515,Y,petro,,feature extraction;outlier;robust,,3,"The recent advancements in autonomous driving come with the associated cybersecurity issue of compromising networks of autonomous vehicles (AVs), motivating the use of AI models for detecting anomalies on these networks. In this context, the usage of explainable AI (XAI) for explaining the behavior of these anomaly detection AI models is crucial. This work introduces a comprehensive framework to assess black-box XAI techniques for anomaly detection within AVs, facilitating the examination of both global and local XAI methods to elucidate the decisions made by XAI techniques that explain the behavior of AI models classifying anomalous AV behavior. By considering six evaluation metrics (descriptive accuracy, sparsity, stability, efficiency, robustness, and completeness), the framework evaluates two well-known black-box XAI techniques, SHAP and LIME, involving applying XAI techniques to identify primary features crucial for anomaly classification, followed by extensive experiments assessing SHAP and LIME across the six metrics using two prevalent autonomous driving datasets, VeReMi and Sensor. This study advances the deployment of black-box XAI methods for real-world anomaly detection in autonomous driving systems, contributing valuable insights into the strengths and limitations of current black-box XAI methods within this critical domain. © 2024 by the authors.",AI-Pass1,Exclude,E1,,,,"Autonomous-vehicle network anomaly explanation, off-topic domain",
66,One-class unsupervised deep autoencoder framework for multi-defect detection and localization in aluminum plates,2026,Results in Engineering,10.1016/j.rineng.2026.111829,Y,drill,,normaliz;preprocess;missing;robust,,3,"Aluminum structures are widely used in lightweight engineering applications, where early and accurate damage detection is essential for structural integrity and cost-effective maintenance. This paper presents a one-class unsupervised anomaly detection framework for damage detection and localization in aluminum plates using scanning acoustic microscopy (SAM). High-resolution acoustic signals are preprocessed using Wiener filtering and normalization, then encoded using a deep autoencoder trained exclusively on healthy-state data to learn compact latent representations of normal structural behavior. Temporal evolution in the latent space is modeled using a computationally efficient feed-forward neural network, where the autoencoder is used exclusively as a latent feature extractor, and damage is identified through disruptions in latent temporal predictability rather than conventional reconstruction error, using robust Median-MAD thresholding. Experimental validation on specimens containing controlled single and multiple drilled defects demonstrated reliable localization performance, with diameter estimation errors below 20% and an overall mean IoU of approximately 0.83. Comparative and ablation analyses showed that latent-space temporal prediction and robust Median-MAD thresholding significantly improve localization accuracy and reduce false positives compared with conventional reconstruction-based and mainstream unsupervised anomaly detection methods. Additional robustness analyses demonstrated stable performance under moderate noise, gain variation, missing-pixel conditions, and spatial perturbations. By eliminating the need for labeled defect data, the proposed framework provides a robust, computationally efficient, and scalable solution for unsupervised structural health monitoring of aluminum components. © 2026 The Author(s).",AI-Pass1,Include,sensor+unsupervised,,,,Unsupervised autoencoder anomaly detection on acoustic sensor signals,P2-transfer
166,Optimization of Oil and Gas Pipeline Leakage Data and Defect Identification Based on Graph Neural Processing,2025,Annals of Data Science,10.1007/s40745-025-00619-7,Y,oil and gas,,feature extraction,,3,"With the increasing complexity of oil and gas pipeline networks, early identification of leaks and defects is crucial to ensure the safe operation of pipelines. This study proposes a graph neural network (GNN) method for data processing and defect identification aimed at optimizing monitoring and maintenance strategies for oil and gas pipelines. Through the analysis of historical leakage data, we constructed a graph database containing 5000 samples, each containing 10 features such as pressure, flow, temperature, etc. Using graph convolutional network and graph attention network (GAT) to perform feature extraction and pattern recognition on nodes in pipeline network, our model achieves 92% accuracy in defect recognition, which is 15% higher than traditional methods. In addition, we have developed a leakage prediction model based on time series analysis, which is able to predict potential leakage risks 24 h in advance with an accuracy of 85%. The results of this study not only improve the safety management level of oil and gas pipelines, but also provide a new technical path for future intelligent pipeline maintenance. © The Author(s) 2025.",AI-Pass1,Maybe,needs-fulltext,Y,Exclude,E4,"DATA:pipeline graph DB 5000 samples x10 pressure/flow/temp | PRE:none explicit (generic feature engineering only) | CLU: | EV:acc 92%, 24h leak 85%; no Silhouette/DBI/elbow | Vague preprocessing only; supervised defect classification, no clustering",P1-direct
90,Optimization of control-oriented AI models for real-time platform pitch prediction in hybrid wind-wave offshore systems,2025,Energy Reports,10.1016/j.egyr.2025.09.006,Y,drill,,robust,,3,"This study presents a control-oriented deep learning framework for real-time prediction of platform pitch motion in hybrid offshore wind-wave systems. The core contribution lies in a hybrid CNN-LSTM architecture augmented with time–frequency features derived from the fourier synchrosqueezed transform (FSST). This integrated design enables simultaneous spatial pattern recognition, temporal sequence modeling, and spectral enrichment, capturing complex nonlinear dynamics inherent to multivariate time series data. Trained on high-fidelity OpenFAST simulation data, the proposed model achieves a root mean square error (RMSE) of 0.26 degrees with an inference latency of 15 ms, outperforming conventional physics-based and standalone neural models by a factor of 6.4. Robustness is demonstrated across diverse operating conditions, with sensitivity analyses confirming stable predictive performance under varying wave heights, wind speeds, and control inputs. In addition to accuracy, the study addresses deployment feasibility on embedded hardware, model interpretability, and readiness for integration with model predictive control (MPC) architectures. Key limitations, such as generalizability to extreme conditions and explainability, are critically examined, offering a roadmap for future enhancements. By bridging simulation-based learning with real-time control demands, this work advances the applicability of deep learning in offshore renewable energy platforms. It provides a scalable, low-latency, and accurate solution for intelligent vibration mitigation and next-generation control of floating hybrid systems. © 2025 The Authors",AI-Pass1,Exclude,E3,,,,"Supervised pitch prediction on simulation, no clustering",
135,PARMA-CC: A family of parallel multiphase approximate cluster combining algorithms,2023,Journal of Parallel and Distributed Computing,10.1016/j.jpdc.2023.02.001,Y,petro,clustering;cluster,,,3,"Clustering is a common task in data analysis applications. Despite the extensive literature, the continuously increasing volumes of data produced by sensors (e.g., rates of several MB/s by 3D scanners such as LIDAR sensors), and the time-sensitivity of the applications leveraging the clustering outcomes (e.g., detecting critical situations such as detecting boundary crossing from a robot arm that could injure human beings) demand for efficient data clustering algorithms that can effectively utilize the increasing computational capacities of modern hardware. To that end, we leverage approximation and parallelization, where the former is to scale down the amount of data, and the latter is to scale up the computation. Regarding parallelization, we explore a design space for synchronization and workload distribution among the threads. As we study different parts of the design space, we propose representative Parallel Multiphase Approximate Cluster Combining, abbreviated as PARMA-CC, algorithms. We show that PARMA-CC algorithms yield equivalent clustering outcomes despite their different approaches. Furthermore, we show that certain PARMA-CC algorithms can achieve higher efficiency with respect to certain properties of the data to be clustered. Generally speaking, in PARMA-CC algorithms, parallel threads compute summaries associated with clusters of data (sub)sets. As the threads concurrently combine the summaries, they construct a comprehensive summary of the sets of clusters. By approximating a cluster with its respective geometrical summaries, PARMA-CC algorithms scale well with increasing data volumes, and, by computing and efficiently combining the summaries in parallel, they enable latency improvements. PARMA-CC algorithms utilize special data structures that enable parallelism through in-place data processing. As we show in our analysis and evaluation, PARMA-CC algorithms can complement and outperform well-established methods, with significantly better timeliness especially when utilizing multiple threads, while still providing highly accurate results in a variety of data sets, even with skewed data distributions, which cause the traditional approaches to exhibit their worst-case behaviour. © 2023 The Author(s)",AI-Pass1,Include,sensor+clustering,,,,Parallel clustering for high-rate sensor data volumes,P2-transfer
128,Parameterized Local Reduced Order Model of Stimulated Volume Evolution in Reservoirs,2025,International Journal for Numerical and Analytical Methods in Geomechanics,10.1002/nag.3988,Y,petro,clustering;cluster,,,3,"Real-time simulation of large-scale geomechanics problems, such as hydraulic dilation stimulation, is computationally expensive as they must span multiple spatial and temporal length scales, often including nonlinearities and thermo-hydromechanical processes. This paper introduces a novel local reduced order model (LROM) to enhance computational efficiency for nonlinear and fully-coupled hydromechanical simulations. The model employs finite element analysis of a two-dimensional deformable porous media with Drucker–Prager plasticity and stress-induced permeability enhancement models to describe behavior of sandstone. LROM combines various reduced order models (ROMs), including proper orthogonal decomposition-Galerkin (POD-G) to reduce number of degrees of freedom (DoFs), discrete empirical interpolation method (DEIM) to accelerate computation of nonlinear terms, and local POD and local DEIM (LPOD/LDEIM) for further performance enhancements. LPOD and LDEIM classify parameterized training data, obtained from offline coupled full order model (CFOM) runs, into multiple subspaces with similar dynamic features. A new strategy for clustering and classification techniques that align with coupled formulation framework is proposed. The advantages of LROM are demonstrated in a large-scale application: hydraulic dilation stimulation. LROM exhibits stable, accurate, and efficient online phase, while ROM built with classical POD/DEIM lacks efficiency and stability in Newton–Raphson solver. First, performance of LROM, parameterized by hardening modulus and initial permeability, is evaluated for inputs within training domain. Under CFOMs with (Formula presented.) DoFs, LROM speed-up is 400 times. LROM is then parameterized by three inputs, including injection rate and two material properties. Results show that LROM maintains efficiency even for injection rates that extend beyond the training regime. © 2025 The Author(s). International Journal for Numerical and Analytical Methods in Geomechanics published by John Wiley & Sons Ltd.",AI-Pass1,Exclude,E2,,,,"Reservoir simulation ROM, no sensor time-series",
11,Portfolio value at risk estimate for crude oil markets: A multivariatewavelet denoising approach,2012,Energies,10.3390/en5041018,N-OLD,petro,clustering;cluster,denois,,3,"In the increasingly globalized economy these days, the major crude oil markets worldwide are seeing higher level of integration, which results in higher level of dependency and transmission of risks among different markets. Thus the risk of the typical multi-asset crude oil portfolio is influenced by dynamic correlation among different assets, which has both normal and transient behaviors. This paper proposes a novel multivariate wavelet denoising based approach for estimating Portfolio Value at Risk (PVaR). The multivariate wavelet analysis is introduced to analyze the multi-scale behaviors of the correlation among different markets and the portfolio volatility behavior in the higher dimensional time scale domain. The heterogeneous data and noise behavior are addressed in the proposed multi-scale denoising based PVaR estimation algorithm, which also incorporates the mainstream time series to address other well known data features such as autocorrelation and volatility clustering. Empirical studies suggest that the proposed algorithm outperforms the benchmark ExponentialWeighted Moving Average (EWMA) and DCC-GARCH model, in terms of conventional performance evaluation criteria for the model reliability. © 2012 by the authors.",AI-Pass1,Exclude,Older-than-2021,,,,,
112,Probabilistic condition monitoring of azimuth thrusters based on acceleration measurements,2021,Machines,10.3390/machines9020039,Y,drill,,feature extraction,,3,"Drill ships and offshore rigs use azimuth thrusters for propulsion, maneuvering and steering, attitude control and dynamic positioning activities. The versatile operating modes and the challenging marine environment create demand for flexible and practical condition monitoring solutions onboard. This study introduces a condition monitoring algorithm using acceleration and shaft speed data to detect anomalies that give information on the defects in the driveline components of the thrusters. Statistical features of vibration are predicted with linear regression models and the residuals are then monitored relative to multivariate normal distributions. The method includes an automated shaft speed selection approach that identifies the normal distributed operational areas from the training data based on the residuals. During monitoring, the squared Mahalanobis distance to the identified distributions is calculated in the defined shaft speed ranges, providing information on the thruster condition. The performance of the method was validated based on data from two operating thrusters and compared with reference classifiers. The results suggest that the method could detect changes in the condition of the thrusters during online monitoring. Moreover, it had high accuracy in the bearing condition related binary classification tests. In conclusion, the algorithm has practical properties that exhibit suitability for online application. © 2021 by the authors. Licensee MDPI, Basel, Switzerland.",AI-Pass1,Include,drilling+anomaly-detection,,,,Thruster vibration anomaly monitoring on drill ships,P2-transfer
34,"Quantitative studies of the calcareous nannoplankton of sarmatian deposits: Case studies in the sieniawa–rudka area (outer carpathian foredeep, Poland)",2016,Annales Societatis Geologorum Poloniae,10.14241/asgp.2016.001,N-OLD,borehole,cluster,scaling,,3,"The aim of this study was the qualitative and quantitative analysis of the calcareous nannofossil assemblages of the Machów Formation, belonging to the supra-evaporitic complex of the Polish Carpathian Foredeep Basin (PCFB). The work was concentrated in the eastern part of the PCFB, in the Sieniawa–Rudka area (Ryszkowa Wola Horst). Samples were collected from the Rudka-13 and Wylewa-1 boreholes. On the basis of calcareous nannoplankton, these deposits were assigned to the upper part of the NN6 Zone combined with the NN7 Zone, which corresponds to the Sarmatian s.s. of the Central Paratethys (upper Serravallian of the Mediterranean scale). Conclusive determination of the biozone NN7 was problematic, owing to the absence of the rare zonal marker species Discoaster kugleri. The typical association of the undivided NN6–NN7 Zone was of low species diversity and usually dominated by Coccolithus pelagicus, Cyclicargolithus floridanus and Reticulofenestra pseudoumbilica (> 7 μm). On the basis of the relative abundance of species, a significant amount of redeposition was deduced. The reworked nannofossils were mostly Eocene in age. The Oligocene, Early Miocene and Late Cretaceous species occurred much less frequently. The dominance of Eocene forms indicates the Carpathians as the main supply area. The Late Cretaceous taxa may have originated from the Senonian marly deposits of the Miechów Trough in the north. Statistical treatment of the quantitative data was performed using multivariate cluster analysis and Nonmetrical Multidimensional Scaling (nMDS). The composition of the calcareous nannofossil assemblages, together with the high percentage of allochthonous taxa, indicate a shallow, coastal environment with a high supply of nutrients. © 2016, Geological Society of Poland. All rights reserved.",AI-Pass1,Exclude,Older-than-2021,,,,,
156,Research on Vibration Signal Processing and Fault Diagnosis Algorithms for High-Pressure Quintuplex Pumps,2026,Sensors,10.3390/s26154917,Y,drill;oil and gas,,normaliz;robust,,3,"High-pressure quintuplex pumps are key components in oil and gas drilling systems, but their fault diagnosis remains challenging due to severe inter-cylinder vibration crosstalk, operating-condition variability, and limited labeled samples. To address these issues, this paper proposes an integrated vibration-based diagnostic framework, termed VICA-DA-ViT. First, a VMD–FastICA-based blind source separation strategy is used to suppress inter-cylinder crosstalk and extract more discriminative vibration components from mixed signals. Then, angular-domain resampling and normalization are applied to reduce speed-induced non-stationarity and improve cycle consistency. The processed one-dimensional signals are further converted into two-dimensional GAF–RP representations, where GAF captures global temporal correlations and RP provides complementary recurrence information. Finally, a ViT-based domain-adaptive diagnostic framework is constructed for unsupervised cross-condition diagnosis by integrating domain-adversarial pretraining, weighted bidirectional sample pairing, and Gaussian-mixture-based confidence filtering around a standard Vision Transformer backbone. Rather than modifying the internal architecture of ViT, the proposed framework improves cross-condition generalization by combining signal decoupling, angular-domain alignment, and domain-adaptation strategies for high-pressure quintuplex pump fault diagnosis. Experiments on a quintuplex pump dataset under multiple operating conditions show that the proposed framework achieves an average cross-condition accuracy of 87.42%, outperforming CD-Trans by 11.94%. These results demonstrate that VICA-DA-ViT can effectively improve the robustness of small-sample cross-condition fault diagnosis for high-pressure quintuplex pumps. © 2026 by the authors.",AI-Pass1,Include,drilling+unsupervised,Y,Include,slot-method,"DATA:quintuplex pump vibration multi-condition dataset | PRE:VMD-FastICA, angular resampling, normalization, GAF-RP | CLU: | EV:cross-condition acc 87.4%; no Silhouette/DBI/elbow | Drilling-pump unsupervised GMM; MDPI HTML blocked, abstract verified",P1-direct
60,STADe: An unsupervised time-windows method of detecting anomalies in oil and gas Industrial Cyber-Physical Systems (ICPS) networks,2025,International Journal of Critical Infrastructure Protection,10.1016/j.ijcip.2025.100762,Y,oil and gas,,outlier,,3,"Critical infrastructure and Operational Technology (OT) are becoming more exposed to cyber attacks due to the integration of OT networks to enterprise networks especially in the case of Industrial Cyber-Physical Systems (ICPS). These technologies that are a huge part of our daily lives usually operate by having sensors and actuators constantly communicating through an industrial network. To secure these industrial networks from cyber attacks, researchers have utilised misuse detection and Anomaly Detection (AD) techniques to detect potential attacks. Misuse detection methods are unable to detect zero-day attacks while AD methods can, but with high false positive rates and high computational overheads. In this paper, we present STADe, a novel Sliding Time-window Anomaly Detection method that uses a sole feature of network packet inter-arrival times to detect anomalous network communications. This work aims to explore a mechanism for detecting breaks in periodicity to flag anomalies. The method was validated using data from a real oil and gas wellhead monitoring testbed containing field flooding, SYN flooding, and Man-in-the-Middle (MITM) attacks — which are attacks that are popularly used to target the availability and integrity of oil and gas critical infrastructure. The results from STADe proved to be effective in detecting these attacks with zero false positives and F1 scores of 0.97, 0.923, and 0.8 respectively. Further experiments carried out to compare STADe with other unsupervised machine learning algorithms – KNN, isolation forest, and Local Outlier Factor (LOF) – resulted in F1 scores of 0.55, 0.673, and 0.408 respectively. STADe outperformed them with an F1 score of 0.933 using the same dataset. © 2025 The Authors",AI-Pass1,Include,oil-gas+unsupervised,Y,Include,slot-domain,"DATA:wellhead ICPS packet inter-arrival testbed traces | PRE:sliding time-window; periodicity inter-arrival feature | CLU:STADe unsupervised vs KNN/IF/LOF | EV:F1 0.97/0.923/0.8; zero FP | Hybrid OA; HTML blocked, abstract plus repository metadata",P1-direct
64,"Satellite Time-Series Analysis for Thermal Anomaly Detection in the Naples Urban Area, Italy",2024,Atmosphere,10.3390/atmos15050523,Y,geothermal,,normaliz,,3,"Naples is the most densely populated Italian city (7744 inhabitants per km2). It is located in a particular geological context: the presence of Mt Vesuvius characterizes the eastern part, and the western part is characterized by the presence of the Phlegrean Fields, making Naples a high-geothermal-gradient region. This endogenous heat, combined with the anthropogenic heat due to intense urbanization, has defined Naples as an ideal location for Surface Urban Heat Island (SUHI) analysis. SUHI analysis was effectuated by acquiring the Land Surface Temperature (LST) over Naples municipality by processing Landsat 8 (L8) Thermal Infrared Sensor (TIRS) images in the 2013–2023 time series by employing Google Earth Engine (GEE). In GEE, two different approaches have been followed to analyze thermal images, starting from the Statistical Mono Window (SMW) algorithm, which computes the LST based on the brightness temperature (Tb), the emissivity value, and the atmospheric correction coefficients. The first one is used for the LST retrieval from daytime images; here, the emissivity component is derived using, firstly, the Normalized Difference Vegetation Index (NDVI) and then the Vegetation Cover Method (VCM), defining the Land Surface Emissivity (LSɛ), which considers solar radiation as the main source of energy. The second approach is used for the LST retrieval from nighttime images, where the emissivity is directly estimated from the Advance Spaceborne Thermal Emission Radiometer database (ASTER-GED), as, during nighttime without solar radiation, the main source of energy is the energy emitted by the Earth’s surface. From these two different algorithms, 123 usable daytime and nighttime LST images were downloaded from GEE and analyzed in Quantum GIS (QGIS). The results show that the SUHI is more concentrated in the eastern part, characterized by intense urbanization, as shown by the Corine Land Cover (CLC). At the same time, lower SUHI intensity is detected in the western part, defined by the Land Cover (LC) vegetated class. Also, in the analysis, we highlighted 40 spots (10 hotspots and 10 coldspots, both for daytime and nighttime collection) that present positive or negative temperature peaks for all the time series. Due to the huge amount of data, this work considered only the five representative spots that were most representative for SUHI analysis and determination of thermal anomalies in the urban environment. © 2024 by the authors.",AI-Pass1,Exclude,E1,,,,"Urban heat-island satellite analysis, no industrial transfer",
83,Semi-Autonomic AI LF-NMR Sensor for Industrial Prediction of Edible Oil Oxidation Status,2023,Sensors,10.3390/s23042125,Y,petro,,robust,,3,"The evaluation of an oil’s oxidation status during industrial production is highly important for monitoring the oil’s purity and nutritional value during production, transportation, storage, and cooking. The oil and food industry is seeking a real-time, non-destructive, rapid, robust, and low-cost sensor for nutritional oil’s material characterization. Towards this goal, a 1H LF-NMR relaxation sensor application based on the chemical and structural profiling of non-oxidized and oxidized oils was developed. This study dealt with a relatively large-scale oil oxidation database, which included crude data of a 1H LF-NMR relaxation curve, and its reconstruction into T1 and T2 spectral fingerprints, self-diffusion coefficient D, and conventional standard chemical test results. This study used a convolutional neural network (CNN) that was trained to classify T2 relaxation curves into three ordinal classes representing three different oil oxidation levels (non-oxidized, partial oxidation, and high level of oxidation). Supervised learning was used on the T2 signals paired with the ground-truth labels of oxidation values as per conventional chemical lab oxidation tests. The test data results (not used for training) show a high classification accuracy (95%). The proposed AI method integrates a large training set, an LF-NMR sensor, and a machine learning program that meets the requirements of the oil and food industry and can be further developed for other applications. © 2023 by the authors.",AI-Pass1,Exclude,E1,,,,"Supervised CNN on edible-oil NMR sensor, food domain",
132,"Shell Beds in Ordovician storm-to tide-dominated deposits, Daoura (Ougarta range), Algeria",2024,Bulletin of Geosciences,10.3140/bull.geosci.1894,Y,petro,cluster,,,3,"The Ordovician wave-dominated sandstones of the Daoura (Ougarta range, NW Algeria) contain shell beds with cornulitids in an exceptional state of preservation. The objective of this study, focused on the sandstone of the uppermost part of the Hassi Chaamba Fm. (Sandbian?), is to understand the shell beds from the hydrodynamic and stratigraphic perspective with the combined approach of facies sedimentology and taphonomy. A 40-m section encompassing the shell beds was studied in detail. The shell beds are preserved as dm-scale concentrations in transgressive deposits of 5 high-frequency sequences preserved at the turnaround from a regressive to a transgressive sequence set. The biota in shell beds are dominated by brachiopods, cornulitids and gastropods, suggesting that the related ecosystem extended to the offshore. Three types of shell beds are distinguished, ranging from a conglomerate in the foreshore to a hardground in the offshore transition. In the lower shoreface, the shell beds are interstratified with fine-sand SCS infilling large-scale (up to 20 m in wavelength) troughs eroded in the foreshore by transgressive ravinement. The petrographic and tomographic analysis of a sample of these shell beds shows that cornulitids and, to a lesser extent, brachiopods of the shell beds are perfectly preserved within a matrix composed of bioclasts. This suggests that they were reworked from nearby areas and therefore were present in the foreshore. Aggregation of cornulitids in clusters of 4–5 individuals suggests an adaptation to loose grounds in a relatively high energy setting. The rhythmic alternation of shell beds and sandstones in these deposits suggests a possible role of tides in their formation. © 2024, Czech Geological Survey. All rights reserved.",AI-Pass1,Exclude,E3,,,,"Ordovician shell-bed sedimentology, no ML or sensors",
171,"Small-Magnitude Seismic Swarms in Central Utah (US): Interactions of Regional Tectonics, Local Structures and Hydrothermal Systems",2023,"Geochemistry, Geophysics, Geosystems",10.1029/2023GC010867,Y,geothermal,clustering;cluster,,,3,"Swarms in Central Utah are situated in the complex transition between the Basin and Range (BR) province and the Colorado Plateau. Transecting transverse structures, volcanic deposits, and hydrothermal systems complicate the extensional BR horst and graben structures and provide a multitude of plausible triggering mechanisms. Revisiting the catalog of the University of Utah Seismograph Stations (1981–2022), we analyze spatio-temporal patterns and characteristic features of seismic sequences. Swarms with alternating seismicity rates, bursts, and longer swarms with persistent moment release exhibit a remarkable diversity in temporal evolution. Swarm durations do not scale with cumulative seismic moment: swarms lasting less than 1 day can have similar cumulative seismic moments as month-long swarms. We observe stationary swarms re-occurring for years (e.g., Mineral Mountains), as well as singular swarms in low-seismicity areas (e.g., activating a local structure in Milford, 2021). The swarms show a pronounced heterogeneity in triggering and driving mechanisms, observed in the detailed analysis of exemplary sequences (detections, relocations, moment tensors, waveform-based clustering, and repeater analysis). The 2022 Sevier Valley sequence activated a BR-related normal fault, the first resolved fault plane in the valley since 1983. The 2011 Circleville sequence is interpreted as a swarm triggered by mainshock-aftershock activity characterized by increasing magnitudes, changing rupture mechanisms, and a concentration of highly similar events in the second part of the sequence. By jointly discussing exemplary sequences and catalog statistics, we draw a comprehensive picture of swarm activity and its relation to geothermal and tectonic activity. © 2023 The Authors. Geochemistry, Geophysics, Geosystems published by Wiley Periodicals LLC on behalf of American Geophysical Union.",AI-Pass1,Include,geothermal+clustering,,,,Utah geothermal seismic swarms with waveform-based clustering,P2-transfer
157,"Spatial-temporal distribution analysis of industrial heat sources in the us with geocoded, tree-based, large-scale clustering",2020,Remote Sensing,10.3390/rs12183069,N-OLD,petro,k-means;clustering;cluster,scaling,,3,"Heavy industrial burning contributes significantly to the greenhouse gas (GHG) emissions. It is responsible for almost one-quarter of the global energy-related CO2 emissions and its share continues to grow. Mostly, those industrial emissions are accompanied by a great deal of high-temperature heat emissions from the combustion of carbon-based fuels by steel, petrochemical, or cement plants. Fortunately, these industrial heat emission sources treated as thermal anomalies can be detected by satellite-borne sensors in a quantitive way. However, most of the dominant remote sensing-based fire detection methods barely work well for heavy industrial heat source discernment. Although the object-oriented approach, especially the data clustering-based approach, has guided a novel method of detection, it is still limited by the costly computation and storage resources. Furthermore, when scaling to a national, or even global, long time-series detection, it is greatly challenged by the tremendous computation introduced by the incredible large-scale data clustering of tens of millions of high-dimensional fire data points. Therefore, we proposed an improved parallel identification method with geocoded, task-tree-based, large-scale clustering for the spatial-temporal distribution analysis of industrial heat emitters across the United States from long time-series active Visible Infrared Imaging Radiometer Suite (VIIRS) data. A recursive k-means clustering method is introduced to gradually segment and cluster industrial heat objects. Furthermore, in order to avoid the blindness caused by random cluster center initialization, the time series VIIRS hotspots data are spatially pre-grouped into GeoSOT-encoded grid tasks which are also treated as initial clustering objects. In addition, some grouped parallel clustering strategy together with geocoding-aware task tree scheduling is adopted to sufficiently exploit parallelism and performance optimization. Then, the spatial-temporal distribution pattern and its changing trend of industrial heat emitters across the United States are analyzed with the identified industrial heat sources. Eventually, the performance experiment also demonstrated the efficiency and encouraging scalability of this approach. © 2020 by the authors.",AI-Pass1,Exclude,Older-than-2021,,,,,
40,Stochastic disaggregation of daily rainfall into one-hour time scale,2005,Journal of Hydrology,10.1016/j.jhydrol.2004.11.018,N-OLD,drill,clustering;cluster,robust,,3,"The Australian SILO Data Drill facility generates continuous daily rainfall data from 1889 to current date for any set of coordinates on the Australian continent. For the daily rainfall data to have any appeal to users, such as farmers and environmental modellers, a robust disaggregation model that generates sub-daily time series fully consistent with the daily totals while preserving multiple sub-daily time scale stochastic structure is required. A model, which incorporates repetition techniques and a proportional adjusting procedure [Koutsoyiannis, D., Onof, C., 2001. Rainfall disaggregation using adjusting procedures on a Poisson cluster model. J. Hydrol. 246, 109-122] into a regionalised hybrid model [Gyasi-Agyei, Y., 1999. Identification of regional parameters of a stochastic model for rainfall disaggregation. J. Hydrol. 223(3-4), 148-163], has been demonstrated to have such capability. The model is structured such that clusters of consecutive wet days can be disaggregated together during the generation of the binary wet and dry sequence and/ or intensity phases. Two ad hoc remedies to prevent overestimation of the variance and the extreme values, and underestimation of the autocorrelation that could be potentially caused by daily rainfall totals in excess of the hourly maximum have been proposed. The model was evaluated with a 5-year time series of hourly rainfall observed at an erosion control experimental site. All modes of operation of the model reproduced the dry probability very well. Clustering does not seem to affect the dry probability, variance and the intensity-duration- frequency (IFD) curves. The reproduction of the autocorrelations certainly improved with clustering. Capping the hourly rainfall depths to the observed maximum values reproduced near perfect dry probability, variance, autocorrelation and the IFD curves for all months. With this confidence, the 114-year synthetic daily rainfall data set for Rockhampton generated by SILO Data Drill facility was disaggregated to one-hour time scale. The pattern of the results from this data set was identical to that of the observed 5-year data set. © 2004 Elsevier B.V. All rights reserved.",AI-Pass1,Exclude,Older-than-2021,,,,,
2,Submesoscale dispersion in the vicinity of the Deepwater Horizon spill,2014,Proceedings of the National Academy of Sciences of the United States of America,10.1073/pnas.1402452111,N-OLD,oil and gas,cluster,scaling;missing,,3,"Reliable forecasts for the dispersion of oceanic contamination are important for coastal ecosystems, society, and the economy as evidenced by the Deepwater Horizon oil spill in the Gulf of Mexico in 2010 and the Fukushima nuclear plant incident in the Pacific Ocean in 2011. Accurate prediction of pollutant pathways and concentrations at the ocean surface requires understanding ocean dynamics over a broad range of spatial scales. Fundamental questions concerning the structure of the velocity field at the submesoscales (100 m to tens of kilometers, hours to days) remain unresolved due to a lack of synoptic measurements at these scales. Using high-frequency position data provided by the near-simultaneous release of hundreds of accurately tracked surface drifters, we study the structure of submesoscale surface velocity fluctuations in the Northern Gulf of Mexico. Observed two-point statistics confirm the accuracy of classic turbulence scaling laws at 200-m to 50-km scales and clearly indicate that dispersion at the submesoscales is local, driven predominantly by energetic submesoscale fluctuations. The results demonstrate the feasibility and utility of deploying large clusters of drifting instruments to provide synoptic observations of spatial variability of the ocean surface velocity field. Our findings allow quantification of the submesoscale-driven dispersion missing in current operational circulation models and satellite altimeter-derived velocity fields.",AI-Pass1,Exclude,Older-than-2021,,,,,
125,"Systematic review of fiber-optic distributed acoustic sensing: advancements, applications, and challenges",2025,Optical Fiber Technology,10.1016/j.yofte.2025.104293,Y,oil and gas,,denois,,3,"Distributed Acoustic Sensing (DAS) is an advanced optical fiber technique that uses Rayleigh backscattering to offer real-time monitoring and data collection across a wide range of applications. Despite tremendous progress, no comprehensive review has summarized recent advancements, applications, and challenges with DAS systems across multiple fields. This study aims to bridge this gap by systematically reviewing the most recent research and addressing four essential questions: significant applications, advancements in technology, critical challenges, and the growth of signal processing approaches in DAS. This review uses a systematic approach of identification, screening, eligibility and data abstraction to group findings into six important themes: civil engineering and structural health monitoring, environmental and oceanographic applications, oil and gas industry applications, seismic and geophysical monitoring, telecommunications and infrastructure security, and signal processing and advanced sensing techniques. Our findings indicate that DAS has notably enhanced applications including structural anomaly detection, environmental monitoring, pipeline surveillance, seismic analysis, and telecommunications security. The precision, scalability, and versatility of DAS have been further enhanced by developments in machine learning, noise reduction methods, and hybrid sensing models. This analysis provides practical insights and future research objectives by tackling issues like noise interference and deployment complexity, establishing DAS as a game-changing instrument for transdisciplinary monitoring and real-time data collecting across a range of industries. © 2025 Elsevier Inc.",AI-Pass1,Maybe,needs-fulltext,,,,DAS fiber-optic sensing review across pipeline and seismic uses,P2-transfer
111,"Textural and Petrophysical Controls on Reservoir Quality: Insights from the Szentes Geothermal Field, Hungary",2026,Energies,10.3390/en19071688,Y,borehole;geothermal;petro,clustering;cluster,,,3,"This study establishes a facies-based framework for characterizing reservoir quality in the Upper Pannonian geothermal reservoirs of the Szentes field (Hungary). To evaluate vertical heterogeneity and optimize the selection of geothermal reinjection zones, an integrated core–log–statistical workflow was applied to data from boreholes SZT-1 and SZSZT-IX. The methodology combined petrophysical measurements, petrographic observations, and multivariate statistical analyses, including Hierarchical Cluster Analysis (HCA) and Linear Discriminant Analysis (LDA). The siliciclastic succession was classified into four distinct facies clusters representing a continuum of depositional energy regimes: Rolling, Graded Suspension with Rolling, fine-grained Suspension, and Uniform Suspension. The results demonstrate a dual control on reservoir quality: the primary pore framework is determined by depositional grain-size architecture and sediment transport processes, while mechanical compaction and diagenetic alteration subsequently modify pore connectivity and flow efficiency. Among the identified facies, deposits formed from Graded Suspension with Rolling represent the most favorable reservoir units, combining high porosity (up to 33%) with exceptionally high permeability (>1500 mD). In contrast, suspension-dominated facies deposited from Graded and Uniform Suspension exhibit significantly reduced permeability due to higher matrix content, cementation, and compaction. The results demonstrate that reservoir performance in the Szentes geothermal system is primarily controlled by facies-scale heterogeneity rather than by depth-based stratigraphic divisions alone. This integrated facies-based approach provides a predictive framework for extrapolating reservoir properties to uncored intervals and offers practical guidance for optimizing reinjection strategies and sustainable geothermal reservoir management. © 2026 by the authors.",AI-Pass1,Include,geothermal+clustering,Y,Exclude,E2,"DATA:Szentes cores and logs, 2 boreholes, static | PRE:none time-series (MDPI 403) | CLU:HCA plus LDA facies clusters | EV:facies classes; no Silhouette/DBI verified | Core petrophysics static, not sensor time-series",P1-direct
103,The Colombian geochronological database (CGD),2022,International Geology Review,10.1080/00206814.2021.1954556,Y,petro,cluster,,,3,"Geochronological databases are powerful tools for characterizing the crustal evolution and the age spectra of a region and allow comparison with other areas at a regional scale. In this contribution, we present the Colombian Geochronological Database (CGD), which contains a curated compilation of ca. 67,406 individual published U-Th-Pb, K-Ar, Ar-Ar, Rb-Sr, Sm-Nd, Lu-Hf, Fission-track, U-Th-He, and Re-Os mineral and whole rock ages that are reported in the published literature. Each date includes geographic coordinates, geological setting, petrologic and chemical information extracted from the respective publications. The structure of the database provides a powerful interface for constructing queries and allows searching and extracting information on geographic domains, provinces, stratigraphic units, isotopic systems, date interpretations, references, etc. This information establishes a framework for regional and global geological interpretations with geochronological, stratigraphic, structural and palaeogeographic implications. With the present effort we present to the geoscience community a clear insight, from a regional perspective, to the geology and tectonics of Colombia since Precambrian times. The comparison of all (detrital and magmatic) single zircon U-Pb dates from the Colombian (Gondwana sourced) geochronological database with the Global and North American (Laurentia sourced) databases provides a temporal constraint on the evolution of the South American continent. U-Pb zircon ages in Colombia define 13 peak clusters centred at 1767, 1530, 1325, 1178, 1007, 605,540, 468, 271, 237, 182, 76 and 10 Ma but of those, only few have a good correlation in all three databases: 1007 (Grenvillian/Orinoquian/Putumayo Orogeny), 605 (Braziliano/Pan-African Orogeny), 468 (Famatinian/Taconic Orogeny), and 182 Ma (Break-up of Pangea) zircon peaks. This correlation suggests that some tectonic events in Colombia are global and might represent crustal production and preservation while the other peaks might just represent local arc magmatic events. © 2021 Informa UK Limited, trading as Taylor & Francis Group.",AI-Pass1,Exclude,E2,,,,"Geochronological database compilation, static ages, no sensors",
6,The Ottawa River Gneiss Complex revisited: definition of the metamorphic core and detachment zone of a large Grenvillian metamorphic core complex,2024,Canadian Journal of Earth Sciences,10.1139/cjes-2023-0060,Y,petro,cluster,,,3,"Using new and published data, we synthesize the tectonic evolution of the Ottawa River Gneiss Complex (ORGC), the metamorphic core and detachment zone of a large mid-to late-Ottawan metamorphic core complex in the western Grenville Province. Field and petrologic data indicative of retrogression and exhumation, combined with maps and schematic crustalscale sections, are used to document spatial and temporal relationships of multi-scale structures developed during its formation, of which the largest, termed mega-cross-folds and megaboudins, occur within and define the detachment zone. Megacross-folds, orogen-normal structures up to 70 km in length with coaxial constrictional fabrics in their hinge-lines, formed in a single phase of deformation during retrogression and exhumation. A cluster of asymmetric megaboudins, individually from 10–50 km long with granulite-facies cores and high-strain amphibolite-facies rims, similarly formed during syntectonic retrogression and exhumation of granulite-facies precursors. We argue the mega-cross-folds developed in a regime of regional transtension, whereas the megaboudin cluster formed by extensional inversion of an anastomosing early-Ottawan thrust system, with the strain patterns of both suggesting the detachment zone was the site of intense ductile flow between the stronger metamorphic core and cover. Comparison of these results with generic numerical models of extensional collapse of overthickened continental crust suggests the first-order tectonometamorphic features of the ORGC developed during necking of the upper crust and associated large-scale extensional flow of the mid and lower crust into the domiform necked region during collapse of the early-Ottawan thrust stack. © 2024 The Author(s).",AI-Pass1,Exclude,E3,,,,"Grenvillian tectonics description, no ML or sensors",
51,The application of the CNN-BiLSTM-TPA model based on deep learning in porosity prediction,2026,Journal of Geophysics and Engineering,10.1093/jge/gxaf141,Y,oil and gas;oilfield,,feature extraction;robust,,3,"Porosity is a fundamental physical property in reservoir evaluation, and its prediction accuracy directly affects the scientific validity and reliability of reservoir characterization. However, traditional empirical methods often struggle to accurately capture the complex and nonlinear relationships among parameters, leading to significant prediction errors. In recent years, deep learning techniques have gained widespread application in geotechnical engineering, oil and gas exploration, and related fields due to their strong capabilities in modeling nonlinear dependencies. To improve the accuracy and generalization capability of porosity prediction, this study proposes a hybrid deep learning framework named convolutional neural network-bidirectional long short-term memory-temporal pattern attention (CNN-BiLSTM-TPA), which integrates multiple neural network architectures with a physical consistency constraint. The model combines the shallow spatial feature extraction capabilities of CNNs, the sequential dependency modeling strength of BiLSTM networks, and a multi-scale attention correction mechanism via the TPA module. This integrated design effectively addresses key challenges in geological modeling, such as nonlinearity, time lag, and localized periodicity. Empirical evaluations based on real logging data from the Zhujiangkou Basin in the South China Sea, as well as cross-regional validation using data from the Xinjiang Oilfield, demonstrate the proposed model’s superior performance in terms of prediction accuracy and robustness. These results highlight its strong engineering adaptability and broad application potential. © The Author(s) 2025. Published by Oxford University Press on behalf of the SINOPEC Geophysical Research Institute Co., Ltd.",AI-Pass1,Maybe,needs-fulltext,,,,"Supervised porosity prediction from well logs, domain reference",P2-transfer
5,Thermally robust LiPON synaptic transistors with tunable plasticity for reservoir computing,2026,npj Flexible Electronics,10.1038/s41528-026-00579-9,Y,geothermal,,normaliz;robust,,3,"Conventional silicon-based CMOS devices encounter severe limitations in high-temperature environments, including functional layer degradation, excessive leakage currents, and the inherent von Neumann bottleneck resulting from the physical separation of memory and computation units. These constraints impede their use in intelligent systems operating under thermally harsh conditions. In this work, we present a thermally robust synaptic transistor based on a lithium phosphorus oxynitride (LiPON) solid-state electrolyte gate dielectric and an indium tin oxide (ITO) semiconductor channel, enabling stable operation over a wide temperature range from 25 °C to 150 °C. Even at 150 °C, it retains a high on/off ratio of (7.56 ± 1.08) × 105 and a subthreshold swing as low as 271 ± 14 mV/dec, demonstrating superior thermal stability compared with conventional ion-gel and proton-conducting gate dielectrics. More importantly, by exploiting the temperature-dependent synaptic plasticity with relaxation timescales tunable over several orders of magnitude, we realize a high-temperature physical reservoir computing (RC) system. This RC system achieves 93.07% accuracy in dynamic pattern recognition and a normalized error of 0.0154 in Mackey-Glass chaotic time-series prediction under high-temperature conditions. This work paves the way for intelligent sensing and edge computing in extreme thermal environments, such as deep-space exploration and geothermal energy development. © The Author(s) 2026.",AI-Pass1,Exclude,E1,,,,"Synaptic transistor electronics, neuromorphic reservoir, off-topic",
12,Tool condition monitoring method by anomaly segmentation of time-frequency images using acoustic emission in small hole drilling,2023,"Journal of Advanced Mechanical Design, Systems and Manufacturing",10.1299/jamdsm.2023jamdsm0034,Y,drill,,feature extraction,,3,"Tool wear leads to a reduction in dimensional accuracy and surface quality, as well as unexpected sudden tool failure. A broken tool can cause irreparable damage to an expensive workpiece, resulting in increased operating costs and production delays. Since the mechanical strength of small-diameter drills is inadequate for the load and prone to breakage, tool condition monitoring and diagnosis is important to prevent sudden tool breakage, increase productivity, and promote automation in machining process. The present work is aimed to investigate a tool condition monitoring method based on the analysis of acoustic emission (AE) signals emitted during small-hole drilling. We propose DDM (Deep feature Distribution Modeling), a method for image-level anomaly detection and anomaly segmentation in time-series signal analysis. The peck drilling experiments on SKD61 steels were performed with high-speed steel (HSS) drills. The continuous wavelet transform (CWT) was applied to generate time-frequency (TF) image of the AE signals during the drilling process. The TF images were quantified as anomaly scores using the DDM, which establishes normality by fitting a multivariate Gaussian (MVG) to pre-trained deep features. The anomaly detection capability of the DDM and the convolutional autoencoder (CAE) was compared using dummy data for validation. The digital microscope was employed to measure tool wear. Chip morphology was also observed by the laser microscopy. As the tool wear progressed, the anomaly score increased or decreased, with several sharp increases observed between holes 3805 and 3869 just prior to tool failure. An increase in the width of the shear layer spacing of the chips was also observed just prior to failure. Changes in the anomaly score associated with tool wear were more clearly identified by creating anomaly maps. The present investigation shows that waveform processing of AE signals using the CWT and anomaly detection based on the DDM are efficient methods for tool condition monitoring. Our proposed approach makes it possible to visualize the differences in anomaly states using a more subdivided layer context by generating multiple anomaly maps with deep feature vectors obtained from multiple layers.  © 2023 The Japan Society of Mechanical Engineers.",AI-Pass1,Include,drilling+anomaly-detection,Y,Include,slot-domain,"DATA:AE peck drilling SKD61, holes to ~3869 | PRE:CWT time-frequency images, deep features | CLU:DDM MVG anomaly segmentation vs CAE | EV:anomaly scores and maps; none Silhouette/DBI | Open-access drilling AE unsupervised with CWT features",P1-direct
54,Toward basin-agnostic well log imputation and anomaly detection via a pre-trained time-series foundation model,2026,Energy Geoscience,10.1016/j.engeos.2026.100536,Y,borehole;petro,,missing;robust,,3,"Interpretation of subsurface storage characterization heavily depends on the quality and continuity of well log data. However, missing measurements and anomalous responses are common due to geological heterogeneity, tool limitations, and borehole conditions. Conventional machine learning and deep learning methods, such as Long Short-Term Memory (LSTM) and Convolutional Neural Networks (CNNs), have improved data recovery but remain constrained by the need for extensive retraining, labeled data, and basin-specific tuning. In this study, we present a novel application of a pre-trained time-series foundation model, TimeGPT, for well log imputation and anomaly detection that enables zero-shot inference across different basins and lithologies. This work represents one of the first applications of a generative pre-trained transformer GPT-based model to geoscientific time-series data, bridging recent advances in AI foundation modeling with subsurface analytics. We applied and fine-tuned TimeGPT using multi-log datasets (Gamma ray, Deep resistivity, Bulk density, Neutron porosity, and Sonic transit time) from the Groningen gas field in the Netherlands, and validated its performance against conventional machine learning and deep learning benchmarks. The proposed approach achieved a mean absolute error ( MAE ) between 0.02% and 0.32%, demonstrating a >10% improvement over conventional models and comparable accuracy to advanced architectures such as bidirectional LSTM and Transformers. Moreover, the model attained 93% anomaly detection accuracy using conformal prediction intervals, effectively distinguishing among geological heterogeneity, tool noise, and borehole-related anomalies. The time-series foundation models can generalize well across different geological settings without retraining, enabling basin-agnostic and data-efficient well log analysis. The integration of self-attention mechanisms and conformal uncertainty quantification provides robust, interpretable predictions for real-world reservoir characterization. This work highlights the transformative potential of generative AI in geosciences, advancing well log interpretation toward scalable, low-risk, and foundation-model-driven analytics for the next generation of subsurface intelligence. © 2026 Sinopec Petroleum Exploration and Protection Research Institute.",AI-Pass1,Include,well-log+anomaly-detection,Y,Include,slot-domain,"DATA:Groningen multi-log GR/resistivity/density/neutron/sonic | PRE:TimeGPT imputation; zero-shot; conformal intervals | CLU:TimeGPT foundation-model anomaly detection | EV:MAE 0.02-0.32%; 93% conformal coverage | Diamond OA; HTML bot-blocked, abstract plus metadata basis",P1-direct
53,Xplaces: Segmenting Physical Space Through Wi-Fi Traces Using Eigendecomposition and X-Means,2022,IEEE Access,10.1109/ACCESS.2022.3150006,Y,petro,cluster,,,3,"This study makes use of Wi-Fi connectivity data to understand how physical spaces are utilized and how it can be segmented, from which the insight gained can facilitate spatial planning and design. To carry out this study, we used a Wi-Fi connectivity data collected from a university network of 291,124 devices from 2,980 access points located across three campuses. For space segmentation, we've defined three features that characterize space utilization: crowdedness, mobility, and connectivity entropy. We've developed a new method called Xplaces that employs PCA to reduce high dimensionality of the features, eigendecomposition to extract behavioral signatures of the access points, and X-means to cluster access points without predefined number of clusters. Silhouette value was used to measure how well clusters were formed for our evaluation. Our method outperforms the state-of-the-art model i.e., eigenplaces. Our further investigation on the impact of area usage temporality on space segmentation shows that the Xplaces performs better with specific features for different temporal observation windows. For example, Xplaces works well with the crowdedness feature for the weekend's space segmentation. A set of recommended features for different temporal windows is thus also part of our study's contributions in addition to the development of the Xplaces.  © 2013 IEEE.",AI-Pass1,Exclude,E1,,,,"Wi-Fi mobility X-means clustering, no industrial transfer",
165,A cdl-based channel model with dual-polarized antennas for 5g mimo systems in rural remote areas,2020,IEEE Access,10.1109/ACCESS.2020.3020538,N-OLD,petro,cluster,,,2,"In the fifth-generation (5G) mobile networks, it is expected that users experience high throughputs with an ultra-low-latency network, while a massive number of devices are connected to the network. However, in remote rural areas, there is still a large number of people that do not have access to broadband Internet. To overcome this issue, a possible strategy is to exploit the excellent propagation conditions of very high frequency (VHF) and ultra-high frequency (UHF) bands by allowing secondary spectrum reuse in the TV white space (TVWS) channels. But for that, a reliable channel model is required to perform valid coverage and data rate prediction studies. In this paper, a channel model is proposed that takes into account large and small scale fading effects, as well as the particularities of such remote rural areas. The proposed model makes use of measurements along with the clustered delay line (CDL) profiles from 3rd Generation Partnership Project (3GPP). It is a simple model to implement and can be used to provide fast link and system-level simulations. Numerical and analytical results are provided to validate the proposed model and a data rate evaluation is carried out for single-input single-output (SISO) and multipleinput multiple-output (MIMO) configurations, as well as for single-polarized (SP) and dual-polarized (DP) antennas. © 2020 Institute of Electrical and Electronics Engineers Inc.. All rights reserved.",AI-Pass1,Exclude,Older-than-2021,,,,,
46,A measurement system for CO2and CH4emissions quantification of industrial sites using a new in situ concentration sensor operated on board uncrewed aircraft vehicles,2024,Atmospheric Measurement Techniques,10.5194/amt-17-4471-2024,Y,oil and gas,,,,2,"We developed and tested a complete measurement system to quantify CO2 and CH4 emissions at the scale of an industrial site based on the innovative sensor Airborne Ultra-light Spectrometer for Environmental Application (AUSEA), operated on board uncrewed aircraft vehicles (UAVs). The AUSEA sensor is a new light-weight (1.4 kg) open-path laser absorption spectrometer simultaneously recording in situ CO2 and CH4 concentrations at high frequency (24 Hz in this study) with precisions of 10 ppb for CH4 and 1 ppm for CO2 (when averaged at 1 Hz). It is suitable for industrial operation at a short distance from the sources (sensitivity up to 1000 ppm for CO2 and 200 ppm for CH4). Greenhouse gas concentrations monitored by this sensor throughout a plume cross section downwind of a source drive a simple mass balance model to quantify emissions from this source. This study presents applications of this method to different pragmatic cases representative of real-world conditions for oil and gas facilities. Two offshore oil and gas platforms were monitored for which our emissions estimates were coherent with mass balance and combustion calculations from the platforms. Our method has also been compared to various measurement systems (gas lidar, multispectral camera, infrared camera including concentrations and emissions quantification system, acoustic sensors, ground mobile and fixed cavity ring-down spectrometers) during controlled-release experiments conducted on the TotalEnergies Anomaly Detection Initiatives (TADI) test platform at Lacq, France. It proved suitable to detect leaks with emission fluxes down to 0.01 gs-1, with 24 % of estimated CH4 fluxes within the -20 % to +20 % error range, 80 % of quantifications within the -50 % to +100 % error range and all of our results within the -69 % to +150 % error range. Such precision levels are better ranked than current top-down alternative techniques to quantify CH4 at comparable spatial scales. This method has the potential to be operationally deployed on numerous sites and on a regular basis to evaluate the space- and time-dependent greenhouse gas emissions of oil and gas facilities.  © Copyright: 2024 Jean-Louis Bonne et al.",AI-Pass1,Exclude,E3,,,,"UAV gas quantification with mass balance, no clustering",
4,A view into crustal evolution at mantle depths,2017,Earth and Planetary Science Letters,10.1016/j.epsl.2017.02.032,N-OLD,petro,cluster,,,2,"Crustal foundering is an important mechanism in the differentiation and recycling of continental crust. Nevertheless, little is known about the dynamics of the lower crust, the temporal scale of foundering and its role in the dynamics of active margins and orogens. This particularly applies to active settings where the lower crust is typically still buried and direct access is not possible. Crustal xenoliths derived from mantle depth in the Pamir provide a unique exception to this. The rocks are well-preserved and comprise a diverse set of lithologies, many of which re-equilibrated at high-pressure conditions before being erupted in their ultrapotassic host lavas. In this study, we explore the petrological and chronological record of eclogite and felsic granulite xenoliths. We utilized accessory minerals – zircon, monazite and rutile – for coupled in-situ trace-element analysis and U–(Th–)Pb chronology by laser-ablation (split-stream) inductively coupled plasma mass spectrometry. Each integrated analysis was done on single mineral zones and was performed in-situ in thin section to maintain textural context and the ability to interpret the data in this framework. Rutile thermo-chronology exclusively reflects eruption (11.17±0.06Ma), which demonstrates the reliability of the U–Pb rutile thermo-chronometer and its ability to date magmatic processes. Conversely, zircon and monazite reveal a series of discrete age clusters between 55–11 Ma, with the youngest being identical to the age of eruption. Matching age populations between samples, despite a lack of overlapping ages for different chronometers within samples, exhibit the effectiveness of our multi-mineral approach. The REE systematics and age data for zircon and monazite, and Ti-in-zircon data together track the history of the rocks at a million-year resolution. The data reveal that the rocks resided at 30–40 km depth along a stable continental geotherm at 720–750 °C until 24–20 Ma, and were subsequently melted, densified, and buried to 80–90 km depth – 20 km deeper than the present-day Moho – at 930±35°C. The material descended rapidly, accelerating from 0.9–1.7 mm yr−1 to 4.7–5.8 mm yr−1 within 10–12 Myr, and continued descending after reaching mantle depth at 14–13 Ma. The data reflect the foundering of differentiated deep-crustal fragments (2.9–3.5 g cm−3) into a metasomatized and less dense mantle wedge. Through our new approach in constraining the burial history of rocks, we provided the first time-resolved record of this crustal-recycling process. Foundering introduced vestiges of old evolved crust into the mantle wedge over a relatively short period (c. 10 Myr). The recycling process could explain the variability in the degree of crustal contamination of mantle-derived magmatic rocks in the Pamir and neighboring Tibet during the Cenozoic without requiring a change in plate dynamics or source region. © 2017 Elsevier B.V.",AI-Pass1,Exclude,Older-than-2021,,,,,
39,"Analyses on the temporal and spatial characteristics of water quality in a seagoing river using multivariate statistical techniques: A case study in the Duliujian river, China",2019,International Journal of Environmental Research and Public Health,10.3390/ijerph16061020,N-OLD,petro,cluster,,,2,"In the Duliujian River, 12 water environmental parameters corresponding to 45 sampling sites were analyzed over four seasons. With a statistics test (Spearman correlation coefficient) and multivariate statistical methods, including cluster analysis (CA) and principal components analysis (PCA), the river water quality temporal and spatial patterns were analyzed to evaluate the pollution status and identify the potential pollution sources along the river. CA and PCA results on spatial scale revealed that the upstream was slightly polluted by domestic sewage, while the upper-middle reach was highly polluted due to the sewage from feed mills, furniture and pharmaceutical factories. The middle-lower reach, moderately polluted by sewage from textile, pharmaceutical, petroleum and oil refinery factories as well as fisheries and livestock activities, demonstrated the water purification role of wetland reserves. Seawater intrusion caused serious water pollution in the estuary. Through temporal CA, the four seasons were grouped into three clusters consistent with the hydrological mean, high and low flow periods. The temporal PCA results suggested that nutrient control was the primary task in mean flow period and the monitoring of effluents from feed mills, petrochemical and pharmaceutical factories is more important in the high flow period, while the wastewater from domestic and livestock should be monitored carefully in low flow periods. The results may provide some guidance or inspiration for environmental management. © 2019 by the authors. Licensee MDPI, Basel, Switzerland.",AI-Pass1,Exclude,Older-than-2021,,,,,
79,Anomaly Detection in Geothermal Steam Production Time Series Using Singular Spectrum Analysis †,2025,Engineering Proceedings,10.3390/engproc2025107024,Y,geothermal,,,,2,"Geothermal power generation offers a high availability factor and independence from weather conditions, yet steam production in geothermal wells often declines over time due to factors such as pressure depletion and scale deposition. To enable early detection of production anomalies and optimize maintenance, this paper proposes an anomaly detection framework based on Singular Spectrum Analysis (SSA). First, a Butterworth low-pass filter reduces high-frequency noise; then, SSA decomposes the time series, focusing on the largest singular value’s corresponding vectors. An anomaly score measures the deviation between current and historical singular vectors, and Non-Maximum Suppression (NMS) aggregates consecutive peaks to reduce false positives. We apply this method to 14 years of data from nine geothermal wells, comparing two threshold strategies: a unified threshold and well-specific thresholds. Results show that while a unified threshold simplifies deployment, individual thresholds can improve detection in certain wells, underscoring the impact of well characteristics and class imbalance. Our findings demonstrate that SSA-based anomaly detection, combined with NMS and threshold optimization, can effectively support maintenance decisions in geothermal power plants. © 2025 by the authors.",AI-Pass1,Include,geothermal+anomaly-detection,Y,Include,slot-domain,DATA:9 geothermal wells; 5-min steam production; 14 years | PRE:Butterworth low-pass denoising; NMS peak aggregation | CLU: | EV:F1/ROC/PR threshold tuning; no Silhouette/DBI/elbow | MDPI 403; methods via indexed full-text snippets,P1-direct
31,Anomaly detection based on sensor data in petroleum industry applications,2015,Sensors (Switzerland),10.3390/s150202774,N-OLD,drill;petro,,outlier,,2,"Anomaly detection is the problem of finding patterns in data that do not conform to an a priori expected behavior. This is related to the problem in which some samples are distant, in terms of a given metric, from the rest of the dataset, where these anomalous samples are indicated as outliers. Anomaly detection has recently attracted the attention of the research community, because of its relevance in real-world applications, like intrusion detection, fraud detection, fault detection and system health monitoring, among many others. Anomalies themselves can have a positive or negative nature, depending on their context and interpretation. However, in either case, it is important for decision makers to be able to detect them in order to take appropriate actions. The petroleum industry is one of the application contexts where these problems are present. The correct detection of such types of unusual information empowers the decision maker with the capacity to act on the system in order to correctly avoid, correct or react to the situations associated with them. In that application context, heavy extraction machines for pumping and generation operations, like turbomachines, are intensively monitored by hundreds of sensors each that send measurements with a high frequency for damage prevention. In this paper, we propose a combination of yet another segmentation algorithm (YASA), a novel fast and high quality segmentation algorithm, with a one-class support vector machine approach for efficient anomaly detection in turbomachines. The proposal is meant for dealing with the aforementioned task and to cope with the lack of labeled training data. As a result, we perform a series of empirical studies comparing our approach to other methods applied to benchmark problems and a real-life application related to oil platform turbomachinery anomaly detection. © 2015 by the authors; licensee MDPI, Basel, Switzerland.",AI-Pass1,Exclude,Older-than-2021,,,,,
124,Application of integrated clustering and petrophysical-microscopic methods for facies determination of Campanian–Maastrichtian and Danian–Thanetian reservoirs: Constraints for tectonostratigraphic influences on sedimentation across the NW Indian Plate margin,2019,Journal of Petroleum Science and Engineering,10.1016/j.petrol.2019.05.049,N-OLD,drill;petro,clustering;cluster,,,2,"This paper focuses on reservoirs study in tectonostratigraphic perspective using soft computing multivariate statistical technique of clustering analysis (CA) to delineate electrofacies (EF) for rock typing. The EF knowledge was combined with petrophysics, rock fabric number (rfn) and application of microscopic studies comprising thin sections (TS), scanning electron microscopy (SEM), back scattered electron (BSE) and energy dispersive X-Ray spectroscopy (EDS) on fauna acquired from novel drill cuttings of selected wells. The methods were implemented on data of eight exploratory wells from eastern Sulaiman sedimentary basin (Pakistan) to investigate tectonostratigraphic influences and reservoir characteristics of the Campanian–Maastrichtian, and Danian–Thanetian reservoirs. The Danian-Thanetian (Upper and Lower Ranikot Formations) demonstrate good reservoir rocks in the Sulaiman Fold Belt (SFB) and the northern part of the Zindapir (ZA), however, in the Sulaiman Depression (SD), the Danian-Thanetian reservoirs are shale-rich bearing poor reservoir potential based on EF log correlation. The presence of glauconite (Gl) in the Paleocene Ranikot intervals suggests transgressive (TST) or early highstand system tract (HST) for this particular formation. This evidence is further supported by the occurrence of planktonic foraminifera (Pl), the abundance of which is indicative of late TSTs and early stage HSTs. The presence of Pl in the Campanian Parh Limestone indicates an open sea environment. The clay minerals (kaolinite, chlorite, montmorillonite) occurrence in Maastrichtian Pab Sandstone suggest the detrimental effect on reservoir quality, hindering permeability and fluid flow, proposing this particular formation as a tight reservoir. The kaolinite clay type in the Lower Ranikot Sands in the northern part of ZA characterize continental to near-shore sediments, indicative of fluviatile environment. The Maastrichtian Mughal Kot Formation in the SFB indicates arkosic sandstone (feldspar-rich) with some micaceous content and montmorillonite. The findings from the EF correlation of different wells demonstrate that the reservoir rocks in the SD to the southeast are more shale rich in comparison to those encountered in the SFB in the northeast and northwest. The rfn suggests class 1 type rock fabric (grain dominant) for the Cretaceous Parh Limestone. Due to incomplete logging data, it was not possible to derive rfn for Paleocene formations. The results validate the reservoir heterogeneities on microscopic and small-scale using drill cuttings and well logs. Geologically, active tectonics during the Cretaceous and Paleocene, local sea level fluctuations, diagenesis, clay mineralogy and paleo-topography have strongly affected the lateral variation of facies of Campanian–Maastrichtian, and Danian–Thanetian reservoirs. Moreover, regional active tectonics (Himalayan Orogeny) spanning the Cretaceous and Paleogene Periods also played a major role in crafting the reservoir architecture of various rock units. The results demonstrate the Campanian–Maastrichtian and Danian–Thanetian reservoirs as promising exploratory targets in the SFB. The comparison of the achieved outcomes showed a close agreement with the lateral facies variation in Cretaceous (Campanian–Maastrichtian) and Paleocene (Danian–Thanetian) across the study area. © 2019 Elsevier B.V.",AI-Pass1,Exclude,Older-than-2021,,,,,
16,Application-Oriented Data Analytics in Large-Scale Metal Sheet Bending,2023,Applied Sciences (Switzerland),10.3390/app132413187,Y,,clustering;cluster,,,2,"The sheet-metal-forming process is crucial in manufacturing various products, including pipes, cans, and containers. Despite its significance, controlling this complex process is challenging and may lead to defects and inefficiencies. This study introduces a novel approach to monitor the sheet-metal-forming process, specifically focusing on the rolling of cans in the oil-and-gas sector. The methodology employed in this work involves the application of temporal-signal-processing and artificial-intelligence (AI) techniques for monitoring and optimizing the manufacturing process. Temporal-signal-processing techniques, such as Markov transition fields (MTFs), are utilized to transform time series data into images, enabling the identification of patterns and anomalies. synamic time warping (DTW) aligns time series data, accommodating variations in speed or timing across different rolling processes. K-medoids clustering identifies representative points, characterizing distinct phases of the rolling process. The results not only demonstrate the effectiveness of this framework in monitoring the rolling process but also lay the foundation for the practical application of these methodologies. This allows operators to work with a simpler characterization source, facilitating a more straightforward interpretation of the manufacturing process. © 2023 by the authors.",AI-Pass1,Include,industrial-sensor+clustering,,,,K-medoids clustering of metal-forming time-series signals,P2-transfer
48,Arsenic-fluoride co-contamination in groundwater: Background and anomalies in a volcanic-sedimentary aquifer in central Italy,2020,Journal of Geochemical Exploration,10.1016/j.gexplo.2020.106590,N-OLD,geothermal,clustering;cluster,,,2,"In a volcanic-sedimentary aquifer in central Italy, we investigate the co-existence of arsenic and fluoride in groundwater, aiming at identifying the most probable processes deductible at regional/groundwater body scale leading to the observed co-contamination in groundwater. Further, the areas at risk for human health where high concentrations can produce a significant risk to human health have been investigated. The study area is located in Latium (Central Italy) where silica-undersaturated alkali-potassic formations of Plio-Pleistocene age largely outcrop above marine and continental sand and clay deposits (Neogene) and continental alluvial deposits (Lower Pleistocene–Middle Pleistocene). Geochemical data from groundwater at 322 wells and 76 springs have been analyzed through statistical methods including clustering/PCA and geostatistical analysis. The results show exceedances of the drinking water standards for F (1.5 mg/L) and As (10.0 μg/L) in 29% and 55% of the sampled groundwater, respectively. Multivariate statistics suggest a widespread process of water-rock interaction with the K-alkaline volcanic formations releasing As, F, K, Si, V, Rb and PO4 to the groundwater. As and F show a good correlation (Pearson's r = 0.61, Spearman's rs = 0.59) and define a separate PCA component, confirming that their background in groundwater might be governed by a common process. Kriging interpolations have been used to study the spatial distribution of the two parameters, identifying areas with the highest concentrations and highest probability of exceeding the standards for human consumption. Moreover, by resampling the As-F data with the jackknife technique it was possible to identify the variations of their correlation index in the study area, due to specific As or F anomalies. While in the peripheral areas of the volcanic districts, dominated by sedimentary deposits, the As-F correlation index does not present important fluctuations, Indicator Kriging shows specific As or F correlation anomalies within the volcanic groundwater bodies and along the Tyrrhenian coastline. These anomalies seem to correspond to the zones with the highest thermal flux and/or are located near important structural lineaments. Fluoride correlation anomalies close to mining sites (fluorite) have also been observed. We hypothesize that, unlike the regional co-contamination, these local anomalies are related to the upwelling of geothermal fluids along fracture/fault systems that mix with cold groundwater, or to the interaction with mineral deposits particularly enriched of these elements. © 2020 The Authors",AI-Pass1,Exclude,Older-than-2021,,,,,
88,Artificial neural networks for tool wear prediction based on sensor fusion monitoring of CFRP/CFRP stack drilling,2018,International Journal of Automation Technology,10.20965/ijat.2018.p0275,N-OLD,drill,,feature extraction,,2,"An intelligent sensor monitoring procedure was implemented to monitor the drilling of carbon fiber reinforced plastic (CFRPVCFRI) stacks used in the assembly of aircraft fuselage panels: the signals from these sensors were then used to develop an artificial neural network-based cognitive paradigm to predict tool wear, which would allow on-line decision making regarding tool replacement. A multiple sensor system, capable of acquiring signals relative to thrust force, torque, and acoustic emission RMS. was employed during experimental drilling tests, under different rotational speed and feed conditions. Advanced sensor signal processing techniques, including signal conditioning and segmentation, as well as statistical feature extraction and data fusion, were implemented on the acquired signals. Selected statistical features extracted from the multiple sensor signals in the time domain were combined via sensor fusion techniques to construct sensor fusion pattern vectors. These were then fed to artificial neural networks for pattern recognition. with the goal of finding correlations which would allow the prediction of the corresponding tool wear. The tool wear prediction performed by the artificial neural network can be utilized to support decision making at the appropriate time for worn tool replacement. Which is extremely useful for drilling automation. As well as for estimating the quality of the drilled holes. © 2018, Fuji Technology Press. All rights reserved.",AI-Pass1,Exclude,Older-than-2021,,,,,
47,Can we trust remote sensing evapotranspiration products over Africa,2020,Hydrology and Earth System Sciences,10.5194/hess-24-1565-2020,N-OLD,petro,cluster,,,2,"Evapotranspiration (ET) is one of the most important components in the water cycle. However, there are relatively few direct measurements of ET available (e.g. using flux towers). Nevertheless, various disciplines, ranging from hydrology to agricultural and climate sciences, require information on the spatial and temporal distribution of ET at regional and global scales. Due to the limited data availability, attention has turned toward satellite-based products to fill observational gaps. Various data products, including remote sensing (RS) products, have been developed and provide a large range of ET estimations. Across Africa, only a limited number of flux towers are available; hence, they are insufficient for the systematic evaluation of the available ET products. Thus, in this study, we conduct a methodological evaluation of nine existing RS-derived ET products as well as other available ET products in order to evaluate their reliability at the basin scale. A general water balance (WB) approach is used, where ET is equal to precipitation minus discharge for long-term averages. Firstly, ET products are compared with WB-inferred ET (ET<span classCombining double low line""inline-formula"">WB</span>) for basins that do not show long-term trends. The ET products and the calculated ET<span classCombining double low line""inline-formula"">WB</span> are then evaluated against the Budyko equation, which is used as a reference condition. The spatial characteristics of the ET products are finally assessed via the analysis of selected land cover elements across Africa: forests, irrigated areas and water bodies. Additionally, a cluster analysis is conducted to identify similarities between individual ET products. The results show that CMRSET, SSEBop and WaPOR rank highest in terms of the estimation of the long-term average mean ET across basins, with low biases and good spatial variability across Africa. GLEAM consistently ranks lowest in most evaluation criteria, although it has the longest available time period. Each product shows specific advantages and disadvantages. Depending on the study in question, at least one product should be suitable for a particular requirement. The reader should bear in mind that many products suffer from a large bias. Based on the evaluation criteria in this study, the three highest ranked products, CMRSET, SSEBop and WaPOR, would suit many users' needs due to the low biases and good spatial variability across Africa. © Author(s) 2020. This work is distributed under the Creative Commons Attribution 4.0 License.",AI-Pass1,Exclude,Older-than-2021,,,,,
63,"Comparing compositional multivariate outliers with autoencoder networks in anomaly detection at Hamich exploration area, east of Iran",2017,Journal of Geochemical Exploration,10.1016/j.gexplo.2017.05.008,N-OLD,drill,,outlier,,2,"Newly presented machine learning methods based on Deep Belief Networks like autoencoders have opened a new window on anomaly identification in different fields of the science. They reconstruct the normal probability distribution pattern of the input data using stacks of Continuous Restricted Boltzmann Machines (CRBM) and thus determining the outliers. Therefore using this machine on geochemical samples taken in regional exploration scale, might be an acceptable way to delineate the multivariate anomalies and propose the next targets for detailed exploration. On the other hand, due to compositional nature of geochemical data, compositional data analysis (CoDa) has been developed to identify multivariate outliers or anomalies in recent years. A comparison between both methods has been made applying them on lithogeochemical samples of Hamich area in Southern Khorasan, East of Iran. The area was explored in details some years ago and veinlets of galena-sphalerite-pyrite at depth, based on the outcrops of Cu-Pb, were verified by additional core drillings. We used its final report to validate the results of both methods. They showed that the two completely different methods could get the same acceptable targets. However the CoDa approach needs less parameters and shows which elements are responsible for the anomalies. © 2017 Elsevier B.V.",AI-Pass1,Exclude,Older-than-2021,,,,,
148,"Comparison of novel semi-airborne electromagnetic data with multi-scale geophysical, petrophysical and geological data from Schleiz, Germany",2020,Journal of Applied Geophysics,10.1016/j.jappgeo.2020.104172,N-OLD,borehole;petro,clustering;cluster,,,2,"In the framework of the Deep Electromagnetic Sounding for Mineral EXploration (DESMEX) project, we carried out multiple geophysical surveys from regional to local scales in a former mining area in the state of Thuringia, Germany. We prove the applicability of newly developed semi-airborne electromagnetic (EM) systems for mineral exploration by cross-validating inversion results with those of established airborne and ground-based investigation techniques. In addition, supporting petrophysical and geological information to our geophysical measurements allowed the synthesis of all datasets over multiple scales. An initial regional-scale reconnaissance survey was performed with BGR's standard helicopter-borne geophysical system deployed with frequency-domain electromagnetic (HEM), magnetic and radiometric sensors. In addition to geological considerations, the HEM results served as base-line information for the selection of an optimal location for the intermediate-scale semi-airborne EM experiments. The semi-airborne surveys utilized long grounded transmitters and two independent airborne receiver instruments: induction coil magnetometers and SQUID sensors. Due to the limited investigation depth of the HEM method, local-scale electrical resistivity tomography (ERT) and long-offset transient electromagnetic (LOTEM) measurements were carried out on a reference profile, enabling the validation of inversion results at greater depths. The comparison of all inversion results provided a consistent overall resistivity distribution. It further confirmed that both semi-airborne receiver instruments achieve the bandwidth and sensitivity required for the investigation of the resistivity structure down to 1 km depth and therewith the detection of deeply seated earth resources. A 3D geological model, lithological and geophysical borehole logs as well as petrophysical investigations were integrated to interpret of the geophysical results. Distinct highly-conductive anomalies with resistivities of less than 10 Ωm were identified as alum shales over all scales. Apart from that, the petrophysical investigations exhibited that correlating geophysical and geological information using only one single parameter, such as the electrical resistivity, is hardly possible. Therefore, we developed a first approach based on clustering methods and self-organizing maps (SOMs) that allowed us to assign geological units at the surface to a given combination of geophysical and petrophysical parameters, obtained on different scales. © 2020 The Authors",AI-Pass1,Exclude,Older-than-2021,,,,,
149,Compositional multivariate statistical analysis of thermal groundwater provenance: A hydrogeochemical case study from Ireland,2016,Applied Geochemistry,10.1016/j.apgeochem.2016.05.008,N-OLD,geothermal,cluster,,,2,"Thermal groundwater is currently being exploited for district-scale heating in many locations world-wide. The chemical compositions of these thermal waters reflect the provenance and circulation patterns of the groundwater, which are controlled by recharge, rock type and geological structure. Exploring the provenance of these waters using multivariate statistical analysis (MSA) techniques increases our understanding of the hydrothermal circulation systems, and provides a reliable tool for assessing these resources. Hydrochemical data from thermal springs situated in the Carboniferous Dublin Basin in east-central Ireland were explored using MSA, including hierarchical cluster analysis (HCA) and principal component analysis (PCA), to investigate the source aquifers of the thermal groundwaters. To take into account the compositional nature of the hydrochemical data, compositional data analysis (CoDa) techniques were used to process the data prior to the MSA. The results of the MSA were examined alongside detailed time-lapse temperature measurements from several of the springs, and indicate the influence of three important hydrogeological processes on the hydrochemistry of the thermal waters: 1) salinity and increased water-rock interaction; 2) dissolution of carbonates; and 3) dissolution of sulfides, sulfates and oxides associated with mineral deposits. The use of MSA within the CoDa framework identified subtle temporal variations in the hydrochemistry of the thermal springs, which could not be identified with more traditional graphing methods, or with a standard statistical approach. The MSA was successful in distinguishing different geological settings and different annual behaviours within the group of springs. This study demonstrates the usefulness of the application of MSA within the CoDa framework in order to better understand the underlying controlling processes governing the hydrochemistry of a group of thermal springs in a low-enthalpy setting. © 2016 Elsevier Ltd",AI-Pass1,Exclude,Older-than-2021,,,,,
142,Development of a Hybrid IIoT-Deep Learning-Based System for Predictive Maintenance of Industrial Steam Boilers,2026,Sci,10.3390/sci8070149,Y,oil and gas,,,,2,"This paper introduces an IIoT-based hybrid predictive maintenance system for industrial steam boilers, which responds to the increased demands for making intelligent and accurate decisions by leveraging data-driven analytics in complex industrial environments. The proposed approach presents comparative hybrid predictive monitoring frameworks based on Long Short-Term Memory (LSTM) and Gated Recurrent Unit (GRU) models integrated with Statistical Process Control (SPC) and Cumulative Sum (CUSUM) monitoring techniques for industrial boiler monitoring; it allows accurate system behavior prediction coupled with enhanced anomaly detection across interconnected subsystems. To ensure practicability, the framework is implemented in an integrated operation technology and information technology (OT–IT) architecture with one year of real operation data from an industrial steam boiler in an oil refinery. A two-phase validation strategy is employed to overcome the gap between offline model development and application. During the initial phase, predictive models are developed and tested based on multivariate time-series data to model both the time dependence of the processes and the mechanical variables. The second phase involves the online deployment of the predictive monitoring framework through a Hardware-in-the-Loop (HiL) implementation with Programmable Logic Controller (PLC)-based and Open Platform Communications Unified Architecture (OPC UA) communication to enhance realistic system validation under emulated boiler process conditions without disrupting live plant operations. The experimental results indicate that the GRU model outperforms the LSTM, achieving good R2 (0.8956) and mean absolute percentage error (MAPE, 0.6345%), demonstrating strong predictive accuracy across key operational variables. In addition, SPC is used to set up adaptive operational thresholds based on normal industrial process behavior, and then CUSUM is applied to the prediction residuals to improve the detection of the gradual degradation of the system. Real-time validation ensures system stability, low latency, and bidirectional data transfer between the OT and IT layers, enabling continuous monitoring and real-time decision-making. The proposed solution provides a practical and scalable predictive maintenance framework in an industrial context, particularly in oil and gas operations, that helps to transition to Industry 4.0 and intelligent asset management. © 2026 by the authors.",AI-Pass1,Include,domain+method,,,,Industrial boiler multivariate time-series anomaly detection transferable,P2-transfer
59,Effects of small-scale gold mining on heavy metal levels in groundwater in the Lower Pra Basin of Ghana,2018,Applied Water Science,10.1007/s13201-018-0773-z,N-OLD,borehole,cluster,,,2,"The effects of small-scale gold mining activities on heavy metal levels in groundwater were determined for the Lower Pra Basin of Ghana. Sixty five boreholes in 45 communities were analysed between January 2012 and April 2012 for the dry season and June and October 2012 for the wet season. The test for significance and the use of cluster analysis, a multivariate approach, clearly delineate Cu, Zn, Cd and Hg as possible anthropogenic contributors, whilst As, Se and Pb could be both anthropogenic and natural geochemical process contributors of metal level concentrations in the groundwater. The analysis shows generally low pH values in the basin with more than 95% of dry season and almost all wet season values being acidic or slightly acidic. Approximately 35% of boreholes in the wet season recorded values for cadmium above WHO guideline value of 3.0 µg/l with almost all dry season values falling below 3.0 µg/l except for two boreholes. Generally, high values were recorded for iron, manganese, lead, Al and Hg. In general, lead, copper, cadmium and manganese showed higher wet season values than dry season suggesting anthropogenic influence. © 2018, The Author(s).",AI-Pass1,Exclude,Older-than-2021,,,,,
141,"Evolution of a dynamic paleo-hydrothermal system at Mangatete, Taupo Volcanic Zone, New Zealand",2014,Journal of Volcanology and Geothermal Research,10.1016/j.jvolgeores.2014.06.010,N-OLD,geothermal,cluster,,,2,"Recent quarrying and active faulting at Mangatete, Taupo Volcanic Zone (TVZ), New Zealand, illuminate a rare spatial and temporal window on a dynamic Late Quaternary geothermal system. Detailed geological mapping, stratigraphic logging, AMS 14C dating, and textural and mineralogical analyses were used to construct a complex history of hydrothermal, volcanological and tectonic activity from ~36 to 2ka. Extinct, surface hydrothermal manifestations occur over a ~2km2 area, and include in situ siliceous sinters distributed on normal fault terraces, an inferred hydrothermal eruption breccia (HEB) containing acid-etched sinter blocks, another probable HEB that was bathed in silicifying thermal fluids, and sinter clasts that were entrained in a debris flow associated with a volcanic ash event. Preserved sinter textures typical of near-neutral pH, alkali chloride spring discharge channels, aprons, terraces and affiliated marshes comprise plant-rich, palisade, tufted bubble mat, and domal stromatolitic fabrics. In addition, a packed fragmental sinter facies is shown herein to constitute silicified microbial mats that were broken, transported and deposited as point bar deposits in thermal spring-fed streams. Moreover, four unusual siliceous sinter fabrics-vuggy, globular spongy, scalloped, and arcuate wavy layered-are interpreted to have formed from local acid-sulfate-chloride thermal springs, possibly associated with paleo-fumaroles. The reconstructed history of paleo-hydrothermal activity indicates that the oldest sinters (~36ka) at Mangatete developed in alkali chloride hot springs, but then underwent post-depositional alterion/overprinting by acid-sulfate steam condensate and were dismembered, possibly by a hydrothermal eruption. Low pH hot-spring discharges forming the unusual, inferred acid sinter fabrics were localized in the same area. A shift in paleo-hydrology is evidenced by unaltered, alkali chloride sinters dated between ~22 and 3ka. A cluster of sinter dates between 22.7 and 20.7ka denote thermal fluid emissions around the time of the Okareka eruption (~22.1ka). An ~11kyr gap in sinter ages followed, which overlaps with a time of relative quiescence in local fault movement in between the Rotorua and Rotoma eruptions, as determined from previous paleo-seismicity studies on the Whirinaki Fault in the Mangatete area. At ~9.4ka, hot spring activity in thermally fed streams slightly post-dated the Rotoma eruption (~9.5ka). The locations and ages of the youngest (post-9.4ka) alkali chloride sinters and silicified paleosols in relation to Whirinaki Fault movements indicate an overall westward migration of siliceous spring discharge. Dated charcoal (~1.8kyr) in ash at the base of a locally extensive, volcaniclastic debris flow, containing sinter blocks of a range of ages and mineralogical maturity, suggests its affiliation with the Taupo eruption. Mangatete sinters occur along SW-NE striking faults parallel to the regional trend of the TVZ, which dissect the topography into stepped terraces. Inferred basement cross-faults in the study area, i.e. structural lineaments orthogonal to this trend, may have served as fluid pathways at depth, initiating and maintaining hydrothermal activity at Mangatete for more than 30kyr. Within the larger Ngakuru Graben (~150km2), the ages and distributions of sinters and hydrothermal eruption breccias, including those at Mangatete, show that significant hydrothermal activity occurred for more than 60kyr, in an area lacking such activity today. Thus, Mangatete retains a rare stratigraphic record within the TVZ sinter archive of changing geothermal fluids, resulting from shifts in paleo-phreatic water levels. Moreover, although limited, the presented age data imply a relationship among seismic activity, volcanic ash fall events, and the occurrence of permeable pathways for upward migration of thermal fluids. Finally, whereas currently active TVZ geothermal fields appear to be stable over tens of thousands of years or more, the fossil hydrothermal systems in the wider Mangatete area demonstrate the possibility of much greater temporal variability in the lateral expression of local surface manifestations of thermal fluid discharge through time. © 2014 Elsevier B.V.",AI-Pass1,Exclude,Older-than-2021,,,,,
7,External factors driving surface temperature changes above geothermal systems: answers from deep learning,2024,Frontiers in Earth Science,10.3389/feart.2024.1372621,Y,geothermal,,,,2,"Introduction: The surface expression of enhanced geothermal heat fluxes above an active hydrothermal system causes a surface thermal anomaly (ΔT). The thermal anomaly is expressed by the difference between the temperature within the heated zone (Th) and the temperature of non-heated surfaces (T0). Given that the resulting thermal anomaly at the surface is of extremely low magnitude (1°C–5°C at Vulcano, Italy), it is extremely sensitive to overprinting by external factors, namely, meteorological influences on surface temperature variation, such as solar heating, wind and rain. Methods: To test the sensitivity of the surface to external drivers, we installed two surface temperature measurement stations within the Vulcano’s Fossa crater, one inside the thermal anomaly and one outside (separation = 50 m), with a weather station co-located with the T0 station. Time series of Th and T0 were collected for 2020, when the Vulcano Fossa hydrothermal system was at a low and stable level of activity so that external drivers would have been the main influences on Th and T0, and hence also ΔT. To test for divergence from normality in terms of diurnal and seasonal variations in Th and T0, and the role of external factors in causing abnormality, we used the deep learning engine DITAN: a domain-agnostic framework to detect and interpret anomalies in time-series data. Results: During the year, DITAN found 16 cases of two types of meteorological events: intense low-pressure systems and high-intensity rainstorms (cloudbursts). Passage of 13 abnormal low-pressure systems were detected (10 between February and May, and three in December), with three abnormal rainstorm events (all in December); all three being coincident with the abnormal low pressure events. We find just two abnormalities in the time series for of Th and T0, both of which coincide with passage of abnormal low-pressure systems, and neither of which coincide with abnormal rain events. We conclude that diurnal and annual heating and cooling cycles, subject to normal meteorological inputs and at a surface above a geothermal-heated source, are immune to anomalous behaviour to the external (meteorological) variations. Copyright © 2024 Giannoulis, Pailot-Bonnétat, Barra and Harris.",AI-Pass1,Include,domain+method,Y,Include,slot-domain,"DATA:Vulcano 2020; 7 sensors Th/T0/meteo; 1-10 min sampling | PRE:min-max scaling [-3,3]; optional decomposition; gaps reported | CLU: | EV:precision/recall/F0.5; none of k/Silhouette/DBI/elbow | Frontiers full-text HTML accessible",P1-direct
174,Fiber-Optic Network Observations of Earthquake Wavefields,2017,Geophysical Research Letters,10.1002/2017GL075722,N-OLD,geothermal,cluster,,,2,"Our understanding of subsurface processes suffers from a profound observation bias: seismometers are sparse and clustered on continents. A new seismic recording approach, distributed acoustic sensing (DAS), transforms telecommunication fiber-optic cables into sensor arrays enabling meter-scale recording over tens of kilometers of linear fiber length. We analyze cataloged earthquake observations from three DAS arrays with different horizontal geometries to demonstrate some possibilities using this technology. In Fairbanks, Alaska, we find that stacking ground motion records along 20 m of fiber yield a waveform that shows a high degree of correlation in amplitude and phase with a colocated inertial seismometer record at 0.8–1.6 Hz. Using an L-shaped DAS array in Northern California, we record the nearly vertically incident arrival of an earthquake from The Geysers Geothermal Field and estimate its backazimuth and slowness via beamforming for different phases of the seismic wavefield. Lastly, we install a fiber in existing telecommunications conduits below Stanford University and show that little cable-to-soil coupling is required for teleseismic P and S phase arrival detection. ©2017. American Geophysical Union. All Rights Reserved.",AI-Pass1,Exclude,Older-than-2021,,,,,
70,Fine-resolution mapping of pan-arctic lake ice-off phenology based on dense sentinel-2 time series data,2021,Remote Sensing,10.3390/rs13142742,Y,petro,,,,2,"The timing of lake ice-off regulates biotic and abiotic processes in Arctic ecosystems. Due to the coarse spatial and temporal resolution of available satellite data, previous studies mainly focused on lake-scale investigations of melting/freezing, hindering the detection of subtle patterns within heterogeneous landscapes. To fill this knowledge gap, we developed a new approach for fine-resolution mapping of Pan-Arctic lake ice-off phenology. Using the Scene Classification Layer data derived from dense Sentinel-2 time series images, we estimated the pixel-by-pixel ice break-up end date information by seeking the transition time point when the pixel is completely free of ice. Applying this approach on the Google Earth Engine platform, we mapped the spatial distribution of the break-up end date for 45,532 lakes across the entire Arctic (except for Greenland) for the year 2019. The evaluation results suggested that our estimations matched well with both in situ measurements and an existing lake ice phenology product. Based on the generated map, we estimated that the average break-up end time of Pan-Arctic lakes is 172 ± 13.4 (measured in day of year) for the year 2019. The mapped lake ice-off phenology exhibits a latitudinal gradient, with a linear slope of 1.02 days per degree from 55◦N onward. We also demonstrated the importance of lake and landscape characteristics in affecting spring lake ice melting. The proposed approach offers new possibilities for monitoring the seasonal Arctic lake ice freeze–thaw cycle, benefiting the ongoing efforts of combating and adapting to climate change. © 2021 by the authors. Licensee MDPI, Basel, Switzerland.",AI-Pass1,Exclude,E1,,,,Arctic lake ice remote sensing no industrial transfer,
93,Forensic differentiation of diesel fuels using hydrocarbon isotope fingerprints,2013,Central European Geology,10.1556/CEuGeol.56.2013.1.3,N-OLD,petro,clustering;cluster,,,2,"Compound-specific isotope analysis (CSIA) is fast becoming an important tool to provide chemical evidence in a forensic investigation. Attempts to trace environmental oil spills were successful where isotopic values were particularly distinct. However, difficulties arise when a large dataset is analyzed and the isotopic differences between samples are subtle. Thus, this study intends to demonstrate any linkages between diesel fuels in a large number of datasets where subtlety in the isotopic values is accentuated by the near single-point source of origin. Diesel fuels were obtained from various locations in the South Island of New Zealand. Aliquots of these samples were diluted with n-pentane and subsequently analyzed with gas chromatography-isotope ratio mass spectrometry (GC-IRMS) for carbon and hydrogen isotope values. The data obtained were subjected to principal component analysis (PCA) and hierarchical clustering. A wide range of delta;13C and δ2H values were determined for the ubiquitous alkane compounds (the greatest values being -4.5‰ and -40‰, respectively). Based on the isotopic character of the alkanes it is suggested that diesel fuels from different locations were distinguishable and that the key components in the differentiation are the δ2H values of the shorter chain-length alkanes. However, while the stable isotope measurements may provide information to classify a sample at a broad scale, much more detailed information is required on the temporal and spatial variability of diesel compositions. Conclusively, the subtle differences of the stable isotope values within the alkanes of different diesel fuels highlighted the power of CSIA as a means of differentiating petroleum products of different origins, even more so when two or more stable isotopes data are combined. This paper shows that CSIA when used in tandem with multivariate statistical methods can be a collection of tools for source apportionment of hydrocarbons by demonstrating a straightforward approach, thus eliminating lengthy analytical processes.",AI-Pass1,Exclude,Older-than-2021,,,,,
102,Full-waveform-based characterization of acoustic emission activity in a mine-scale experiment: A comparison of conventional and advanced hydraulic fracturing schemes,2020,Geophysical Journal International,10.1093/gji/ggaa127,N-OLD,borehole;geothermal,cluster,,,2,"Understanding fracturing processes and the hydromechanical relation to induced seismicity is a key question for enhanced geothermal systems (EGS). Commonly massive fluid injection, predominately causing hydroshearing, are used in large-scale EGS but also hydraulic fracturing approaches were discussed. To evaluate the applicability of hydraulic fracturing techniques in EGS, six in situ, multistage hydraulic fracturing experiments with three different injection schemes were performed under controlled conditions in crystalline rock at the Äspö Hard Rock Laboratory (Sweden). During the experiments the near-field ground motion was continuously recorded by 11 piezoelectric borehole sensors with a sampling rate of 1 MHz. The sensor network covered a volume of 30×30×30 m around a horizontal, 28-m-long injection borehole at a depth of 410 m. To extract and characterize massive, induced, high-frequency acoustic emission (AE) activity from continuous recordings, a semi-automated workflow was developed relying on full waveform based detection, classification and location procedures. The approach extended the AE catalogue from 196 triggered events in previous studies to more than 19 600 located AEs. The enhanced catalogue, for the first time, allows a detailed analysis of induced seismicity during single hydraulic fracturing experiments, including the individual fracturing stages and the comparison between injection schemes. Beside the detailed study of the spatio-temporal patterns, event clusters and the growth of seismic clouds, we estimate relative magnitudes and b-values of AEs for conventional, cyclic progressive and dynamic pulse injection schemes, the latter two being fatigue hydraulic fracturing techniques. While the conventional fracturing leads to AE patterns clustered in planar regions, indicating the generation of a single main fracture plane, the cyclic progressive injection scheme results in a more diffuse, cloud-like AE distribution, indicating the activation of a more complex fracture network. For a given amount of hydraulic energy (pressure multiplied by injected volume) pumped into the system, the cyclic progressive scheme is characterized by a lower rate of seismicity, lower maximum magnitudes and significantly larger b-values, implying an increased number of small events relative to the large ones. To our knowledge, this is the first direct comparison of high resolution seismicity in a mine-scale experiment induced by different hydraulic fracturing schemes. © 2020 The Author(s) 2020. Published by Oxford University Press on behalf of The Royal Astronomical Society.",AI-Pass1,Exclude,Older-than-2021,,,,,
113,How does the connectivity of open-framework conglomerates within multi-scale hierarchical fluvial architecture affect oil-sweep efficiency in waterflooding?,2015,Geosphere,10.1130/GES01115.1,N-OLD,petro,cluster,,,2,"Understanding multi-phase fluid flow and transport processes within aquifers, candidate reservoirs for CO2 sequestration, and petroleum reservoirs requires understanding a diverse set of geologic properties of the aquifer or reservoir, over a wide range of spatial and temporal scales. We focus on multiphase flow dynamics with wetting (e.g., water) and non-wetting (e.g., gas or oil) fluids, with one invading another. This problem is of general interest in a number of fields and is illustrated here by considering the sweep efficiency of oil during a waterflood. Using a relatively fine-resolution grid throughout a relatively large domain in these simulations and probing the results with advanced scientific visualization tools (Reservoir Visualization Analysis [RVA]/ParaView software) promote a better understanding of how smaller-scale features affect the aggregate behavior at larger scales. We studied the effects on oil-sweep efficiency of the proportion, hierarchical organization, and connectivity of high-permeability open-framework conglomerate (OFC) cross-sets within the multi-scale stratal architecture found in fluvial deposits. We analyzed oil production rate, water breakthrough time, and spatial and temporal distribution of residual oil saturation. As expected, the effective permeability of the reservoir exhibits large-scale anisotropy created by the organization of OFC cross-sets within unit bars, and the organization of unit bars within compound- bars. As a result, oil-sweep efficiency critically depends on the direction of the pressure gradient. However, contrary to expectations, the total amount of trapped oil due to the effect of capillary trapping does not depend on the magnitude of the pressure gradient within the examined range. Hence the pressure difference between production and injection wells does not affect sweep efficiency; although the spatial distribution of oil remaining in the reservoir depends on this value. Whether or not clusters of connected OFC span the domain affects only the absolute rate of oil production-not sweep efficiency. © 2016 Geological Society of America.",AI-Pass1,Exclude,Older-than-2021,,,,,
18,"Implications for controls on Upper Cambrian microbial build-ups across multiple-scales, Mason County, Central Texas, USA",2020,Marine and Petroleum Geology,10.1016/j.marpetgeo.2020.104590,N-OLD,petro,clustering;cluster,,,2,"The morphological architecture and distribution of modern and ancient carbonate systems has been shown to follow spatial-self-organization, however, limited studies describe the morphometrics of microbial carbonates. Upper Cambrian microbial-build-ups outcropping in Central Texas, are exposed laterally (plan view), enabling a study of their morphological architecture and spatial distribution. Drone imagery was acquired to capture the outcrop features and develop a digital terrain model (cm scale resolution) for a bedding plane outcrop (600 × 200 m in size). Four scales of microbial growth (S1- few dm, S2- few m, S3- few tens of m, and S4- few hundreds of m) were identified and mapped. A series of morphometric analysis including Ripley's k, univariate, multivariate, and grouping were conducted and results demonstrate that, the scales S1, S2, and S3 display clustering and the spatial organization of microbial-buildups is naturally organized and not random. Further, as the size of the build-ups increases (from S1–S4), the anisotropy (length/width) increases, their shape becomes oblong, and they become aligned (S2–S4) with the inferred regional winds and tide-associated currents (NE-SW according to the present geography). The S1 scale does not align itself with the regional currents; instead, the build-ups behaved as a baffle during growth, and modified the currents locally, leading to preferential alignment at the edges within S2. As the scales increases in sizes (S2, S3, S4), there is competition for space, and due to regional currents, the larger scales preferentially align parallel to high-energy currents. The trends and spatial relationships identified in this study are particularly relevant and provide a scenario for sub-seismic scale heterogeneities for subsurface microbial hydrocarbon reservoirs. © 2020 Elsevier Ltd",AI-Pass1,Exclude,Older-than-2021,,,,,
86,Intelligent fault diagnosis for rotating machinery based on potential energy feature and adaptive transfer affinity propagation clustering,2021,Measurement Science and Technology,10.1088/1361-6501/abfef5,Y,,clustering;cluster,,,2,"To identify fault types with a small amount of unlabeled fault data of rotating machinery, an intelligent fault diagnosis algorithm based on the potential energy feature and adaptive transfer affinity propagation clustering was proposed in this work. The algorithm can extract potential energy features from the intrinsic mode functions of a vibration signal using complete ensemble empirical mode decomposition with adaptive noise. An adaptive transfer judgment model is established from the source domain data after sensitive features extraction and self-weight analysis. The model can adjust the parameters according to the different target domains with unlabeled data. The effectiveness of the proposed intelligent fault diagnosis for roller bearings has been verified on different test-rigs, compared with the traditional classification techniques.  © 2021 IOP Publishing Ltd.",AI-Pass1,Include,domain+method,,,,Rotating machinery vibration affinity propagation clustering method,P2-transfer
95,Machine learning reveals cyclic changes in seismic source spectra in Geysers geothermal field,2018,Science Advances,10.1126/sciadv.aao2929,N-OLD,geothermal,clustering;cluster,,,2,"The earthquake rupture process comprises complex interactions of stress, fracture, and frictional properties. New machine learning methods demonstrate great potential to reveal patterns in time-dependent spectral properties of seismic signals and enable identification of changes in faulting processes. Clustering of 46,000 earthquakes of 0.3 < ML < 1.5 from the Geysers geothermal field (CA) yields groupings that have no reservoir-scale spatial patterns but clear temporal patterns. Events with similar spectral properties repeat on annual cycles within each cluster and track changes in the water injection rates into the Geysers reservoir, indicating that changes in acoustic properties and faulting processes accompany changes in thermomechanical state. The methods open new means to identify and characterize subtle changes in seismic source properties, with applications to tectonic and geothermal seismicity. Copyright © 2018 The Authors.",AI-Pass1,Exclude,Older-than-2021,,,,,
13,Multivariate Sensor Data Analysis for Oil Refineries and Multi-mode Identification of System Behavior in Real-time,2018,IEEE Access,10.1109/ACCESS.2018.2877097,N-OLD,petro,dbscan;clustering;cluster,,,2,"Large-scale oil refineries are equipped with mission-critical heavy machinery (boilers, engines, turbines, and so on) and are continuously monitored by thousands of sensors for process efficiency, environmental safety, and predictive maintenance purposes. However, sensors themselves are also prone to errors and failure. The quality of data received from these sensors should be verified before being used in system modeling. There is a need for reliable methods and systems that can provide data validation and reconciliation in real-time with high accuracy. In this paper, we develop a novel method for real-time data validation, gross error detection and classification over multivariate sensor data streams. The validated and high-quality data obtained from these processes is used for pattern analysis and modeling of industrial plants. We obtain sensor data from the power and petrochemical plants of an oil refinery and analyze them using various time-series modeling and data mining techniques that we integrate into a complex event processing engine. Next, we study the computational performance implications of the proposed methods and uncover regimes where they are sustainable over fast streams of sensor data. Finally, we detect shifts among steady-states of data, which represent systems' multiple operating modes and identify the time when a model reconstruction is required using DBSCAN clustering algorithm. © 2018 IEEE.",AI-Pass1,Exclude,Older-than-2021,,,,,
85,"Multivariate modeling of glacimarine lithostratigraphy combining scanning XRF, multisensory core properties, and CT imagery: IODP Site U1419",2018,Geosphere,10.1130/GES01635.1,N-OLD,drill,cluster,,,2,"Marine sediments preserve archives of glacier behavior from many proxies, with lithofacies analysis providing direct evidence of glacial extent and dynamics. Many of these lithofacies have corresponding physical and geochemical properties that may be identified through quantitative, nondestructive logging properties. This study applies supervised and unsupervised classification to downcore logging data to attempt to model temperate glacimarine facies, which are independently identified via visual lithofacies analysis based on core photographs, digital X-radiography, and computed tomography scans. We test the limits of these methods by modeling both broad glacial and interglacial and small-scale variations in Late Pleistocene (< 60,000 yr) glacier extent leading into the Holocene deglaciation for a temperate ice stream at Integrated Ocean Drilling Program Site U1419 in the Gulf of Alaska. Multi-meter-scale mud and diamict lithofacies interpreted as non-glacial versus glacial conditions can be modeled with both methods using downcore physical property logging data (b* color reflectance, magnetic susceptibility, and natural gamma-ray activity) augmented with scanning X-ray fluorescence (XRF) elemental abundance (Ca, Zr, Si, K, Rb, and Al). Physical properties are most useful for delineating decimeter-meter-scale variations in composition and clay content, whereas scanning XRF elements best capture differences in sand versus clay content and composition at decimeter-centimeter scales. Neither classification technique can model the observed small-scale variations in diamict facies using elemental abundance from higher-resolution scanning XRF or from physical properties. Comparison of unsupervised cluster model results with observed lithofacies allows for identification of three different glacial conditions at Site U1419-ice-proximal, fluctuating, and retreating. For small-scale variations in glacial extent, cluster model results are best used as complementary data to image-based lithofacies identification rather than as a replacement. © 2018 The Authors.",AI-Pass1,Exclude,Older-than-2021,,,,,
96,Nontrivial clustering of microseismicity induced by hydraulic fracturing,2016,Geophysical Research Letters,10.1002/2016GL070983,N-OLD,petro,clustering;cluster,,,2,"For induced microseismicity associated with hydraulic fracturing, the frequency-magnitude distribution is typically characterized by a falloff with increasing magnitude that is significantly faster than for seismicity along active fault systems. This characteristic may arise from a break in scale invariance, possibly due to mechanical layering that typifies fine-grained sedimentary rocks in many shale gas and tight oil reservoirs. The latter would imply the presence of spatiotemporal magnitude correlations. Using three microseismic catalogs for well stimulations in widely separated locations with varying hydraulic-fracturing methods, we show that events with similar magnitudes indeed tend to cluster in space and time. In addition, we show that the interevent time distribution can be described by a universal functional form characterized by two power laws. One exponent can be related to the presence of interevent triggering as in aftershock sequences and is a consequence of the Omori-Utsu law. The other one is a reflection of the intrinsic spatial variation in the microseismic response rates. Taken together, these features are indicative of nontrivial spatiotemporal clustering of induced microseismicity and, hence, of direct relevance for time-dependent seismic hazard assessment. ©2016. American Geophysical Union. All Rights Reserved.",AI-Pass1,Exclude,Older-than-2021,,,,,
130,Oil facility operations: A multivariate analyses of water pollution parameters,2018,Journal of Cleaner Production,10.1016/j.jclepro.2018.03.044,N-OLD,petro;oil and gas,cluster,,,2,"This paper provides some new insights into the variability and severity of petroleum hydrocarbon contaminants from the first ever environmental audit of Nigeria's downstream oil facilities. Petroleum facility operation is the backbone of energy supply all over the world but this process is not without potentially avoidable water pollution incidents. Meanwhile, past studies tend to ignore patterns of pollution parameters at the national scale and are often limited in scope and coverage. To address this research gap, Principal Component Analysis and Kruskal-Wallis test were applied to evaluate the variability in ‘national’ pollution data to tease-out novel patterns that best discriminate between groups of pipeline facility network across Nigeria's downstream sector. The key results are (a) a mix of strong and weak statistically significant (p-value < 0.001) and positive correlation between pollutants across three pipeline regions; (b) the main eigenvector statistically explains 71.5% of the variance found in the ‘national’ pollution parameters; and (c) according to the hierarchical cluster analyses, we now know that there is an incoherent pattern from the group data and a rather weak association which suggest that the type of oil facility systems in operation or their products have no effect on the severity of hydrocarbon pollution parameters found in water samples across the three regions. The implication of these results is that it might be cost-effective to apply a uniform approach in responding to future petroleum water contamination depending on site specific hazards posed by toxicity level, temporal nature of detected chemicals and human exposure. Future study should consider the use of carbon stable isotope ratios to assess variances in hydrocarbon contamination in water bodies, and tailor this for cost-effective national response given the aforementioned caveats. This can guarantee a more sustainable operations and enhance response to water pollution incidents. The study approach and, possibly its outcomes, could be a useful starting point for nations with new oil and gas discoveries such as Ghana, Kenya, Tanzania, Mozambique, Uganda, The Gambia, Liberia and so on. © 2018 Elsevier Ltd",AI-Pass1,Exclude,Older-than-2021,,,,,
160,"On the performance, availability and energy consumption modelling of clustered IoT systems",2019,Computing,10.1007/s00607-019-00720-9,N-OLD,petro,clustering;cluster,,,2,"Wireless sensor networks (WSNs) form a large part of the ecosystem of the Internet of Things (IoT), hence they have numerous application domains with varying performance and availability requirements. Limited resources that include processing capability, queue capacity, and available energy in addition to frequent node and link failures degrade the performance and availability of these networks. In an attempt to efficiently utilise the limited resources and to maintain the reliable network with efficient data transmission; it is common to select a clustering approach, where a cluster head is selected among the diverse IoT devices. This study presents the stochastic performance as well as the energy evaluation model for WSNs that have both node and link failures. The model developed considers an integrated performance and availability approach. Various duty cycling schemes within the medium-access control of the WSNs are also considered to incorporate the impact of sleeping/idle states that are presented using analytical modeling. The results presented using the proposed analytical models show the effects of factors such as failures, various queue capacities and system scalability. The analytical results presented are in very good agreement with simulation results and also present an important fact that the proposed models are very useful for identification of thresholds between WSN system characteristics. © 2019, Springer-Verlag GmbH Austria, part of Springer Nature.",AI-Pass1,Exclude,Older-than-2021,,,,,
15,One Class Fault Detection in Rotating Machinery Using Distributional Features from Triggered Acoustic Emission Data,2026,Electronics (Switzerland),10.3390/electronics15102105,Y,,,feature extraction;outlier,,2,"Acoustic Emission (AE) monitoring offers high sensitivity in detecting faults and defects in rotating machinery. Hit-based AE acquisition systems produce only short, intermittent waveform signals rather than continuous recordings. This work addresses the challenge of fault detection from such fragmented sensor data. It is demonstrated that individual AE hits are insufficient for reliable fault detection, as waveforms from different fault conditions overlap substantially in feature spaces. To overcome this, a distributional feature aggregation approach is proposed. AE hit features are extracted from each waveform, grouped into non-overlapping sequential bags, and summarised through order statistics and distribution moments. Four one-class classifiers namely: (i) Isolation Forest, (ii) PCA one class classifier, (iii) K-nearest neighbour one class classifier, and (iv) Local Outlier Factor were evaluated on a Drivetrain Dimulator (DTS) test rig that simulates faulty gear and bearing conditions. AE signals coming from the healthy condition were used to train the classifiers. Signal deviations due to the presence of gear and bearing faults were subsequently identified. Fault detection results show that bag-level distributional features substantially outperform per-hit features: four of five faults achieve 100% single-bag detection under five-fold cross-validation, while per-hit detection rates remain below 50% for four of five faults. The PCA one class classifier achieves 100% detection for all faults individually but is excluded from the final ensemble due to a 99% false alarm rate caused by the limited healthy training sample in a high-dimensional feature space. A CUSUM sequential detector applied to a three-method ensemble (Isolation Forest, KNN, and LOF) is evaluated on a chronological 80/20 split of the healthy data, triggering alarms for all five fault conditions with a false alarm rate of 0% at the recommended setting. Four faults are detected with sustained alarm patterns (54–100% alarm rates), while bearing outer race, the most challenging fault, is detected intermittently (10.5% alarm rate), demonstrating that sequential evidence accumulation can identify faults that are invisible to single-bag thresholding. © 2026 by the authors.",AI-Pass1,Include,domain+method,,,,Acoustic emission one-class anomaly detection Isolation Forest LOF,P2-transfer
42,Quantifying temporal bone morphology of great apes and humans: An approach using geometric morphometrics,2002,Journal of Anatomy,10.1046/j.1469-7580.2002.00122.x,N-OLD,petro,cluster,,,2,"The hominid temporal bone offers a complex array of morphology that is linked to several different functional systems. Its frequent preservation in the fossil record gives the temporal bone added significance in the study of human evolution, but its morphology has proven difficult to quantify. In this study we use techniques of 3D geometric morphometrics to quantify differences among humans and great apes and discuss the results in a phylogenetic context. Twenty-three landmarks on the ectocranial surface of the temporal bone provide a high level of anatomical detail. Generalized Procrustes analysis (GPA) is used to register (adjust for position, orientation and scale) landmark data from 405 adults representing Homo, Pan, Gorilla and Pongo. Principal components analysis of residuals from the GPA shows that the major source of variation is between humans and apes. Human characteristics such as a coronally orientated petrous axis, a deep mandibular fossa, a projecting mastoid process, and reduced lateral extension of the tympanic element strongly impact the analysis. In phenetic cluster analyses, gorillas and orangutans group together with respect to chimpanzees, and all apes group together with respect to humans. Thus, the analysis contradicts depictions of African apes as a single morphotype. Gorillas and orangutans lack the extensive preglenoid surface of chimpanzees, and their mastoid processes are less medially inflected. These and other characters shared by gorillas and orangutans are probably primitive for the African hominid clade.",AI-Pass1,Exclude,Older-than-2021,,,,,
143,Reference station-based transfer learning for earthquake anomaly extraction from borehole strain data related to two earthquakes in China,2026,Big Earth Data,10.1080/20964471.2025.2581423,Y,borehole,,,,2,"Earthquake precursor extraction from geophysical observation data remained challenging due to diverse signal characteristics and complex earthquake processes. This study proposed STMN-EQA (spatiotemporal multi-scale network for earthquake anomaly extraction), integrating segmented variational mode decomposition (SVMD), TimesNet temporal modeling, and graph neural networks (GNN) for multi-station spatial analysis. We trained the model exclusively on high-quality data from reference stations in seismically inactive regions to learn normal strain patterns and then directly transferred the pre-trained model to analyze borehole strain data for two earthquakes in China. Our temporal analysis of anomalies revealed consistent sigmoidal anomaly accumulation process 1–3 months before both events and spatial analysis of anomalies revealed that inflection points and anomaly counts at monitoring stations are correlated with epicentral distance, which may be related to earthquake processes. The framework achieved superior performance compared to conventional anomaly detection methods. Furthermore, the reference station-based transfer learning strategy combined with multi-domain analysis integrating temporal, spatial, and frequency information offered a novel solution for earthquake anomaly extraction while advancing our understanding of multi-scale earthquake preparation mechanisms. © 2025 The Author(s). Published by Taylor & Francis Group and Science Press on behalf of the International Society for Digital Earth, supported by the International Research Center of Big Data for Sustainable Development Goals.",AI-Pass1,Include,domain+method,Y,Include,slot-method,"DATA:borehole strain multi-station, 2 China earthquakes | PRE:segmented SVMD, TimesNet temporal features, multidomain | CLU: | EV:anomaly counts vs distance; no Silhouette/DBI/elbow | Transfer-learned normal strain; abstract verified, T&F HTML blocked",P1-direct
109,Research on the extraction of pre-seismic anomalies in borehole strain data of the Maduo earthquake based on the SVMD-Informer model,2025,Natural Hazards and Earth System Sciences,10.5194/nhess-25-3603-2025,Y,borehole,,,,2,"Earthquake is a major natural disaster triggered by the accumulation and release of crustal stress, and the accurate extraction of pre-seismic anomaly signals is crucial to improve the earthquake prediction capability. In this study, an anomaly detection method for borehole strain data based on the combination of Segmented Variational Modal Decomposition (SVMD) and Informer network is proposed, and a pre-seismic anomaly extraction study is carried out for the 2021 Maduo Ms 7.4 earthquake in Qinghai. The SVMD method effectively solves the memory limitation problem of traditional Variational Modal Decomposition (VMD) when dealing with large-scale data through the sliding-window mechanism, and at the same time maintains the correlation between the data. The Informer network significantly reduces the computational complexity of the long-series prediction and realizes the high-precision one-time long-time series prediction by utilizing its ProbSparse self-attention mechanism and self-attention distillation. By analyzing the borehole strain data from the Menyuan station, this study identifies the accelerated anomaly accumulation phenomenon in the two stages before the Maduo earthquake: in the first stage, the number of anomalous days shows an accelerated growth starting from about 3 months before the earthquake (13 February 2021); in the second stage, the anomalous accumulation tendency is further intensified since the second month before the earthquake (the end of March 2021), and the accumulation curve shows a typical S-shape growth characteristic. The results are highly consistent with the time windows of the index of microwave radiation anomaly (IMRA), outward long-wave radiation (OLR) and geoelectric field anomalies, and with the subsurface-to-atmosphere multilayer anomalies (e.g., Benionff strain, CO concentration, electron concentration anomalies), which indicate that the borehole strain anomalies are closely related to the gestation process of the Maduo earthquake. This study provides a new method for the extraction of pre-seismic anomalies based on machine learning, and provides an important basis for understanding earthquake precursors. © Author(s) 2025.",AI-Pass1,Include,domain+method,Y,Exclude,E3,"DATA:Menyuan borehole strain minute-level Jan20-May21 | PRE:SVMD 7d/1d sliding window, VMD 5 modes, strain conversion | CLU:Informer prediction intervals; no clustering | EV:MSE, intervals, anomaly counts; no Silhouette/DBI | Full text read; no clustering or k evaluation",P1-direct
129,Self-diagnosis of multiphase flow meters through machine learning-based anomaly detection,2020,Energies,10.3390/en13123136,N-OLD,petro;oil and gas,,outlier,,2,"Measuring systems are becoming increasingly sophisticated in order to tackle the challenges of modern industrial problems. In particular, the Multiphase Flow Meter (MPFM) combines different sensors and data fusion techniques to estimate quantities that are difficult to be measured like the water or gas content of a multiphase flow, coming from an oil well. The evaluation of the flow composition is essential for the well productivity prediction and management, and for this reason, the quantification of the meter measurement quality is crucial. While instrument complexity is increasing, demands for confidence levels in the provided measures are becoming increasingly more common. In this work, we propose an Anomaly Detection approach, based on unsupervised Machine Learning algorithms, that enables the metrology system to detect outliers and to provide a statistical level of confidence in the measures. The proposed approach, called AD4MPFM (Anomaly Detection for Multiphase Flow Meters), is designed for embedded implementation and for multivariate time-series data streams. The approach is validated both on real and synthetic data. © 2020 by the author.",AI-Pass1,Exclude,Older-than-2021,,,,,
116,"Spatial and temporal distribution of Polycyclic Aromatic Hydrocarbons (PAHs) in sediments from Poyang Lake, China",2018,PLoS ONE,10.1371/journal.pone.0205484,N-OLD,petro,cluster,,,2,"Concentrations of polycyclic aromatic hydrocarbons (PAHs) were measured in 22 surface sediment samples and an approximately 100-year scale sediment core collected from Poyang Lake. This valuable sediments enable analysis of spatial and temporal distribution patterns of PAH sources, and determine the anthropogenic impacts on Poyang Lake. Total PAH concentrations in the surface sediments ranged from 73.2 to 367.2 ng/g dw, and higher residues were encountered in regions with high-density populations and intensive human activities. Total PAH concentrations in the sediment core ranged from 42.0 to 334.0 ng/g dw and were grouped in two clusters (pre-1990s and post-1990s to the present). PAH concentrations in sediments changed both temporally and spatially, suggesting a difference in PAH sources. Before the 1990s, major PAH sources in the sediment core were from coal, wood and grass combustion. This finding naturally agrees with open lake conditions on a spatial scale, which were related to agricultural activities. Petroleum combustion from industrialization and urbanization has become the predominant PAH source in the sediment core from the 1990s to the present and corresponds to sources observed in the southwestern lake near the relatively developed Nanchang City. In the northern lake leading to the Yangtze River, certain petroleum-related contaminants from shipping have become the main PAH sources. The different PAH sources observed in sediments generally reflect the degree of socio-economic development in the Poyang Lake valley, which is consistent with the local written records, indirectly validating the connection of sediment PAH records to the history of human activities in and around Poyang Lake. © 2018 Li et al. This is an open access article distributed under the terms of the Creative Commons Attribution License, which permits unrestricted use, distribution, and reproduction in any medium, provided the original author and source are credited.",AI-Pass1,Exclude,Older-than-2021,,,,,
147,Spectrogram-driven unsupervised autoencoder with isolation forest and one-class SVM for lab-scale wind turbine blade fault detection,2026,Energy and AI,10.1016/j.egyai.2026.100681,Y,,,feature extraction;feature engineering,,2,"Wind turbine blades are critical components, and their structural integrity is essential for uninterrupted operation and minimizing downtime. Although various methods are used to monitor the health of wind turbine blades, several research challenges persist, such as the reliance on manual feature engineering and the limited availability of large amounts of labeled data. In this study, a novel approach is proposed that will overcome the limitations of manual feature extraction and label data challenges. In the proposed work, time series vibration signals from the blade are first converted into spectrograms and passed through a CNN-based autoencoder that is trained solely on healthy data to learn a compact latent representation. Anomalies are then flagged in three complementary ways: (i) by thresholding the autoencoder's reconstruction error, (ii) by applying an Isolation Forest to the latent features, and (iii) by evaluating the same features with a One-Class SVM. The outputs of these detectors are subsequently benchmarked, providing a systematic comparison of their ability to discriminate between vibration-induced faults, such as cracks and erosion, and normal operation on a controlled test-rig dataset, the autoencoder achieves 97.2 % accuracy, outperforming the Isolation Forest and One-Class SVM by 8%–27%. These results demonstrate that zero-label, deep-feature pipelines can deliver reliable and scalable blade-fault detection, paving the way for more cost-effective predictive maintenance in wind farms. © 2026 The Authors",AI-Pass1,Include,domain+method,,,,Wind vibration unsupervised autoencoder Isolation Forest OCSVM,P2-transfer
23,Statistical classifi cation of log response as an indicator of facies variation during changes in sea level: Integrated Ocean Drilling Program Expedition 313,2013,Geosphere,10.1130/GES00913.1,N-OLD,drill,cluster,,,2,"In this study, a novel application of a statistical approach is utilized for analysis of downhole logging data from Miocene-aged siliciclastic shelf sediments on the New Jersey Margin (eastern USA). A multivariate iterative nonhierarchical cluster analysis (INCA) of spectral gamma-ray logs from Integrated Ocean Drilling Program (IODP) Expedition 313 enables lithology within this siliciclastic succession to be inferred and, through comparison with the 1311 m of recovered core, a continuous assessment of depositional sequences is constructed. Signifi cant changes in INCA clusters corroborate most key stratigraphic surfaces interpreted from the core, and this result has particular value for surface recognition in intervals of poor core recovery. This analysis contributes to the evaluation of sequence stratigraphic models of large-scale clinoform complexes that predict depositional environments, sediment composition, and stratal geometries in response to sea-level changes. The novel approach of combining statistical analysis with detailed lithostratigraphic and seismic refl ection data sets will be of interest to any scientists working with downhole logs, especially spectral gamma-ray data, and also provides a reference for the strengths and weaknesses of multi component analysis applied to continental margin lithofacies. The method presented here is appropriate for evaluating successions elsewhere and also has value for hydrocarbon exploration where sequence stratigraphy is a fundamental tool. © 2013 Geological Society of America.",AI-Pass1,Exclude,Older-than-2021,,,,,
10,Stuck Pipe Detection in Oil and Gas Drilling Operations Using Deep Learning Autoencoder for Anomaly Diagnosis,2025,Applied Sciences (Switzerland),10.3390/app15095042,Y,drill;oil and gas,,,,2,"Stuck pipe events remain a critical challenge in oil and gas drilling operations, leading to increased non-productive time and substantial financial losses. Traditional detection methods rely on manual monitoring and expert judgment, which are prone to delays and human error. This study proposes a deep learning autoencoder-based anomaly diagnosis approach to enhance the detection of stuck pipe incidents. Using high-resolution time series drilling data from the Volve field, a deep learning autoencoder model was trained exclusively on normal drilling conditions to learn operational patterns and detect deviations indicative of stuck pipe events. The proposed model leverages reconstruction error as an anomaly detection metric, effectively distinguishing between normal and stuck cases. The results demonstrate that the model achieves a detection accuracy of 99.06%, with an area under the receiver operating characteristic curve (AUC) of 0.958. Additionally, the model attained a precision of 97.12%, a recall of 91.34%, and a F1-score of 94.15%, significantly reducing false positives and false negatives. The findings highlight the potential of deep learning-based approaches in improving real-time anomaly detection, offering a scalable and cost-effective solution for mitigating drilling disruptions. This research contributes to advancing intelligent monitoring systems in the oil and gas industry, reducing operational risks, and enhancing drilling efficiency. © 2025 by the authors.",AI-Pass1,Include,domain+method,N,Exclude,E5,"DATA:Volve field high-res drilling time-series | PRE:unverified (MDPI 403) | CLU:autoencoder anomaly detection (unsupervised) | EV:unverified | MDPI page blocked 403; abstract only, preprocessing unverified",P1-direct
99,The role of triggering by static stress transfer during geothermal reservoir stimulation,2012,Journal of Geophysical Research: Solid Earth,10.1029/2012JB009304,N-OLD,geothermal,cluster,,,2,"During creation of an Enhanced Geothermal System, massive fluid injections are conducted to induce fracture shear which generates reservoir permeability. In this study we analyze coseismic static stress transfer caused by induced seismic events during a stimulation at the European research project at Soultz-sous-Forêts (Alsace, France). For this purpose we developed an efficient method to calculate coseismic static stress changes from an elliptical slip distribution on a circular fracture using superposition of rectangular sources, which enables us to apply an analytical solution for fast computation. This method is applied on a data set of 715 focal mechanisms derived from seismic recordings of the stimulation of the well GPK2 to calculate temporal evolution of static stress transfer. We find that the resulting structure of coseismic stress changes can be divided into three parts: a quiet zone where no spreading of seismicity occurs, an active zone within the created reservoir with ongoing fracturing and a process zone where the growth of the reservoir occurs. Static stress changes in the active zone are of the order of 1 MPa, both positive and negative, but may exceed this value considerably on a local scale. Analysis of stress changes from a cluster of events that occurred after shut-in lets us conclude that triggering by coseismic static stress changes is possible for some events. Our analysis shows that triggering by static stress transfer plays a minor role for injection induced seismicity in a volumetric reservoir, whereas it can be quite effective for rupture propagation along single large fault zones. © 2012. American Geophysical Union. All Rights Reserved.",AI-Pass1,Exclude,Older-than-2021,,,,,
155,Three-dimensional dynamics of hydrous thermal-chemical plumes in oceanic subduction zones,2009,"Geochemistry, Geophysics, Geosystems",10.1029/2009GC002625,N-OLD,petro,clustering;cluster,,,2,"Hydration and partial melting along subducting slabs can trigger Rayleigh-Taylor-like instabilities. We use 3-D petrological-thermomechanical numerical simulations to investigate small-scale convection and hydrous, partially molten, cold plumes formed in the mantle wedge in response to slab dehydration. The simulations were carried out with the I3ELVIS code, which is based on a multigrid approach combined with marker-in-cell methods and conservative finite difference schemes. Our numerical simulations show that three types of plumes occur above the slab-mantle interface: (1) finger-like plumes that form sheet-like structure parallel to the trench, (2) ridge-like structures perpendicular to the trench, and (3) flattened wavelike instabilities propagating upward along the upper surface of the slab and forming zigzag patterns parallel to the trench. The viscosity of the plume material is the main factor controlling the geometry of the plumes. Our results show that lower viscosity of the partially molten rocks facilitates the Rayleigh-Taylorlike instabilities with small wavelengths. In particular, in low-viscosity models (1018-1019 Pa s) the typical spacing of finger-like plumes is about 30-45 km, while in high-viscosity models (1020-10 21 Pa s) plumes become rather sheet-like, and the spacing between them increases to 70-100 km. Water released from the slab forms a low-viscosity wedge with complex 3-D geometries. The computed spatial and temporal pattern of melt generation intensity above the slab is compared to the distribution and ages of volcanoes in the northeast Japan. Based on the similarity of the patterns we suggest that specific clustering of volcanic activity in this region could be potentially related to the activity of thermal-chemical plumes. © 2009 by the American Geophysical Union.",AI-Pass1,Exclude,Older-than-2021,,,,,
14,Unsupervised deep learning framework for early detection of wellbore trajectory deviation in drilling operations,2026,Frontiers in Artificial Intelligence,10.3389/frai.2026.1942787,Y,drill;wellbore,,,,2,"Wellbore trajectory deviation remains one of the major operational challenges encountered during directional and extended-reach drilling because even small departures from the planned well path can lead to poor reservoir placement, wellbore instability, increased non-productive time, and significant drilling costs. In most field operations, trajectory monitoring depends on periodic directional surveys together with threshold-based diagnostics. Although these methods are widely used, they often identify deviations only after they have become operationally noticeable, limiting the opportunity for timely corrective action. To overcome the limitations of conventional monitoring, the present study proposes an unsupervised deep learning framework capable of identifying the early onset of trajectory deviation by analyzing integrated well-log and geo-mechanical data without relying on labeled deviation events. The proposed framework combines Depth, Gamma Ray (GR), Shale Volume (Vsh), Resistivity, Sonic Transit Time (ΔT), P-wave Velocity (Vp), S-wave Velocity (Vs), Bulk Density, Calculated Density, Neutron Porosity (NPHI), Density Porosity (DPHI), and Poisson's Ratio to capture the lithological and mechanical characteristics that influence drilling behavior and trajectory stability. An LSTM Autoencoder (LSTM-AE) is employed to learn the normal temporal evolution of drilling parameters and identify anomalous behavior through reconstruction error. To complement the sequential learning capability of the autoencoder, a Graph Neural Network (GNN) is developed to represent the physical and geological relationships among the measured parameters, allowing complex multivariate interactions to be analyzed without requiring labeled datasets. The performance of both models is evaluated by comparing their ability to distinguish normal drilling behavior from progressively unstable operating conditions. The obtained results demonstrate that the LSTM-AE effectively learns the sequential characteristics of stable drilling and provides reliable early warning through changes in reconstruction error, whereas the GNN offers improved discrimination of trajectory-related anomalies by modeling the underlying relationships between geological and geo-mechanical variables. Collectively, these complementary approaches enableearlier recognition of developing trajectory deviations while reducing false alarms compared with conventional monitoring techniques. The findings demonstrate that integrating temporal sequence modeling with graph-based relational learning provides a practical and scalable solution for intelligent wellbore trajectory monitoring, supporting improved wellbore stability assessment, safer drilling operations, and more informed decision-making in complex subsurface environments. Copyright © 2026 Singh, Vickram, Benny, Mariyam, Dan, Harishwaran, Kumar and Abdullah.",AI-Pass1,Include,domain+method,Y,Include,slot-method,"DATA:single-well depth-series 12 logs GR/Vsh/resistivity/sonic/density/porosity | PRE:interpolation short gaps, normalization, fixed depth windows len 50 | CLU: | EV:recon error, precision/recall/F1/AUC; no Silhouette/DBI/elbow | Direct drilling unsupervised framework; publisher full text verified",P1-direct
106,Wireless Multi-Hop Energy-Efficient System for High-Density Seismic Array,2020,IEEE Access,10.1109/ACCESS.2020.2971083,N-OLD,petro;oil and gas,cluster,,,2,"High-density seismic array method has attracted enormous interest in geophysical methods, and it is an advanced seismic observation technology which is of great significance in oil and gas resource detection and underground space exploration. However, designing a portable sensor node that prolongs the lifetime and equips wireless monitoring system to improve construction efficiency has been still a challenge for the high-density seismic array method. In this paper, a portable energy-efficient wireless sensor node and a hybrid communication system that content themselves with complex terrain, large-scale and reliable transmission are proposed to tackle the restrictions of high-density seismic survey. A Wi-Fi communication system based on the star network structure at the core network layer and a ZigBee communication system based on wireless multi-hop structure in the extended network layer form the hybrid communication system. In order to balance the energy of nodes in the extended network and prolong the network lifetime, this paper proposes a multi-hop variable weight routing method (MVWRM). The method selects the cluster-head node and the multi-hop route by changing the weight of the residual energy of the node and the weight of the distance at different periods. Then, a series of simulations and experiments are carried out for verification. The experiments show that the proposed sensor node suggest good performance in equivalent noise level ( 0.8μV @500Hz, PGA = 1), total harmonic distortion (124dB). Simulation results and performance analysis validate that the effectiveness of the proposed MVWRM can extend about 10% of the node lifetime. © 2013 IEEE.",AI-Pass1,Exclude,Older-than-2021,,,,,
36,A Novel and Comprehensive Trust Estimation Clustering Based Approach for Large Scale Wireless Sensor Networks,2019,IEEE Access,10.1109/ACCESS.2019.2914769,N-OLD,petro,clustering;cluster,outlier;robust,healthcare,1,"With the wide applications of wireless sensor networks (WSNs) in various fields, such as environment monitoring, battlefield surveillance, healthcare, and intrusion detection, trust establishment among sensor nodes becomes a vital requirement to improve security, reliability, and successful cooperation. The existing trust management approaches for large-scale WSN are failed due to their low dependability (i.e., cooperation), higher communication, and memory overheads (i.e., resource inefficient). In this paper, we propose a novel and comprehensive trust estimation approach (LTS) for large-scale WSN that employs clustering to improve cooperation, trustworthiness, and security by detecting malicious (faulty or selfish) sensor nodes with reduced resource (memory and power) consumption. The proposed scheme (LTS) operates on two levels, namely, intra-cluster and inter-cluster along with distributed approach and centralized approach, respectively, to make accurate trust decision of sensor nodes with minimum overheads. LTS consists of unique features, such as robust trust estimation function, attack resistant, and efficient trust aggregation at the cluster, head to obtain the global feedback trust value. Data trust along with communication trust plays a significant role to cope with malicious nodes. In LTS, punishment and trust severity can be tuned according to the application requirement, which makes it an innovative LTS. Moreover, dishonest recommendations (outliers) are eliminated before aggregation at the base station by observing the statistical dispersion. The theoretical and mathematical validations along with simulation results exhibit the great performance of our proposed approach in terms of trust evaluation cost, prevention, and detection of malicious nodes as well as communication overhead. © 2013 IEEE.",AI-Pass1,Exclude,Older-than-2021,,,,,
92,Artificial Olfactory System for Distinguishing Oil-Contaminated Soils,2023,WSEAS Transactions on Environment and Development,10.37394/232015.2023.19.89,Y,petro,,feature extraction,computer vision,1,"Oil-contaminated soils are a major environmental problem for Kazakhstan. Oil spills or leaks lead to profound changes in the physical and agrochemical properties of the soil and the accumulation of hazardous substances. Whilst there are many remote sensing techniques and complex laboratory methods for oil spill detection, developing simple, reliable, and inexpensive tools for detecting the presence of pollutants in the soil is a relevant research task. The study aims to research the possibilities of an electronic nose combining a chemical sensor array with pattern recognition techniques to distinguish volatile organic compounds from several types of hydrocarbon soil pollutants. An electronic nose system was assembled in our laboratory. It includes eight gas metal oxide sensors, a humidity and temperature sensor, an analog-digital processing unit, and a data communication unit. We measured changes in the electrical conductivity of sensors in the presence of volatile organic compounds released from oil and petroleum products and samples of contaminated and uncontaminated soils. The list of experimental samples includes six types of soils corresponding to different soil zones of Kazakhstan, crude oil from three oil fields in Kazakhstan, and five types of locally produced fuel oil (including gasoline, kerosene, diesel fuel, engine oil, and used engine oil). We used principal component analysis to statistically process multidimensional sensor data, feature extraction, and collect the volatile fingerprint dataset. Pattern recognition using machine learning algorithms made it possible to classify digital fingerprints of samples with an average accuracy of about 92%. The study results show that electronic nose sensors are sensitive to soil hydrocarbon content. The proposed approach based on machine olfaction is a fast, accurate, and inexpensive method for detecting oil spills and leaks, and it can complement remote sensing methods based on computer vision. © 2023, World Scientific and Engineering Academy and Society. All rights reserved.",AI-Pass1,Exclude,E2,,,,Static e-nose fingerprint classification no time-series clustering,
76,"Episodic cluster headache with suspected giant cell arteritis, sinusitis-related headache, and dietary triggers: a case report",2026,Frontiers in Pain Research,10.3389/fpain.2026.1884385,Y,drill,cluster,,patient;protein,1,"Background – Cluster headache is a primary trigeminal autonomic cephalalgia characterized by severe, strictly unilateral orbital/periorbital pain with ipsilateral autonomic features. It is rare for a patient with cluster headache to have coexisting multiple headache disorders and experience unusual triggers. Case presentation – A 53-year-old male with a 14-year history of episodic cluster headache presented with his third cluster episode. He exhibited strictly unilateral left orbital/periorbital/temporal drilling pain [Visual Analogue Scale (VAS) 9–10/10], ipsilateral conjunctival injection, lacrimation, rhinorrhea, and agitation. Notably, during the second episode (2015), left maxillary sinusitis was identified and surgically treated, leading to immediate and complete headache resolution. During the current episode, physical examination revealed left temporal artery nodularity and tenderness—raising suspicion of giant cell arteritis. However, the erythrocyte sedimentation rate and C-reactive protein levels were within the normal range. Brain MRI/MRA revealed only nonspecific white matter changes, along with suspected wall thickening of the left superficial temporal artery. The patient declined temporal artery ultrasound, high-resolution MRI, and biopsy. In accordance with clinical guidelines, the patient was administered comprehensive treatment for cluster headache. Given the suspicion of giant cell arteritis, empirical prednisone was also initiated at a dose of 1 mg/kg/day. By day 3 of treatment, attack frequency had reduced from daily to 3–4 times per week, pain intensity decreased from VAS 10/10 to 3–6/10, attacks resolved within 30 min either spontaneously or after zolmitriptan, and temporal artery nodules had markedly diminished. Interestingly, during follow-up, the patient reported that ingestion of soy sauce or vinegar consistently triggered an unusual throat discomfort followed by headache within 30 min, whereas avoidance of these substances resulted in no attacks. The patient's strict avoidance of soy sauce and vinegar led to a marked reduction in headache frequency over a short period, ultimately resulting in a complete absence of headache episodes. He remains under follow-up. Conclusion – This case highlights an unusual concurrence of episodic cluster headache with suspected giant cell arteritis and possible sinusitis-related headache in a single patient. The potential role of soy sauce and vinegar as triggers for cluster headache warrants further validation with extended follow-up and a larger case series. © 2026 Jiao and Zhen.",AI-Pass1,Exclude,E1,,,,Medical headache case report no method transfer,
159,Quantum-aware secure blockchain intrusion detection system for industrial IoT networks,2026,Scientific Reports,10.1038/s41598-025-31985-0,Y,oil and gas,,outlier,crypto,1,"The Industrial Internet of Things (IIoT) integrates sensors, actuators, controllers, and gateways across critical industrial sectors such as manufacturing, energy, oil and gas, and transportation. The convergence of operational technology (OT) and Information Technology (IT) has enabled real-time automation, predictive maintenance, and large-scale process optimization. However, IIoT infrastructures are increasingly exposed to sophisticated cyberattacks, ranging from ransomware and Advanced Persistent Threats (APTs) to false data injection and denial-of-service (DoS) campaigns. Moreover, the emergence of quantum computing introduces an additional dimension of vulnerability, since widely deployed public-key cryptographic schemes such as RSA and elliptic-curve cryptography (ECC) will be rendered insecure under Shor’s algorithm, while Grover’s algorithm accelerates brute-force search against symmetric ciphers. In anticipation of this threat, the security of IIoT must evolve toward post-quantum resilience. This paper proposes a Quantum-Aware Secure Blockchain Intrusion Detection System (QASB-IDS), a novel hybrid framework that combines intrusion detection with post-quantum blockchain security and quantum key distribution (QKD). The system introduces a hierarchical consortium blockchain tailored to IIoT, ensuring tamper-proof and decentralized storage of intrusion detection alerts and anomaly model updates. The IDS employs a lightweight hybrid signature–anomaly detection approach that extracts features from IIoT traffic and classifies them using a CNN–LSTM model optimized for constrained devices using Edge-IIoTset, SWaT, and XIIoTID datasets. Model updates are securely aggregated with privacy guarantees and anchored on blockchain using lattice-based post-quantum signatures. Critical gateways additionally deploy QKD to protect session key distribution. Evaluation using recent industrial intrusion datasets demonstrates that QASB-IDS provides improved detection accuracy, low false alarms, and strong resilience against both classical and quantum-capable adversaries. © The Author(s) 2025.",AI-Pass1,Exclude,E1,,,,Blockchain crypto network IDS no drilling transfer,
151,Uncertainties in seismic facies analysis for reservoir characterisation or monitoring: Causes and consequences,2007,Oil and Gas Science and Technology,10.2516/ogst:2007019,N-OLD,petro,,,,1,"Multivariate probabilistic pattern recognition methods such as discriminant analysis are powerful for interpreting seismic data in terms of reservoir properties. They consist of calibrating a mathematical relationship between local seismic information (seismic voxels or pieces of traces extracted at a reservoir level), characterised by a set of measurements, named seismic attributes, and a pre-defined set of classes, named seismic facies. In the context of seismic reservoir characterisation, this methodology provides a map or a volume of most probable facies, which describes the main reservoir heterogeneities. During the last decade, another application of this technique to the interpretation of 4D seismic data has also emerged: in this case, each seismic vintage is interpreted in terms of seismic facies, and differences in the interpretation of one vintage from another are correlated a posteriori to production effects such as fluid substitutions or pressure variations. As a probabilistic method, discriminant analysis allows the evaluation, at least partly, of uncertainty associated with seismic facies interpretation, and assignment probabilities computed by the methodology are a measure of the confidence of the interpretation. However, this uncertainty evaluation is only partial. In this paper, we will describe three other aspects of uncertainties, which are not correctly handled by classical discriminant analysis. The first aspect is linked with measurement errors. To propagate this type of error in seismic facies analysis, we have had to develop a methodology based on a combination of discriminant analysis and interval analysis. The other two aspects of uncertainty are linked with the interpretation of seismic facies. Due to the difference in resolution between seismic data in real reservoir heterogeneities, one seismic facies may correspond to several different fine-scale geological or dynamic scenarios. We will show in this paper how pseudo-well methodology, as well as seismic modelling (in the context of 4D interpretation) can help address this issue. Copyright © 2007, Institut français du pétrole.",AI-Pass1,Exclude,Older-than-2021,,,,,
168,VASA: an exploratory visualization tool for mapping spatio-temporal structure of mobility–a COVID-19 case study,2024,Cartography and Geographic Information Science,10.1080/15230406.2022.2156388,Y,drill,cluster,,covid,1,"Exploratory data analysis tools designed to measure global and local spatial autocorrelation (e.g. Moran’s (Formula presented.) statistic) have become standard in modern GIS software. However, there has been little development in amending these tools for visualization and analysis of patterns captured in spatio-temporal data. We design and implement an exploratory mapping tool, VASA (Visual Analysis for Spatial Association), that streamlines analytical pipelines in assessing spatio-temporal structure of data and enables enhanced visual display of the patterns captured in data. Specifically, VASA applies a set of cartographic visual variables to map local measures of spatial autocorrelation and helps delineate micro and macro trends in space-time processes. Two visual displays are presented: recency and consistency map and line-scatter plots. The former combines spatial and temporal data view of local clusters, while the latter drills down on the temporal trends of the phenomena. As a case study, we demonstrate the usability of VASA for the investigation of mobility patterns in response to the COVID-19 pandemic throughout 2020 in the United States. Using daily county-level and grid-level mobility metrics obtained from three different sources (SafeGraph, Cuebiq, and Mapbox), we demonstrate cartographic functionality of VASA for a swift exploratory analysis and comparison of mobility trends at different regional scales. © 2023 Cartography and Geographic Information Society.",AI-Pass1,Exclude,E1,,,,COVID mobility visualization no industrial sensor transfer,
25,Fast imaging of laboratory core floods using 3D compressed sensing RARE MRI,2016,Journal of Magnetic Resonance,10.1016/j.jmr.2016.07.017,N-OLD,petro,cluster,,image processing,0,"Three-dimensional (3D) imaging of the fluid distributions within the rock is essential to enable the unambiguous interpretation of core flooding data. Magnetic resonance imaging (MRI) has been widely used to image fluid saturation in rock cores; however, conventional acquisition strategies are typically too slow to capture the dynamic nature of the displacement processes that are of interest. Using Compressed Sensing (CS), it is possible to reconstruct a near-perfect image from significantly fewer measurements than was previously thought necessary, and this can result in a significant reduction in the image acquisition times. In the present study, a method using the Rapid Acquisition with Relaxation Enhancement (RARE) pulse sequence with CS to provide 3D images of the fluid saturation in rock core samples during laboratory core floods is demonstrated. An objective method using image quality metrics for the determination of the most suitable regularisation functional to be used in the CS reconstructions is reported. It is shown that for the present application, Total Variation outperforms the Haar and Daubechies3 wavelet families in terms of the agreement of their respective CS reconstructions with a fully-sampled reference image. Using the CS-RARE approach, 3D images of the fluid saturation in the rock core have been acquired in 16 min. The CS-RARE technique has been applied to image the residual water saturation in the rock during a water-water displacement core flood. With a flow rate corresponding to an interstitial velocity of vi = 1.89 ± 0.03 ft day−1, 0.1 pore volumes were injected over the course of each image acquisition, a four-fold reduction when compared to a fully-sampled RARE acquisition. Finally, the 3D CS-RARE technique has been used to image the drainage of dodecane into the water-saturated rock in which the dynamics of the coalescence of discrete clusters of the non-wetting phase are clearly observed. The enhancement in the temporal resolution that has been achieved using the CS-RARE approach enables dynamic transport processes pertinent to laboratory core floods to be investigated in 3D on a time-scale and with a spatial resolution that, until now, has not been possible. © 2016 The Authors",AI-Pass1,Exclude,Older-than-2021,,,,,
24,Mycobacterium tuberculosis SecA2-dependent activation of host Rig-I/MAVs signaling is not conserved in Mycobacterium marinum,2024,PLoS ONE,10.1371/journal.pone.0281564,Y,,,normaliz,protein,0,"Retinoic acid inducible gene I (Rig-I) is a cytosolic pattern recognition receptor canonically described for its important role in sensing viral RNAs. Increasingly, bacterially-derived RNA from intracellular bacteria such as Mycobacterium tuberculosis, have been shown to activate the same host Rig-I/Mitochondrial antiviral sensing protein (MAVS) signaling pathway to drive a type-I interferon response that contributes to bacterial pathogenesis in vivo. In M. tuberculosis, this response is mediated by the protein secretion system SecA2, but little is known about whether this process is conserved in other pathogenic mycobacteria or the mechanism by which these nucleic acids gain access to the host cytoplasm. Because the M. tuberculosis and M. marinum SecA2 protein secretion systems share a high degree of genetic and functional conservation, we hypothesized that Rig-I/MAVS activation and subsequent induction of IFN-β secretion by host macrophages will also be conserved between these two mycobacterial species. To test this, we generated a ΔsecA2 M. marinum strain along with complementation strains expressing either the M. marinum or M. tuberculosis secA2 genes. Our results suggest that the ΔsecA2 strain has a growth defect in vitro but not in host macrophages. These intracellular growth curves also suggested that the calculation applied to estimate the number of bacteria added to macrophage monolayers in infection assays underestimates bacterial inputs for the ΔsecA2 strain. Therefore, to better examine secreted IFN-β levels when bacterial infection levels are equal across strains we plated bacterial CFUs at 2hpi alongside our ELISA based infections. This enabled us to normalize secreted levels of IFN-β to a standard number of bacteria. Applying this approach to both WT and MAVS-/- bone marrow derived macrophages we observed equal or higher levels of secreted IFN-β from macrophages infected with the ΔsecA2 M. marinum strain as compared to WT. Together our findings suggest that activation of host Rig-I/MAVS cytosolic sensors and subsequent induction of IFN-β response in a SecA2-dependent manner is not conserved in M. marinum under the conditions tested. © 2024 Public Library of Science. All rights reserved.",AI-Pass1,Exclude,E1,,,,Mycobacterial biology no sensor clustering link,
121,Tracking the Unseen: AI-Driven Dashboards for Real-Time Detection of Calendar Anomalies in Cryptocurrency Markets,2025,Journal of Risk and Financial Management,10.3390/jrfm18120712,Y,drill,,,crypto,0,"This study introduces a novel AI-powered Business Intelligence Dashboard System (AIBIDS) designed to detect and visualize calendar-based anomalies in cryptocurrency returns. Focusing on Bitcoin as a case study, the system integrates unsupervised machine learning algorithms to identify periods of abnormal market behavior across multiple temporal resolutions. The proposed system leverages a star-schema OLAP data warehouse, enabling real-time anomaly detection, dynamic visualization, and drill-down exploration of market irregularities. Empirical results confirm the presence of pronounced calendar effects in Bitcoin returns, such as heightened anomalies during Q1 and Q4, and reveal model-specific sensitivities to local versus global volatility. Our novel platform offers a practical, scalable innovation for investors, analysts, and regulators seeking to monitor cryptocurrency markets more effectively, and contributes to the emerging FinTech literature on AI-driven anomaly detection and behavioral market dynamics. © 2025 by the authors.",AI-Pass1,Exclude,E1,,,,Crypto market anomaly finance no industrial transfer,
35,Enabling Photoemission Electron Microscopy in Liquids via Graphene-Capped Microchannel Arrays,2017,Nano Letters,10.1021/acs.nanolett.6b04460,N-OLD,petro,,,medical,-1,"Photoelectron emission microscopy (PEEM) is a powerful tool to spectroscopically image dynamic surface processes at the nanoscale, but it is traditionally limited to ultrahigh or moderate vacuum conditions. Here, we develop a novel graphene-capped multichannel array sample platform that extends the capabilities of photoelectron spectromicroscopy to routine liquid and atmospheric pressure studies with standard PEEM setups. Using this platform, we show that graphene has only a minor influence on the electronic structure of water in the first few layers and thus will allow for the examination of minimally perturbed aqueous-phase interfacial dynamics. Analogous to microarray screening technology in biomedical research, our platform is highly suitable for applications in tandem with large-scale data mining, pattern recognition, and combinatorial methods for spectro-temporal and spatiotemporal analyses at solid-liquid interfaces. Applying Bayesian linear unmixing algorithm to X-ray induced water radiolysis process, we were able to discriminate between different radiolysis scenarios and observe a metastable ""wetting"" intermediate water layer during the late stages of bubble formation. © 2017 American Chemical Society.",AI-Pass1,Exclude,Older-than-2021,,,,,
152,SPRY domains encode ubiquitin ligase specificity for ZAP and RIG-I,2026,PLOS Pathogens,10.1371/journal.ppat.1014195,Y,,,,protein,-1,"Innate immune sensors rely on ubiquitin ligases to calibrate antiviral responses, yet the rules governing substrate recognition by SPRY-containing ligases remain poorly defined. Here, we establish a large-scale structure-based screening pipeline using AlphaFold to systematically predict interactions between human nucleic acid sensors and SPRY-containing proteins. Our approach uncovered novel transient or degradation-sensitive interactions that are typically missed by proteomic methods, including a labile TRIM58-OAS1 complex. We show that SPRY domains dictate substrate specificity: TRIM25 preferentially engages ZAP, whereas Riplet favors RIG-I. Domain-swapping experiments demonstrated that SPRY domains are sufficient to reprogram ligase specificity and antiviral activity. Phylogenetic and structural analyses revealed that TRIM25 and Riplet evolved from a common ancestor but diverged in coiled-coil architecture and oligomeric state, while retaining conserved substrate preferences. Residue-level modeling identified hypervariable SPRY loops as critical determinants of recognition, a prediction validated by targeted mutagenesis of the TRIM25-ZAP interface. Finally, we show that distinct SPRY-containing ligases surveil self-amplifying RNA (saRNA) vaccines: Riplet-RIG-I primarily responds when RNA is delivered by lipofection, whereas TRIM25-ZAP is engaged upon lipid nanoparticle delivery, with functional consequences for vaccine expression. Together, these findings demonstrate that SPRY domains encode recognition logic for ubiquitin ligases, that AlphaFold enables discovery of otherwise hidden interactions and that these principles have direct implications for RNA-based therapeutics. enzymes that tune the activity, stability and localization of antiviral proteins. However, it has remained unclear how these ligases selectively recognize the correct immune targets. Here, we used a large-scale AlphaFold-based structural screening strategy to identify interactions between human nucleic acid sensors and SPRY-containing proteins, a relatively poorly understood group of immune regulators. This approach revealed interactions that are difficult to detect experimentally because they are transient or unstable. We found that SPRY domains determine which antiviral sensors are recognized by different ligases, and that swapping these domains is sufficient to redirect immune specificity and function. We also identified key structural features that control this recognition. These findings are important because they explain a fundamental mechanism by which innate immunity is both activated and restrained. They also show how structure-based prediction can uncover hidden regulatory interactions with direct relevance for RNA-based therapeutics, including self-amplifying RNA vaccines, whose activity is shaped by the way innate immune sensors detect them. © 2026 Syed et al. This is an open access article distributed under the terms of the Creative Commons Attribution License, which permits unrestricted use, distribution, and reproduction in any medium, provided the original author and source are credited.",AI-Pass1,Exclude,E1,,,,Protein ligase biology no sensor link,
