"Authors","Author full names","Author(s) ID","Title","Year","Source title","Volume","Issue","Art. No.","Page start","Page end","Cited by","DOI","Link","Affiliations","Authors with affiliations","Abstract","Author Keywords","Index Keywords","Correspondence Address","Editors","Publisher","ISSN","ISBN","CODEN","PubMed ID","Language of Original Document","Abbreviated Source Title","Document Type","Publication Stage","Open Access","Source","EID"
"Sagoe S.D.; Cobbina S.J.; Kazapoe R.W.; Bonso N.K.; Atopunga J.","Sagoe, Samuel Dzidefo (59163927000); Cobbina, Samuel Jerry (26654761400); Kazapoe, Raymond Webrah (57209582435); Bonso, Nana Kobea (59516799500); Atopunga, Justice (60104163200)","59163927000; 26654761400; 57209582435; 59516799500; 60104163200","Assessment of groundwater quality and exposure risks in a rural mining district of Ghana using multivariate and probabilistic approaches","2025","Discover Geoscience","3","1","256","","","7","10.1007/s44288-025-00355-8","https://www.scopus.com/pages/publications/105048027891?origin=resultslist","Department of Environment and Sustainability Sciences, University for Development Studies, Nyankpala, Ghana; Department of Civil Engineering, University for Development Studies, Nyankpala, Ghana","Sagoe S.D., Department of Environment and Sustainability Sciences, University for Development Studies, Nyankpala, Ghana; Cobbina S.J., Department of Environment and Sustainability Sciences, University for Development Studies, Nyankpala, Ghana; Kazapoe R.W., Department of Civil Engineering, University for Development Studies, Nyankpala, Ghana; Bonso N.K., Department of Civil Engineering, University for Development Studies, Nyankpala, Ghana; Atopunga J., Department of Civil Engineering, University for Development Studies, Nyankpala, Ghana","This study investigates the hydrogeochemical characteristics and human health risks associated with groundwater in Artisanal and Small-Scale Gold Mining (ASGM) zones within the Talensi District of northern Ghana. A total of 35 borehole samples were analysed for physicochemical parameters and potentially toxic elements (PTEs), with groundwater quality evaluated using the Weighted Average Water Quality Index (WAWQI) and Heavy Metal Evaluation Index (HEI). Multivariate statistical techniques, including Principal Component Analysis (PCA) and Self-Organizing Maps (SOM), were employed to delineate underlying geochemical processes and apportion pollution sources. Additionally, deterministic and probabilistic Human Health Risk Assessments (HHRA) were conducted for both adults and children through ingestion and dermal exposure pathways. Results indicate that groundwater across the district is generally suitable for drinking, with 100% of samples falling within ‘excellent’ to ‘good’ WAWQI categories (16.11–34.62; mean = 25.51; SD = 5.41) and HEI values (1.70–7.51; mean = 4.65; SD = 1.36) signifying low pollution levels. However, spatial heterogeneity was observed, with localized enrichment of As, Hg, and Cu linked to ASGM activities. PCA and SOM revealed distinct geochemical clusters dominated by anthropogenic inputs (As, Hg, Cu) and geogenic signatures (Ni, Zn, Pb). HHRA indicated no significant risk for adults (HI < 1; mean = 0.23), but some risk for children in isolated locations (HI > 1; mean = 0.84). The findings underscore a dual geogenic–anthropogenic influence on groundwater chemistry in Talensi and point to the need for targeted water quality monitoring and pollution control in mining-impacted zones. © The Author(s) 2025.","Galamsey; Groundwater; Heavy metals; Talensi; Water quality","","S.D. Sagoe; Department of Environment and Sustainability Sciences, University for Development Studies, Nyankpala, Ghana; email: sagoedzidefo@gmail.com","","Springer Nature","29481589","","","","English","discov. geosci.","Article","Final","All Open Access; Gold Open Access; Green Open Access","Scopus","2-s2.0-105048027891"
"Poje A.C.; Özgökmen T.M.; Lipphardt Jr. B.L.; Haus B.K.; Ryan E.H.; Haza A.C.; Jacobs G.A.; Reniers A.J.H.M.; Olascoaga M.J.; Novelli G.; Griffa A.; Beron-Vera F.J.; Chen S.S.; Coelho E.; Hogan P.J.; Kirwan Jr. A.D.; Huntley H.S.; Mariano A.J.","Poje, Andrew C. (6601972801); Özgökmen, Tamay M. (6603835155); Lipphardt Jr., Bruce L. (35584076900); Haus, Brian K. (6603854590); Ryan, Edward H. (7201794018); Haza, Angelique C. (6602070061); Jacobs, Gregg A. (7203024042); Reniers, A.J.H.M. (6603607021); Olascoaga, Maria Josefina (6603466484); Novelli, Guillaume (56365241500); Griffa, Annalisa (6701664930); Beron-Vera, Francisco J. (6603261397); Chen, Shuyi S. (7410255460); Coelho, Emanuel (23485040800); Hogan, Patrick J. (7103139129); Kirwan Jr., Albert D. (7004590648); Huntley, Helga S. (16244969900); Mariano, Arthur J. (7006309130)","6601972801; 6603835155; 35584076900; 6603854590; 7201794018; 6602070061; 7203024042; 6603607021; 6603466484; 56365241500; 6701664930; 6603261397; 7410255460; 23485040800; 7103139129; 7004590648; 16244969900; 7006309130","Submesoscale dispersion in the vicinity of the Deepwater Horizon spill","2014","Proceedings of the National Academy of Sciences of the United States of America","111","35","","12693","12698","253","10.1073/pnas.1402452111","https://www.scopus.com/pages/publications/84907228013?origin=resultslist","Department of Mathematics, College of Staten Island, City University of New York, New York, NY 10314, United States; Department of Ocean Sciences, Rosenstiel School of Marine and Atmospheric Sciences, University of Miami, Miami, FL 33176, United States; School of Marine Science and Policy, University of Delaware, Newark, DE 19716, United States; Ocean Dynamics and Prediction, Naval Research Laboratory, Stennis Space Center, Hancock County, MS 39529, United States; Istituto di Scienze Marine, Consiglio Nazionale Delle Ricerche, 19032 La Spezia, Italy","Poje A.C., Department of Mathematics, College of Staten Island, City University of New York, New York, NY 10314, United States; Özgökmen T.M., Department of Ocean Sciences, Rosenstiel School of Marine and Atmospheric Sciences, University of Miami, Miami, FL 33176, United States; Lipphardt Jr. B.L., School of Marine Science and Policy, University of Delaware, Newark, DE 19716, United States; Haus B.K., Department of Ocean Sciences, Rosenstiel School of Marine and Atmospheric Sciences, University of Miami, Miami, FL 33176, United States; Ryan E.H., Department of Ocean Sciences, Rosenstiel School of Marine and Atmospheric Sciences, University of Miami, Miami, FL 33176, United States; Haza A.C., Department of Ocean Sciences, Rosenstiel School of Marine and Atmospheric Sciences, University of Miami, Miami, FL 33176, United States; Jacobs G.A., Ocean Dynamics and Prediction, Naval Research Laboratory, Stennis Space Center, Hancock County, MS 39529, United States; Reniers A.J.H.M., Department of Ocean Sciences, Rosenstiel School of Marine and Atmospheric Sciences, University of Miami, Miami, FL 33176, United States; Olascoaga M.J., Department of Ocean Sciences, Rosenstiel School of Marine and Atmospheric Sciences, University of Miami, Miami, FL 33176, United States; Novelli G., Department of Ocean Sciences, Rosenstiel School of Marine and Atmospheric Sciences, University of Miami, Miami, FL 33176, United States; Griffa A., Istituto di Scienze Marine, Consiglio Nazionale Delle Ricerche, 19032 La Spezia, Italy; Beron-Vera F.J., Department of Ocean Sciences, Rosenstiel School of Marine and Atmospheric Sciences, University of Miami, Miami, FL 33176, United States; Chen S.S., Department of Ocean Sciences, Rosenstiel School of Marine and Atmospheric Sciences, University of Miami, Miami, FL 33176, United States; Coelho E., Ocean Dynamics and Prediction, Naval Research Laboratory, Stennis Space Center, Hancock County, MS 39529, United States; Hogan P.J., Ocean Dynamics and Prediction, Naval Research Laboratory, Stennis Space Center, Hancock County, MS 39529, United States; Kirwan Jr. A.D., School of Marine Science and Policy, University of Delaware, Newark, DE 19716, United States; Huntley H.S., School of Marine Science and Policy, University of Delaware, Newark, DE 19716, United States; Mariano A.J., Department of Ocean Sciences, Rosenstiel School of Marine and Atmospheric Sciences, University of Miami, Miami, FL 33176, United States","Reliable forecasts for the dispersion of oceanic contamination are important for coastal ecosystems, society, and the economy as evidenced by the Deepwater Horizon oil spill in the Gulf of Mexico in 2010 and the Fukushima nuclear plant incident in the Pacific Ocean in 2011. Accurate prediction of pollutant pathways and concentrations at the ocean surface requires understanding ocean dynamics over a broad range of spatial scales. Fundamental questions concerning the structure of the velocity field at the submesoscales (100 m to tens of kilometers, hours to days) remain unresolved due to a lack of synoptic measurements at these scales. Using high-frequency position data provided by the near-simultaneous release of hundreds of accurately tracked surface drifters, we study the structure of submesoscale surface velocity fluctuations in the Northern Gulf of Mexico. Observed two-point statistics confirm the accuracy of classic turbulence scaling laws at 200-m to 50-km scales and clearly indicate that dispersion at the submesoscales is local, driven predominantly by energetic submesoscale fluctuations. The results demonstrate the feasibility and utility of deploying large clusters of drifting instruments to provide synoptic observations of spatial variability of the ocean surface velocity field. Our findings allow quantification of the submesoscale-driven dispersion missing in current operational circulation models and satellite altimeter-derived velocity fields.","Geophysical turbulence; Lagrangian transport; Ocean dispersion; Pollutant patterns","Diffusion; Ecosystem; Environmental Monitoring; Gulf of Mexico; Models, Theoretical; Oceanography; Oceans and Seas; Oil and Gas Fields; Salinity; Water Pollutants, Chemical; geophysical turbulence; Lagrangian transport; ocean dispersion; pollutant patterns; article; dispersion; energy transfer; Fukushima nuclear accident; Gulf of Mexico; measurement; oil spill; priority journal; surface property; velocity","T.M. Özgökmen; Department of Ocean Sciences, Rosenstiel School of Marine and Atmospheric Sciences, University of Miami, Miami, FL 33176, United States; email: tozgokmen@gmail.com","","National Academy of Sciences","00278424","","PNASA","25136097","English","Proc. Natl. Acad. Sci. U. S. A.","Article","Final","All Open Access; Green Open Access","Scopus","2-s2.0-84907228013"
"Pyschik J.; Weiler M.","Pyschik, Jonas (59533065600); Weiler, Markus (56382117100)","59533065600; 56382117100","Detecting the occurrence of preferential flow in soils with stable water isotopes","2026","Hydrology and Earth System Sciences","30","2","","485","501","4","10.5194/hess-30-485-2026","https://www.scopus.com/pages/publications/105029517578?origin=resultslist","Department of Hydrology, University of Freiburg, Freiburg, Germany","Pyschik J., Department of Hydrology, University of Freiburg, Freiburg, Germany; Weiler M., Department of Hydrology, University of Freiburg, Freiburg, Germany","Subsurface flow in preferential pathways in soils may transport water more rapidly than the soil matrix, may be quickly activated during precipitation events and enhance infiltration or interflow. Vertical pathways are particularly important for runoff generation. However, identifying these pathways is challenging because traditional methods such as piezometers, soil moisture sensors, or hillslope trenches do not adequately capture the spatial scale and frequency of preferential flow features, while other experimental techniques like dye tracing are labor-intensive and invasive. In this study, we introduce a novel method to identify the locations of preferential flow by analysing vertical soil profiles of stable water isotopes. Across four catchments, we drilled 100 soil cores (1–3 m deep) per catchment and analyzed the stable isotope composition of the soil water in 10–20 cm depth intervals to construct depth profiles. We employed clustering techniques to group soil-water isotope profiles and selected those that matched to a seasonal sampling date to establish a reference profile for each catchment using LOESS regression, representing profiles influenced solely by matrix infiltration. Deviations from these reference profiles were then used as indicators of being influenced by vertical or lateral preferential flow. Our results revealed evidence of preferential flow in all studied catchments. Especially in the alpine catchment with highly heterogeneous soils, many profiles showed distinct preferential flow features, including multiple, vertically independent pathways occurring at variable depths, even among adjacent profiles. These findings demonstrate the feasibility of using soil water isotope profiles to assess preferential flow pathways and highlight the substantial spatial and vertical variability of preferential flowpaths at hillslope and catchment scales. © 2026 Jonas Pyschik.","","Catchments; Infiltration; Matrix algebra; Runoff; Soil moisture; Soil surveys; Flow features; Hillslopes; Preferential flows; Preferential pathways; Soil matrices; Soil water; Stable water isotopes; Subsurface Flow; Subsurface-flow; Water isotope; infiltration; isotopic composition; preferential flow; sampling; soil moisture; soil water; stable isotope; Isotopes","J. Pyschik; Department of Hydrology, University of Freiburg, Freiburg, Germany; email: science@jonas-pyschik.com","","Copernicus Publications","10275606","","","","English","Hydrol. Earth Syst. Sci.","Article","Final","All Open Access; Gold Open Access; Green Open Access","Scopus","2-s2.0-105029517578"
"Kooijman E.; Smit M.A.; Ratschbacher L.; Kylander-Clark A.R.C.","Kooijman, Ellen (35113468000); Smit, Matthijs A. (25654265600); Ratschbacher, Lothar (7003437176); Kylander-Clark, Andrew R.C. (8565429300)","35113468000; 25654265600; 7003437176; 8565429300","A view into crustal evolution at mantle depths","2017","Earth and Planetary Science Letters","465","","","59","69","28","10.1016/j.epsl.2017.02.032","https://www.scopus.com/pages/publications/85014858816?origin=resultslist","Department of Geosciences, Swedish Museum of Natural History, Stockholm, Sweden; Department of Earth, Ocean, and Atmospheric Sciences, University of British Columbia, Vancouver, Canada; Department of Geology, TU Bergakademie, Freiberg, Germany; Department of Earth Sciences, University of California, Santa Barbara, United States","Kooijman E., Department of Geosciences, Swedish Museum of Natural History, Stockholm, Sweden; Smit M.A., Department of Earth, Ocean, and Atmospheric Sciences, University of British Columbia, Vancouver, Canada; Ratschbacher L., Department of Geology, TU Bergakademie, Freiberg, Germany; Kylander-Clark A.R.C., Department of Earth Sciences, University of California, Santa Barbara, United States","Crustal foundering is an important mechanism in the differentiation and recycling of continental crust. Nevertheless, little is known about the dynamics of the lower crust, the temporal scale of foundering and its role in the dynamics of active margins and orogens. This particularly applies to active settings where the lower crust is typically still buried and direct access is not possible. Crustal xenoliths derived from mantle depth in the Pamir provide a unique exception to this. The rocks are well-preserved and comprise a diverse set of lithologies, many of which re-equilibrated at high-pressure conditions before being erupted in their ultrapotassic host lavas. In this study, we explore the petrological and chronological record of eclogite and felsic granulite xenoliths. We utilized accessory minerals – zircon, monazite and rutile – for coupled in-situ trace-element analysis and U–(Th–)Pb chronology by laser-ablation (split-stream) inductively coupled plasma mass spectrometry. Each integrated analysis was done on single mineral zones and was performed in-situ in thin section to maintain textural context and the ability to interpret the data in this framework. Rutile thermo-chronology exclusively reflects eruption (11.17±0.06Ma), which demonstrates the reliability of the U–Pb rutile thermo-chronometer and its ability to date magmatic processes. Conversely, zircon and monazite reveal a series of discrete age clusters between 55–11 Ma, with the youngest being identical to the age of eruption. Matching age populations between samples, despite a lack of overlapping ages for different chronometers within samples, exhibit the effectiveness of our multi-mineral approach. The REE systematics and age data for zircon and monazite, and Ti-in-zircon data together track the history of the rocks at a million-year resolution. The data reveal that the rocks resided at 30–40 km depth along a stable continental geotherm at 720–750 °C until 24–20 Ma, and were subsequently melted, densified, and buried to 80–90 km depth – 20 km deeper than the present-day Moho – at 930±35°C. The material descended rapidly, accelerating from 0.9–1.7 mm yr−1 to 4.7–5.8 mm yr−1 within 10–12 Myr, and continued descending after reaching mantle depth at 14–13 Ma. The data reflect the foundering of differentiated deep-crustal fragments (2.9–3.5 g cm−3) into a metasomatized and less dense mantle wedge. Through our new approach in constraining the burial history of rocks, we provided the first time-resolved record of this crustal-recycling process. Foundering introduced vestiges of old evolved crust into the mantle wedge over a relatively short period (c. 10 Myr). The recycling process could explain the variability in the degree of crustal contamination of mantle-derived magmatic rocks in the Pamir and neighboring Tibet during the Cenozoic without requiring a change in plate dynamics or source region. © 2017 Elsevier B.V.","crustal evolution; monazite; rutile; Ti-in-zircon; U–Pb; zircon","China; Pamirs; Xizang; Chronometers; Dynamics; Laser ablation; Mass spectrometry; Minerals; Monazite; Oxide minerals; Phosphate minerals; Recycling; Rocks; Thorium; Trace elements; Uranium; Zircon; Accessory minerals; Continental crusts; Crustal contamination; Crustal evolution; High-pressure condition; Integrated analysis; rutile; Trace element analysis; accessory mineral; active margin; continental crust; crustal contamination; crustal evolution; lithology; mantle process; monazite; rutile; titanium; uranium-lead dating; zircon; Silicate minerals","E. Kooijman; Department of Geosciences, Swedish Museum of Natural History, Stockholm, Sweden; email: ellen.kooijman@nrm.se","","Elsevier B.V.","0012821X","","","","English","Earth Plan. Sci. Lett.","Article","Final","All Open Access; Bronze Open Access","Scopus","2-s2.0-85014858816"
"Luo Z.; Jiang Z.; Jiao P.; Xiong Y.; Forsh P.A.; Emelyanov A.V.; Liu Y.; Liu Y.; Liu G.","Luo, Zhiyuan (58765054800); Jiang, Zhengdong (58764485300); Jiao, Peicheng (59253430700); Xiong, Yutao (59921819100); Forsh, Pavel A. (6603161578); Emelyanov, Andrey V. (55091778600); Liu, Yulin (57213596623); Liu, Yanghui (55898025200); Liu, Gang (56995354000)","58765054800; 58764485300; 59253430700; 59921819100; 6603161578; 55091778600; 57213596623; 55898025200; 56995354000","Thermally robust LiPON synaptic transistors with tunable plasticity for reservoir computing","2026","npj Flexible Electronics","10","1","78","","","1","10.1038/s41528-026-00579-9","https://www.scopus.com/pages/publications/105041823222?origin=resultslist","School of Materials, Shenzhen Campus of Sun Yat-sen University, Shenzhen, China; Faculty of Physics, Lomonosov Moscow State University, Moscow, Russian Federation; School of Integrated Circuits, Shanghai Jiao Tong University, Shanghai, China","Luo Z., School of Materials, Shenzhen Campus of Sun Yat-sen University, Shenzhen, China; Jiang Z., School of Materials, Shenzhen Campus of Sun Yat-sen University, Shenzhen, China; Jiao P., School of Materials, Shenzhen Campus of Sun Yat-sen University, Shenzhen, China; Xiong Y., School of Materials, Shenzhen Campus of Sun Yat-sen University, Shenzhen, China; Forsh P.A., Faculty of Physics, Lomonosov Moscow State University, Moscow, Russian Federation; Emelyanov A.V., Faculty of Physics, Lomonosov Moscow State University, Moscow, Russian Federation; Liu Y., School of Integrated Circuits, Shanghai Jiao Tong University, Shanghai, China; Liu Y., School of Materials, Shenzhen Campus of Sun Yat-sen University, Shenzhen, China; Liu G., School of Materials, Shenzhen Campus of Sun Yat-sen University, Shenzhen, China","Conventional silicon-based CMOS devices encounter severe limitations in high-temperature environments, including functional layer degradation, excessive leakage currents, and the inherent von Neumann bottleneck resulting from the physical separation of memory and computation units. These constraints impede their use in intelligent systems operating under thermally harsh conditions. In this work, we present a thermally robust synaptic transistor based on a lithium phosphorus oxynitride (LiPON) solid-state electrolyte gate dielectric and an indium tin oxide (ITO) semiconductor channel, enabling stable operation over a wide temperature range from 25 °C to 150 °C. Even at 150 °C, it retains a high on/off ratio of (7.56 ± 1.08) × 105 and a subthreshold swing as low as 271 ± 14 mV/dec, demonstrating superior thermal stability compared with conventional ion-gel and proton-conducting gate dielectrics. More importantly, by exploiting the temperature-dependent synaptic plasticity with relaxation timescales tunable over several orders of magnitude, we realize a high-temperature physical reservoir computing (RC) system. This RC system achieves 93.07% accuracy in dynamic pattern recognition and a normalized error of 0.0154 in Mackey-Glass chaotic time-series prediction under high-temperature conditions. This work paves the way for intelligent sensing and edge computing in extreme thermal environments, such as deep-space exploration and geothermal energy development. © The Author(s) 2026.","","","Y. Liu; School of Materials, Shenzhen Campus of Sun Yat-sen University, Shenzhen, China; email: liuyanghui@mail.sysu.edu.cn; G. Liu; School of Materials, Shenzhen Campus of Sun Yat-sen University, Shenzhen, China; email: liugang82@mail.sysu.edu.cn; Y. Liu; School of Integrated Circuits, Shanghai Jiao Tong University, Shanghai, China; email: yulinliu@sjtu.edu.cn","","Nature Research","23974621","","","","English","npj Flex. Electron.","Article","Final","All Open Access; Gold Open Access","Scopus","2-s2.0-105041823222"
"Rivers T.; Schwerdtner W.M.","Rivers, Toby (7004531551); Schwerdtner, W.M. (7004109414)","7004531551; 7004109414","The Ottawa River Gneiss Complex revisited: definition of the metamorphic core and detachment zone of a large Grenvillian metamorphic core complex","2024","Canadian Journal of Earth Sciences","61","9","","894","940","2","10.1139/cjes-2023-0060","https://www.scopus.com/pages/publications/85203876754?origin=resultslist","Department of Earth Sciences, Memorial University, St. John’s, A1B 3X5, NL, Canada; Department of Earth Sciences, University of Toronto, Toronto, M5S 3B1, ON, Canada","Rivers T., Department of Earth Sciences, Memorial University, St. John’s, A1B 3X5, NL, Canada; Schwerdtner W.M., Department of Earth Sciences, University of Toronto, Toronto, M5S 3B1, ON, Canada","Using new and published data, we synthesize the tectonic evolution of the Ottawa River Gneiss Complex (ORGC), the metamorphic core and detachment zone of a large mid-to late-Ottawan metamorphic core complex in the western Grenville Province. Field and petrologic data indicative of retrogression and exhumation, combined with maps and schematic crustalscale sections, are used to document spatial and temporal relationships of multi-scale structures developed during its formation, of which the largest, termed mega-cross-folds and megaboudins, occur within and define the detachment zone. Megacross-folds, orogen-normal structures up to 70 km in length with coaxial constrictional fabrics in their hinge-lines, formed in a single phase of deformation during retrogression and exhumation. A cluster of asymmetric megaboudins, individually from 10–50 km long with granulite-facies cores and high-strain amphibolite-facies rims, similarly formed during syntectonic retrogression and exhumation of granulite-facies precursors. We argue the mega-cross-folds developed in a regime of regional transtension, whereas the megaboudin cluster formed by extensional inversion of an anastomosing early-Ottawan thrust system, with the strain patterns of both suggesting the detachment zone was the site of intense ductile flow between the stronger metamorphic core and cover. Comparison of these results with generic numerical models of extensional collapse of overthickened continental crust suggests the first-order tectonometamorphic features of the ORGC developed during necking of the upper crust and associated large-scale extensional flow of the mid and lower crust into the domiform necked region during collapse of the early-Ottawan thrust stack. © 2024 The Author(s).","Grenville Province; mega-cross-fold; megaboudin; metamorphic core complex; mid-crustal extensional flow; transtension","Canada; Grenville Province; Ontario [Canada]; Ottawa; Ottawa River; Hydrogeology; Crustals; Extensional flows; Gneiss complexes; Grenville province; Mega-cross-fold; Megaboudin; Metamorphic core complex; Mid-crustal extensional flow; Ottawa rivers; Transtension; continental crust; crustal deformation; detachment fold; exhumation; Grenvillian orogeny; lower crust; metamorphic rock; retrogression; tectonic evolution; Tectonics","T. Rivers; Department of Earth Sciences, Memorial University, St. John’s, A1B 3X5, Canada; email: trivers@mun.ca","","Canadian Science Publishing","00084077","","CJESA","","English","Can. J. Earth Sci.","Article","Final","All Open Access; Green Open Access","Scopus","2-s2.0-85203876754"
"Giannoulis M.; Pailot-Bonnétat S.; Barra V.; Harris A.","Giannoulis, Michail (57200225492); Pailot-Bonnétat, Sophie (57220127652); Barra, Vincent (7003814013); Harris, Andrew (57203556254)","57200225492; 57220127652; 7003814013; 57203556254","External factors driving surface temperature changes above geothermal systems: answers from deep learning","2024","Frontiers in Earth Science","12","","1372621","","","3","10.3389/feart.2024.1372621","https://www.scopus.com/pages/publications/85197574988?origin=resultslist","Université Clermont-Auvergne, CNRS, Mines de Saint-Étienne, Clermont-Auvergne-INP, LIMOS, Clermont-Ferrand, France; Université Clermont-Auvergne, CNRS, LMV, Clermont-Ferrand, France","Giannoulis M., Université Clermont-Auvergne, CNRS, Mines de Saint-Étienne, Clermont-Auvergne-INP, LIMOS, Clermont-Ferrand, France; Pailot-Bonnétat S., Université Clermont-Auvergne, CNRS, LMV, Clermont-Ferrand, France; Barra V., Université Clermont-Auvergne, CNRS, Mines de Saint-Étienne, Clermont-Auvergne-INP, LIMOS, Clermont-Ferrand, France; Harris A., Université Clermont-Auvergne, CNRS, LMV, Clermont-Ferrand, France","Introduction: The surface expression of enhanced geothermal heat fluxes above an active hydrothermal system causes a surface thermal anomaly (ΔT). The thermal anomaly is expressed by the difference between the temperature within the heated zone (Th) and the temperature of non-heated surfaces (T0). Given that the resulting thermal anomaly at the surface is of extremely low magnitude (1°C–5°C at Vulcano, Italy), it is extremely sensitive to overprinting by external factors, namely, meteorological influences on surface temperature variation, such as solar heating, wind and rain. Methods: To test the sensitivity of the surface to external drivers, we installed two surface temperature measurement stations within the Vulcano’s Fossa crater, one inside the thermal anomaly and one outside (separation = 50 m), with a weather station co-located with the T0 station. Time series of Th and T0 were collected for 2020, when the Vulcano Fossa hydrothermal system was at a low and stable level of activity so that external drivers would have been the main influences on Th and T0, and hence also ΔT. To test for divergence from normality in terms of diurnal and seasonal variations in Th and T0, and the role of external factors in causing abnormality, we used the deep learning engine DITAN: a domain-agnostic framework to detect and interpret anomalies in time-series data. Results: During the year, DITAN found 16 cases of two types of meteorological events: intense low-pressure systems and high-intensity rainstorms (cloudbursts). Passage of 13 abnormal low-pressure systems were detected (10 between February and May, and three in December), with three abnormal rainstorm events (all in December); all three being coincident with the abnormal low pressure events. We find just two abnormalities in the time series for of Th and T0, both of which coincide with passage of abnormal low-pressure systems, and neither of which coincide with abnormal rain events. We conclude that diurnal and annual heating and cooling cycles, subject to normal meteorological inputs and at a surface above a geothermal-heated source, are immune to anomalous behaviour to the external (meteorological) variations. Copyright © 2024 Giannoulis, Pailot-Bonnétat, Barra and Harris.","anomaly detection; deep learning; external factor; geothermal system; temperature change","enhanced geothermal system; heat flux; hydrothermal system; machine learning; surface temperature; temperature anomaly","M. Giannoulis; Université Clermont-Auvergne, CNRS, Mines de Saint-Étienne, Clermont-Auvergne-INP, LIMOS, Clermont-Ferrand, France; email: michail.giannoulis@uca.fr; A. Harris; Université Clermont-Auvergne, CNRS, LMV, Clermont-Ferrand, France; email: andrew.harris@uca.fr","","Frontiers Media SA","22966463","","","","English","Front. Earth Sci.","Article","Final","All Open Access; Gold Open Access; Green Open Access","Scopus","2-s2.0-85197574988"
"Jaquemod A.; Reuter M.; Palalić M.; Güzel K.; Möhring H.-C.","Jaquemod, André (57480265400); Reuter, Max (59778411500); Palalić, Marijana (57219297613); Güzel, Kamil (57201198593); Möhring, Hans-Christian (6602554568)","57480265400; 59778411500; 57219297613; 57201198593; 6602554568","AI-Supported Process Monitoring in Machining In-Process Quality Assurance of Inhomogeneous Materials Using Feature-Based Machine Learning Methods; [KI-gestützte Prozessüberwachung in der spanenden Fertigung - In-Prozess-Qualitäts-sicherung von inhomogenen Materialien mittels merkmalsbasierter Machine-Learning-Methoden]","2025","ZWF Zeitschrift fuer Wirtschaftlichen Fabrikbetrieb","120","s1","","263","268","0","10.1515/zwf-2024-0136","https://www.scopus.com/pages/publications/105004409925?origin=resultslist","Institute for Machine Tools (IfW), University of Stuttgart, Holzgartenstr. 17, Stuttgart, 70147, Germany; IfW, University of Stuttgart, Germany","Jaquemod A., Institute for Machine Tools (IfW), University of Stuttgart, Holzgartenstr. 17, Stuttgart, 70147, Germany; Reuter M., IfW, University of Stuttgart, Germany; Palalić M., IfW, University of Stuttgart, Germany; Güzel K., IfW, University of Stuttgart, Germany; Möhring H.-C., IfW, University of Stuttgart, Germany","In this study, AI-supported anomaly detection methods in the milling of inhomogeneous sample materials are investigated. To simplify data generation, targeted boreholes were introduced into homogeneous material samples. Process data were collected by means of acceleration measurements on both the workpiece and tool sides and force measurements on the tool side. Implementing targeted feature extraction and applying feature-based machine learning algorithms achieved precise material classification and reliable differentiation between drilled and undrilled samples for process monitoring. © 2025 André Jaquemod, Max Reuter, Marijana Palalić, Kamil Güzel and Hans-Christian Möhring, publiziert von De Gruyter.","Machine Learning; Machining; Process Monitoring; Sensors; Signal Analysis","Anomaly detection; Anomaly detection methods; Data generation; Feature-based; Homogeneous materials; In-process quality assurance; Inhomogeneous materials; Machine learning methods; Machine-learning; Process data; Signals analysis; Cutting","A. Jaquemod; Institute for Machine Tools (IfW), University of Stuttgart, Stuttgart, Holzgartenstr. 17, 70147, Germany; email: andre.jaquemod@ifw.uni-stuttgart.de","","Walter de Gruyter GmbH","09470085","","ZZWFF","","English","ZWF","Article","Final","All Open Access; Hybrid Gold Open Access","Scopus","2-s2.0-105004409925"
"Lackey G.; Dyer A.; Pfander I.; Shih C.Y.; Dilmore R.M.","Lackey, Greg (55926308700); Dyer, Alec (57447319100); Pfander, Isabelle (57969012500); Shih, Chung Y (57201431507); Dilmore, Robert M. (6508152919)","55926308700; 57447319100; 57969012500; 57201431507; 6508152919","Understanding drivers of oil and gas well integrity issues in the greater wattenberg area of Colorado","2025","International Journal of Greenhouse Gas Control","141","","104296","","","2","10.1016/j.ijggc.2024.104296","https://www.scopus.com/pages/publications/85213243908?origin=resultslist","National Energy Technology Laboratory, 626 Cochran Mill Road, Pittsburgh, 15236-0940, PA, United States; National Energy Technology Laboratory, 1450 Queen Avenue SW, Albany, 97321, OR, United States; NETL Support Contractor, 1450 Queen Avenue SW, Albany, 97321, OR, United States","Lackey G., National Energy Technology Laboratory, 626 Cochran Mill Road, Pittsburgh, 15236-0940, PA, United States; Dyer A., National Energy Technology Laboratory, 1450 Queen Avenue SW, Albany, 97321, OR, United States, NETL Support Contractor, 1450 Queen Avenue SW, Albany, 97321, OR, United States; Pfander I., National Energy Technology Laboratory, 1450 Queen Avenue SW, Albany, 97321, OR, United States, NETL Support Contractor, 1450 Queen Avenue SW, Albany, 97321, OR, United States; Shih C.Y., National Energy Technology Laboratory, 626 Cochran Mill Road, Pittsburgh, 15236-0940, PA, United States; Dilmore R.M., National Energy Technology Laboratory, 626 Cochran Mill Road, Pittsburgh, 15236-0940, PA, United States","Well integrity is critically important to maintain to minimize the environmental impacts of oil and gas development and other subsurface energy operations. The Wattenberg Field of Colorado—a top producing field with >40,000 wells—has one of the most robust publicly reported well integrity programs in the country. In this study, we analyzed annular pressure and annular-fluid geochemical test results collected from Wattenberg wells through the end of 2019 to characterize the frequency and spatial variability of integrity issues in the field and understand their drivers. Estimated frequencies of integrity issues among tested wells were 8.2-17.1% between 1955 and 2019 and 6.1-11.4% in 2019 alone. The frequency of integrity issues was nearly four times greater in wells located above the Longmont Wrench Fault Zone. Potential drivers of integrity issues were identified using ensemble decision tree models trained with a broad set of relevant information. Models show that well integrity issues are spatially clustered on regional and sub-regional scales and suggest the relatively high frequency of integrity issues observed is associated with geologic factors. These findings are valuable for regulatory agencies and operators responsible for well integrity monitoring, management, and pluggingefforts and may also impact the design of future subsurface energy projects. © 2024","Colorado; Groundwater quality; Machine learning; Oil and gas; Well integrity","Colorado; United States; Wattenberg Field; Annular pressures; Colorado; Energy; Gas development; Geochemicals; Groundwater quality; Machine-learning; Oil and gas; Oil and gas well; Well integrity; gas well; groundwater; machine learning; oil well; spatial variation","G. Lackey; National Energy Technology Laboratory, Pittsburgh, 626 Cochran Mill Road, 15236-0940, United States; email: Gregory.Lackey@netl.doe.gov","","Elsevier Ltd","17505836","","","","English","Int. J. Greenh. Gas Control","Article","Final","All Open Access; Bronze Open Access","Scopus","2-s2.0-85213243908"
"Al-Mamoori H.N.; Tian J.; Ma H.","Al-Mamoori, Hasan N. (59451767300); Tian, Jialin (48662889800); Ma, Haifeng (57200142730)","59451767300; 48662889800; 57200142730","Stuck Pipe Detection in Oil and Gas Drilling Operations Using Deep Learning Autoencoder for Anomaly Diagnosis","2025","Applied Sciences (Switzerland)","15","9","5042","","","10","10.3390/app15095042","https://www.scopus.com/pages/publications/105004794135?origin=resultslist","Oil Gas Equipment Technology Sharing and Service Platform of Sichuan Province, School of Mechanical Engineering, Southwest Petroleum University, Chengdu, 610500, China","Al-Mamoori H.N., Oil Gas Equipment Technology Sharing and Service Platform of Sichuan Province, School of Mechanical Engineering, Southwest Petroleum University, Chengdu, 610500, China; Tian J., Oil Gas Equipment Technology Sharing and Service Platform of Sichuan Province, School of Mechanical Engineering, Southwest Petroleum University, Chengdu, 610500, China; Ma H., Oil Gas Equipment Technology Sharing and Service Platform of Sichuan Province, School of Mechanical Engineering, Southwest Petroleum University, Chengdu, 610500, China","Stuck pipe events remain a critical challenge in oil and gas drilling operations, leading to increased non-productive time and substantial financial losses. Traditional detection methods rely on manual monitoring and expert judgment, which are prone to delays and human error. This study proposes a deep learning autoencoder-based anomaly diagnosis approach to enhance the detection of stuck pipe incidents. Using high-resolution time series drilling data from the Volve field, a deep learning autoencoder model was trained exclusively on normal drilling conditions to learn operational patterns and detect deviations indicative of stuck pipe events. The proposed model leverages reconstruction error as an anomaly detection metric, effectively distinguishing between normal and stuck cases. The results demonstrate that the model achieves a detection accuracy of 99.06%, with an area under the receiver operating characteristic curve (AUC) of 0.958. Additionally, the model attained a precision of 97.12%, a recall of 91.34%, and a F1-score of 94.15%, significantly reducing false positives and false negatives. The findings highlight the potential of deep learning-based approaches in improving real-time anomaly detection, offering a scalable and cost-effective solution for mitigating drilling disruptions. This research contributes to advancing intelligent monitoring systems in the oil and gas industry, reducing operational risks, and enhancing drilling efficiency. © 2025 by the authors.","deep learning; drilling; LSTM; stuck pipe","Deep oil well drilling; Gas oils; Natural gas well drilling; Anomaly diagnosis; Auto encoders; Deep learning; Drilling operation; Gas drillings; LSTM; Oil and gas; Oil drilling; Pipe detection; Stuck pipe; Gas industry","H.N. Al-Mamoori; Oil Gas Equipment Technology Sharing and Service Platform of Sichuan Province, School of Mechanical Engineering, Southwest Petroleum University, Chengdu, 610500, China; email: 202227000053@stu.swpu.edu.cn","","Multidisciplinary Digital Publishing Institute (MDPI)","20763417","","","","English","Appl. Sci.","Article","Final","All Open Access; Gold Open Access; Green Open Access","Scopus","2-s2.0-105004794135"
"He K.; Lai K.K.; Xiang G.","He, Kaijian (7202010698); Lai, Kin Keung (55433716400); Xiang, Guocheng (57201977473)","7202010698; 55433716400; 57201977473","Portfolio value at risk estimate for crude oil markets: A multivariatewavelet denoising approach","2012","Energies","5","4","","1018","1043","16","10.3390/en5041018","https://www.scopus.com/pages/publications/84862246171?origin=resultslist","Business School, Hunan University of Science and Technology, Xiangtan, Hunan 411201, China; Department of Management Sciences, City University of Hong Kong, Kowloon, Tat Chee Avenue, Hong Kong","He K., Business School, Hunan University of Science and Technology, Xiangtan, Hunan 411201, China, Department of Management Sciences, City University of Hong Kong, Kowloon, Tat Chee Avenue, Hong Kong; Lai K.K., Department of Management Sciences, City University of Hong Kong, Kowloon, Tat Chee Avenue, Hong Kong; Xiang G., Business School, Hunan University of Science and Technology, Xiangtan, Hunan 411201, China","In the increasingly globalized economy these days, the major crude oil markets worldwide are seeing higher level of integration, which results in higher level of dependency and transmission of risks among different markets. Thus the risk of the typical multi-asset crude oil portfolio is influenced by dynamic correlation among different assets, which has both normal and transient behaviors. This paper proposes a novel multivariate wavelet denoising based approach for estimating Portfolio Value at Risk (PVaR). The multivariate wavelet analysis is introduced to analyze the multi-scale behaviors of the correlation among different markets and the portfolio volatility behavior in the higher dimensional time scale domain. The heterogeneous data and noise behavior are addressed in the proposed multi-scale denoising based PVaR estimation algorithm, which also incorporates the mainstream time series to address other well known data features such as autocorrelation and volatility clustering. Empirical studies suggest that the proposed algorithm outperforms the benchmark ExponentialWeighted Moving Average (EWMA) and DCC-GARCH model, in terms of conventional performance evaluation criteria for the model reliability. © 2012 by the authors.","DCC-GARCH model; Exponential Weighted Moving Average (EWMA) model; Heterogeneous market hypothesis; Multivariate time series model; Multivariate wavelet analysis; Portfolio Value at Risk","Benchmarking; Commerce; Crude oil; Multivariant analysis; Risk assessment; Risk perception; Time series; Time series analysis; Value engineering; Wavelet analysis; DCC-GARCH models; Exponential weighted moving average model (EWMA); Heterogeneous market hypothesis; Multivariate time series models; Multivariate wavelet analysis; Portfolio value at risks; Petroleum analysis","K. He; Business School, Hunan University of Science and Technology, Xiangtan, Hunan 411201, China; email: paulhekj@gmail.com","","MDPI AG","19961073","","","","English","Energies","Article","Final","All Open Access; Gold Open Access; Green Open Access","Scopus","2-s2.0-84862246171"
"Nakano T.; Koresawa H.; Narahara H.","Nakano, Taro (57457002500); Koresawa, Hiroshi (6507420439); Narahara, Hiroyuki (35574440900)","57457002500; 6507420439; 35574440900","Tool condition monitoring method by anomaly segmentation of time-frequency images using acoustic emission in small hole drilling","2023","Journal of Advanced Mechanical Design, Systems and Manufacturing","17","3","A2","","","10","10.1299/jamdsm.2023jamdsm0034","https://www.scopus.com/pages/publications/85164247193?origin=resultslist","Industrial Technology Center of SAGA, 114 Nabeshima, acty Saga-shi, Saga, 849-0932, Japan; Kyushu Institute of Technology, 680-4 Kawazu, Iizuka-shi, Fukuoka, 820-8502, Japan","Nakano T., Industrial Technology Center of SAGA, 114 Nabeshima, acty Saga-shi, Saga, 849-0932, Japan; Koresawa H., Kyushu Institute of Technology, 680-4 Kawazu, Iizuka-shi, Fukuoka, 820-8502, Japan; Narahara H., Kyushu Institute of Technology, 680-4 Kawazu, Iizuka-shi, Fukuoka, 820-8502, Japan","Tool wear leads to a reduction in dimensional accuracy and surface quality, as well as unexpected sudden tool failure. A broken tool can cause irreparable damage to an expensive workpiece, resulting in increased operating costs and production delays. Since the mechanical strength of small-diameter drills is inadequate for the load and prone to breakage, tool condition monitoring and diagnosis is important to prevent sudden tool breakage, increase productivity, and promote automation in machining process. The present work is aimed to investigate a tool condition monitoring method based on the analysis of acoustic emission (AE) signals emitted during small-hole drilling. We propose DDM (Deep feature Distribution Modeling), a method for image-level anomaly detection and anomaly segmentation in time-series signal analysis. The peck drilling experiments on SKD61 steels were performed with high-speed steel (HSS) drills. The continuous wavelet transform (CWT) was applied to generate time-frequency (TF) image of the AE signals during the drilling process. The TF images were quantified as anomaly scores using the DDM, which establishes normality by fitting a multivariate Gaussian (MVG) to pre-trained deep features. The anomaly detection capability of the DDM and the convolutional autoencoder (CAE) was compared using dummy data for validation. The digital microscope was employed to measure tool wear. Chip morphology was also observed by the laser microscopy. As the tool wear progressed, the anomaly score increased or decreased, with several sharp increases observed between holes 3805 and 3869 just prior to tool failure. An increase in the width of the shear layer spacing of the chips was also observed just prior to failure. Changes in the anomaly score associated with tool wear were more clearly identified by creating anomaly maps. The present investigation shows that waveform processing of AE signals using the CWT and anomaly detection based on the DDM are efficient methods for tool condition monitoring. Our proposed approach makes it possible to visualize the differences in anomaly states using a more subdivided layer context by generating multiple anomaly maps with deep feature vectors obtained from multiple layers.  © 2023 The Japan Society of Mechanical Engineers.","Acoustic emission; Anomaly detection; Anomaly map; Deep feature; Drilling; Tool wear; Wavelets","Acoustic emission testing; Anomaly detection; Condition monitoring; Cutting tools; Feature extraction; Infill drilling; Morphology; Operating costs; Time series analysis; Vibration analysis; Wavelet transforms; Acoustic-emissions; Anomaly detection; Anomaly map; Deep feature; Distribution models; Feature distribution; Time-frequency images; Tool condition monitoring; Tool wear; Wavelet; Wear of materials","","","Japan Society of Mechanical Engineers","18813054","","","","English","J. Adv. Mech. Des. Syst. Manuf.","Article","Final","All Open Access; Gold Open Access; Green Open Access","Scopus","2-s2.0-85164247193"
"Khodabakhsh A.; Ari I.; Bakir M.; Ercan A.O.","Khodabakhsh, Athar (56246694000); Ari, Ismail (24341015700); Bakir, Mustafa (56501622900); Ercan, Ali Ozer (6603694319)","56246694000; 24341015700; 56501622900; 6603694319","Multivariate Sensor Data Analysis for Oil Refineries and Multi-mode Identification of System Behavior in Real-time","2018","IEEE Access","6","","8501917","63489","64405","26","10.1109/ACCESS.2018.2877097","https://www.scopus.com/pages/publications/85055149153?origin=resultslist","Computer Science Department, Özyeǧin University, Istanbul, 34794, Turkey; Process Improvement and Software Department, Tüpraş, Kocaeli, 41790, Turkey; Electrical and Electronics Engineering Department, Özyeǧin University, Istanbul, 34794, Turkey","Khodabakhsh A., Computer Science Department, Özyeǧin University, Istanbul, 34794, Turkey; Ari I., Computer Science Department, Özyeǧin University, Istanbul, 34794, Turkey; Bakir M., Process Improvement and Software Department, Tüpraş, Kocaeli, 41790, Turkey; Ercan A.O., Electrical and Electronics Engineering Department, Özyeǧin University, Istanbul, 34794, Turkey","Large-scale oil refineries are equipped with mission-critical heavy machinery (boilers, engines, turbines, and so on) and are continuously monitored by thousands of sensors for process efficiency, environmental safety, and predictive maintenance purposes. However, sensors themselves are also prone to errors and failure. The quality of data received from these sensors should be verified before being used in system modeling. There is a need for reliable methods and systems that can provide data validation and reconciliation in real-time with high accuracy. In this paper, we develop a novel method for real-time data validation, gross error detection and classification over multivariate sensor data streams. The validated and high-quality data obtained from these processes is used for pattern analysis and modeling of industrial plants. We obtain sensor data from the power and petrochemical plants of an oil refinery and analyze them using various time-series modeling and data mining techniques that we integrate into a complex event processing engine. Next, we study the computational performance implications of the proposed methods and uncover regimes where they are sustainable over fast streams of sensor data. Finally, we detect shifts among steady-states of data, which represent systems' multiple operating modes and identify the time when a model reconstruction is required using DBSCAN clustering algorithm. © 2018 IEEE.","Complex event processing; gross error classification; gross error detection; oil refinery; sensor data; stream data; system behavior","Clustering algorithms; Data mining; Engines; Error detection; Petrochemical plants; Petroleum refineries; Quality control; Refining; Complex event processing; Gross error detection; Gross errors; Oil refineries; Sensor data; Stream data; System behaviors; Real time systems","A. Khodabakhsh; Computer Science Department, Özyeǧin University, Istanbul, 34794, Turkey; email: athar.khodabakhsh@ozu.edu.tr","","Institute of Electrical and Electronics Engineers Inc.","21693536","","","","English","IEEE Access","Article","Final","All Open Access; Gold Open Access; Green Open Access","Scopus","2-s2.0-85055149153"
"Singh P.; Vickram B.; Benny A.; Mariyam K.; Dan S.; Harishwaran R.; Kumar B.N.; Abdullah M.A.","Singh, Prabhat (60737997900); Vickram, Bushitha (60738735900); Benny, Annmaria (60739091800); Mariyam, Kadeeja (60737998000); Dan, Sudakshina (60738911200); Harishwaran, R. (60914157000); Kumar, B. Naveen (60913883700); Abdullah, M. Aslam (60914157100)","60737997900; 60738735900; 60739091800; 60737998000; 60738911200; 60914157000; 60913883700; 60914157100","Unsupervised deep learning framework for early detection of wellbore trajectory deviation in drilling operations","2026","Frontiers in Artificial Intelligence","9","","1942787","","","0","10.3389/frai.2026.1942787","https://www.scopus.com/pages/publications/105051197601?origin=resultslist","School of Chemical Engineering, Vellore Institute of Technology, Tamil Nadu, Vellore, India","Singh P., School of Chemical Engineering, Vellore Institute of Technology, Tamil Nadu, Vellore, India; Vickram B., School of Chemical Engineering, Vellore Institute of Technology, Tamil Nadu, Vellore, India; Benny A., School of Chemical Engineering, Vellore Institute of Technology, Tamil Nadu, Vellore, India; Mariyam K., School of Chemical Engineering, Vellore Institute of Technology, Tamil Nadu, Vellore, India; Dan S., School of Chemical Engineering, Vellore Institute of Technology, Tamil Nadu, Vellore, India; Harishwaran R., School of Chemical Engineering, Vellore Institute of Technology, Tamil Nadu, Vellore, India; Kumar B.N., School of Chemical Engineering, Vellore Institute of Technology, Tamil Nadu, Vellore, India; Abdullah M.A., School of Chemical Engineering, Vellore Institute of Technology, Tamil Nadu, Vellore, India","Wellbore trajectory deviation remains one of the major operational challenges encountered during directional and extended-reach drilling because even small departures from the planned well path can lead to poor reservoir placement, wellbore instability, increased non-productive time, and significant drilling costs. In most field operations, trajectory monitoring depends on periodic directional surveys together with threshold-based diagnostics. Although these methods are widely used, they often identify deviations only after they have become operationally noticeable, limiting the opportunity for timely corrective action. To overcome the limitations of conventional monitoring, the present study proposes an unsupervised deep learning framework capable of identifying the early onset of trajectory deviation by analyzing integrated well-log and geo-mechanical data without relying on labeled deviation events. The proposed framework combines Depth, Gamma Ray (GR), Shale Volume (Vsh), Resistivity, Sonic Transit Time (ΔT), P-wave Velocity (Vp), S-wave Velocity (Vs), Bulk Density, Calculated Density, Neutron Porosity (NPHI), Density Porosity (DPHI), and Poisson's Ratio to capture the lithological and mechanical characteristics that influence drilling behavior and trajectory stability. An LSTM Autoencoder (LSTM-AE) is employed to learn the normal temporal evolution of drilling parameters and identify anomalous behavior through reconstruction error. To complement the sequential learning capability of the autoencoder, a Graph Neural Network (GNN) is developed to represent the physical and geological relationships among the measured parameters, allowing complex multivariate interactions to be analyzed without requiring labeled datasets. The performance of both models is evaluated by comparing their ability to distinguish normal drilling behavior from progressively unstable operating conditions. The obtained results demonstrate that the LSTM-AE effectively learns the sequential characteristics of stable drilling and provides reliable early warning through changes in reconstruction error, whereas the GNN offers improved discrimination of trajectory-related anomalies by modeling the underlying relationships between geological and geo-mechanical variables. Collectively, these complementary approaches enableearlier recognition of developing trajectory deviations while reducing false alarms compared with conventional monitoring techniques. The findings demonstrate that integrating temporal sequence modeling with graph-based relational learning provides a practical and scalable solution for intelligent wellbore trajectory monitoring, supporting improved wellbore stability assessment, safer drilling operations, and more informed decision-making in complex subsurface environments. Copyright © 2026 Singh, Vickram, Benny, Mariyam, Dan, Harishwaran, Kumar and Abdullah.","anomaly detection; directional drilling; graph neural network; LSTM Autoencoder; unsupervised deep learning; wellbore trajectory deviation","","M.A. Abdullah; School of Chemical Engineering, Vellore Institute of Technology, Vellore, Tamil Nadu, India; email: aslamabdullah.m@vit.ac.in","","Frontiers Media SA","26248212","","","","English","Frontier. Artif. Intell.","Article","Final","All Open Access; Gold Open Access; Green Open Access","Scopus","2-s2.0-105051197601"
"Angelopoulos N.; Georgoulas G.; Kappatos V.","Angelopoulos, Nikolaos (57195642355); Georgoulas, George (35553737900); Kappatos, Vassilios (16063927900)","57195642355; 35553737900; 16063927900","One Class Fault Detection in Rotating Machinery Using Distributional Features from Triggered Acoustic Emission Data","2026","Electronics (Switzerland)","15","10","2105","","","0","10.3390/electronics15102105","https://www.scopus.com/pages/publications/105040081327?origin=resultslist","Hellenic Institute of Transport (HIT), Centre for Research and Technology Hellas (CERTH), Thessaloniki, 57001, Greece; Robotics Group, Department of Mechanical Engineering and Aeronautics, University of Patras, Rio, 26504, Greece","Angelopoulos N., Hellenic Institute of Transport (HIT), Centre for Research and Technology Hellas (CERTH), Thessaloniki, 57001, Greece; Georgoulas G., Robotics Group, Department of Mechanical Engineering and Aeronautics, University of Patras, Rio, 26504, Greece; Kappatos V., Hellenic Institute of Transport (HIT), Centre for Research and Technology Hellas (CERTH), Thessaloniki, 57001, Greece","Acoustic Emission (AE) monitoring offers high sensitivity in detecting faults and defects in rotating machinery. Hit-based AE acquisition systems produce only short, intermittent waveform signals rather than continuous recordings. This work addresses the challenge of fault detection from such fragmented sensor data. It is demonstrated that individual AE hits are insufficient for reliable fault detection, as waveforms from different fault conditions overlap substantially in feature spaces. To overcome this, a distributional feature aggregation approach is proposed. AE hit features are extracted from each waveform, grouped into non-overlapping sequential bags, and summarised through order statistics and distribution moments. Four one-class classifiers namely: (i) Isolation Forest, (ii) PCA one class classifier, (iii) K-nearest neighbour one class classifier, and (iv) Local Outlier Factor were evaluated on a Drivetrain Dimulator (DTS) test rig that simulates faulty gear and bearing conditions. AE signals coming from the healthy condition were used to train the classifiers. Signal deviations due to the presence of gear and bearing faults were subsequently identified. Fault detection results show that bag-level distributional features substantially outperform per-hit features: four of five faults achieve 100% single-bag detection under five-fold cross-validation, while per-hit detection rates remain below 50% for four of five faults. The PCA one class classifier achieves 100% detection for all faults individually but is excluded from the final ensemble due to a 99% false alarm rate caused by the limited healthy training sample in a high-dimensional feature space. A CUSUM sequential detector applied to a three-method ensemble (Isolation Forest, KNN, and LOF) is evaluated on a chronological 80/20 split of the healthy data, triggering alarms for all five fault conditions with a false alarm rate of 0% at the recommended setting. Four faults are detected with sustained alarm patterns (54–100% alarm rates), while bearing outer race, the most challenging fault, is detected intermittently (10.5% alarm rate), demonstrating that sequential evidence accumulation can identify faults that are invisible to single-bag thresholding. © 2026 by the authors.","acoustic emission; anomaly detection; bearing fault; condition monitoring; CUSUM sequential detection; distributional feature aggregation; fault detection; gearbox monitoring; hit-based acquisition; one-class classification","Alarm systems; Anomaly detection; Classification (of information); Classifiers; Errors; Feature extraction; Gears; Learning systems; Nearest neighbor search; Rotating machinery; Sampling; Statistics; Acoustic-emissions; Anomaly detection; Bearing fault; Condition; CUSUM sequential detection; Distributional feature aggregation; Distributional features; Faults detection; Feature aggregation; Gearbox monitoring; Hit-based acquisition; One-class Classification; Sequential detection; Condition monitoring; Fault detection","N. Angelopoulos; Hellenic Institute of Transport (HIT), Centre for Research and Technology Hellas (CERTH), Thessaloniki, 57001, Greece; email: naggel@certh.gr","","Multidisciplinary Digital Publishing Institute (MDPI)","20799292","","","","English","Electronics (Switzerland)","Article","Final","All Open Access; Gold Open Access","Scopus","2-s2.0-105040081327"
"Penalva M.; Martín A.; Ruiz C.; Martínez V.; Veiga F.; Val A.G.D.; Ballesteros T.","Penalva, Mariluz (56376957300); Martín, Ander (59074523200); Ruiz, Cristina (57441100900); Martínez, Víctor (59072909000); Veiga, Fernando (25628788300); Val, Alain Gil del (58285281200); Ballesteros, Tomás (55796921600)","56376957300; 59074523200; 57441100900; 59072909000; 25628788300; 58285281200; 55796921600","Application-Oriented Data Analytics in Large-Scale Metal Sheet Bending","2023","Applied Sciences (Switzerland)","13","24","13187","","","3","10.3390/app132413187","https://www.scopus.com/pages/publications/85192441640?origin=resultslist","TECNALIA, Basque Research and Technology Alliance (BRTA), Parque Científico, Parque Científico y Tecnológico de Gipuzkoa, Donostia-San Sebastián, 20009, Spain; IDESA Ingeniería y Diseño Europeo, PCTG. Edificio Félix Herreros, Gijón, 33203, Spain; Department of Engineering, Campus Arrosadía, Public University of Navarre, Los Pinos Building, Pamplona, 31006, Spain; School of Engineering and Technology, International University of La Rioja UNIR, Logroño, 26006, Spain","Penalva M., TECNALIA, Basque Research and Technology Alliance (BRTA), Parque Científico, Parque Científico y Tecnológico de Gipuzkoa, Donostia-San Sebastián, 20009, Spain; Martín A., TECNALIA, Basque Research and Technology Alliance (BRTA), Parque Científico, Parque Científico y Tecnológico de Gipuzkoa, Donostia-San Sebastián, 20009, Spain; Ruiz C., IDESA Ingeniería y Diseño Europeo, PCTG. Edificio Félix Herreros, Gijón, 33203, Spain; Martínez V., IDESA Ingeniería y Diseño Europeo, PCTG. Edificio Félix Herreros, Gijón, 33203, Spain; Veiga F., Department of Engineering, Campus Arrosadía, Public University of Navarre, Los Pinos Building, Pamplona, 31006, Spain; Val A.G.D., TECNALIA, Basque Research and Technology Alliance (BRTA), Parque Científico, Parque Científico y Tecnológico de Gipuzkoa, Donostia-San Sebastián, 20009, Spain, School of Engineering and Technology, International University of La Rioja UNIR, Logroño, 26006, Spain; Ballesteros T., Department of Engineering, Campus Arrosadía, Public University of Navarre, Los Pinos Building, Pamplona, 31006, Spain","The sheet-metal-forming process is crucial in manufacturing various products, including pipes, cans, and containers. Despite its significance, controlling this complex process is challenging and may lead to defects and inefficiencies. This study introduces a novel approach to monitor the sheet-metal-forming process, specifically focusing on the rolling of cans in the oil-and-gas sector. The methodology employed in this work involves the application of temporal-signal-processing and artificial-intelligence (AI) techniques for monitoring and optimizing the manufacturing process. Temporal-signal-processing techniques, such as Markov transition fields (MTFs), are utilized to transform time series data into images, enabling the identification of patterns and anomalies. synamic time warping (DTW) aligns time series data, accommodating variations in speed or timing across different rolling processes. K-medoids clustering identifies representative points, characterizing distinct phases of the rolling process. The results not only demonstrate the effectiveness of this framework in monitoring the rolling process but also lay the foundation for the practical application of these methodologies. This allows operators to work with a simpler characterization source, facilitating a more straightforward interpretation of the manufacturing process. © 2023 by the authors.","deep learning; material deformation; monitoring; neuronal networks; rolling","","F. Veiga; Department of Engineering, Campus Arrosadía, Public University of Navarre, Pamplona, Los Pinos Building, 31006, Spain; email: fernando.veiga@unavarra.es","","Multidisciplinary Digital Publishing Institute (MDPI)","20763417","","","","English","Appl. Sci.","Article","Final","All Open Access; Gold Open Access; Green Open Access","Scopus","2-s2.0-85192441640"
"Wang X.; Yang Y.; He L.; Wang Q.; He B.","Wang, Xingming (41462101400); Yang, Yuanyuan (60071999000); He, Le (60681492700); Wang, Qiaozhu (57880226700); He, Bin (60178291500)","41462101400; 60071999000; 60681492700; 57880226700; 60178291500","Automatic calibration of wellbore pressure wave velocity using perforation-induced shock waves","2026","Scientific Reports","16","1","17812","","","0","10.1038/s41598-026-45490-5","https://www.scopus.com/pages/publications/105041220383?origin=resultslist","State Key Laboratory of Oil and Gas Reservoir Geology and Exploitation, Chengdu University of Technology, Chengdu, 610059, China; College of Energy, Chengdu University of Technology, Chengdu, 610059, China; TianfuYongxing Laboratory, Chengdu, 610213, China; CNPC Chuanqing Drilling Engineering Company Limited, Chengdu, 610051, China; School of Mechanical and Electrical Engineering, Chengdu University of Technology, Chengdu, 610059, China","Wang X., State Key Laboratory of Oil and Gas Reservoir Geology and Exploitation, Chengdu University of Technology, Chengdu, 610059, China, College of Energy, Chengdu University of Technology, Chengdu, 610059, China, TianfuYongxing Laboratory, Chengdu, 610213, China; Yang Y., State Key Laboratory of Oil and Gas Reservoir Geology and Exploitation, Chengdu University of Technology, Chengdu, 610059, China, College of Energy, Chengdu University of Technology, Chengdu, 610059, China; He L., CNPC Chuanqing Drilling Engineering Company Limited, Chengdu, 610051, China; Wang Q., State Key Laboratory of Oil and Gas Reservoir Geology and Exploitation, Chengdu University of Technology, Chengdu, 610059, China, College of Energy, Chengdu University of Technology, Chengdu, 610059, China; He B., School of Mechanical and Electrical Engineering, Chengdu University of Technology, Chengdu, 610059, China","Conventional wellbore wave velocity estimation mainly relies on water hammer oscillation signals. These signals have a limited frequency range and long oscillation periods. Under complex wellbore conditions, they are easily affected by noise and changes in boundary conditions, which limits the accuracy and stability of wave velocity characterization. To address this limitation, this study focuses on staged hydraulic fracturing in horizontal wells and proposes an automatic method for calibrating wellbore pressure wave velocity using impact pressure waves generated during perforation operations. The impact pressure waves produced during perforation have high frequencies, short pulse durations, concentrated energy, and clear propagation paths. These characteristics provide a signal source with strong physical advantages for detailed wellbore wave velocity characterization. Based on these properties, this study introduces a peak to peak detection approach. This approach shifts wellbore pressure wave velocity calibration from a dependence on overall oscillation features to a physical description based on transient echo time scales. A complete automatic calibration workflow is therefore established. Numerical simulation results show that, for synthetic pressure waves generated by a convolution model, the extracted time intervals between adjacent waves agree well with theoretical values. For individual perforation clusters, the mean absolute error ranges from 1.6 to 1.8 ms, and the root mean square error does not exceed 2.4 ms, indicating millisecond level time extraction accuracy. In addition, simulations based on a water hammer model show that the relative errors of pressure wave peak amplitudes are all below 0.2%. This result confirms the high accuracy of the proposed method from both the time and amplitude perspectives. Field applications indicate that the average wave velocities calculated for individual perforation clusters are mainly concentrated between 1530 and 1555 m/s. The coefficients of variation within clusters are generally below 5%, and the differences in average wave velocity between different stages are less than ± 15 m/s. These results demonstrate good overall consistency and stability. Further statistical analysis shows that the wave velocity distribution at the perforation cluster scale exhibits stable multimodal characteristics. This behavior reflects the possible existence of multiple propagation paths for perforation induced shock waves within the wellbore. The results demonstrate that the proposed method can achieve stable identification of perforation reflected waves and reliable wave velocity calibration under complex wellbore conditions. It provides an effective approach for the quantitative analysis of wellbore acoustic characteristics. © The Author(s) 2026.","Automatic extraction; Convolution model; Perforation-induced shock waves; Water hammer model; Wave velocity calibration; Wellbore pressure wave","water; article; calibration; human; major clinical study; perforation; pressure; shock wave; velocity","X. Wang; State Key Laboratory of Oil and Gas Reservoir Geology and Exploitation, Chengdu University of Technology, Chengdu, 610059, China; email: upjzk@sina.com","","Nature Research","20452322","","","41992008","English","Sci. Rep.","Article","Final","All Open Access; Gold Open Access; Green Open Access","Scopus","2-s2.0-105041220383"
"Khanna P.; Pyrcz M.; Droxler A.W.; Hopson H.H.; Harris P.M.M.; Lehrmann D.J.","Khanna, Pankaj (57196119849); Pyrcz, Michael (6507450938); Droxler, André W. (6701787124); Hopson, Heath H. (57212240519); Harris, Paul M. (Mitch) (7403636046); Lehrmann, Daniel J. (6602378436)","57196119849; 6507450938; 6701787124; 57212240519; 7403636046; 6602378436","Implications for controls on Upper Cambrian microbial build-ups across multiple-scales, Mason County, Central Texas, USA","2020","Marine and Petroleum Geology","121","","104590","","","11","10.1016/j.marpetgeo.2020.104590","https://www.scopus.com/pages/publications/85089065827?origin=resultslist","ANPERC, King Abdullah University of Science and Technology, Thuwal, 23955, Saudi Arabia; Department of Earth, Environmental, and Planetary Sciences, Rice University, 6100 Main Street, MS-126, Houston, 77005, TX, United States; Department of Petroleum and Geosystems Engineering, University of Texas at Austin, Austin, 78712, TX, United States; Department of Geological Sciences, Jackson School of Geosciences, The University of Texas at Austin, 2305 Speedway, Stop C1160, Austin, 78712-1692, TX, United States; CSL - Center for Carbonate Research, Department of Marine Geosciences, University of Miami, 4600 Rickenbacker Causeway, Miami, 33149, FL, United States; Geoscience Department, Trinity University, San Antonio, 78212, TX, United States","Khanna P., ANPERC, King Abdullah University of Science and Technology, Thuwal, 23955, Saudi Arabia, Department of Earth, Environmental, and Planetary Sciences, Rice University, 6100 Main Street, MS-126, Houston, 77005, TX, United States; Pyrcz M., Department of Petroleum and Geosystems Engineering, University of Texas at Austin, Austin, 78712, TX, United States, Department of Geological Sciences, Jackson School of Geosciences, The University of Texas at Austin, 2305 Speedway, Stop C1160, Austin, 78712-1692, TX, United States; Droxler A.W., Department of Earth, Environmental, and Planetary Sciences, Rice University, 6100 Main Street, MS-126, Houston, 77005, TX, United States; Hopson H.H., Department of Earth, Environmental, and Planetary Sciences, Rice University, 6100 Main Street, MS-126, Houston, 77005, TX, United States; Harris P.M.M., CSL - Center for Carbonate Research, Department of Marine Geosciences, University of Miami, 4600 Rickenbacker Causeway, Miami, 33149, FL, United States; Lehrmann D.J., Geoscience Department, Trinity University, San Antonio, 78212, TX, United States","The morphological architecture and distribution of modern and ancient carbonate systems has been shown to follow spatial-self-organization, however, limited studies describe the morphometrics of microbial carbonates. Upper Cambrian microbial-build-ups outcropping in Central Texas, are exposed laterally (plan view), enabling a study of their morphological architecture and spatial distribution. Drone imagery was acquired to capture the outcrop features and develop a digital terrain model (cm scale resolution) for a bedding plane outcrop (600 × 200 m in size). Four scales of microbial growth (S1- few dm, S2- few m, S3- few tens of m, and S4- few hundreds of m) were identified and mapped. A series of morphometric analysis including Ripley's k, univariate, multivariate, and grouping were conducted and results demonstrate that, the scales S1, S2, and S3 display clustering and the spatial organization of microbial-buildups is naturally organized and not random. Further, as the size of the build-ups increases (from S1–S4), the anisotropy (length/width) increases, their shape becomes oblong, and they become aligned (S2–S4) with the inferred regional winds and tide-associated currents (NE-SW according to the present geography). The S1 scale does not align itself with the regional currents; instead, the build-ups behaved as a baffle during growth, and modified the currents locally, leading to preferential alignment at the edges within S2. As the scales increases in sizes (S2, S3, S4), there is competition for space, and due to regional currents, the larger scales preferentially align parallel to high-energy currents. The trends and spatial relationships identified in this study are particularly relevant and provide a scenario for sub-seismic scale heterogeneities for subsurface microbial hydrocarbon reservoirs. © 2020 Elsevier Ltd","Architecture; Central Texas; Late Cambrian; Microbial build-ups; Morphology; Photogrammetry","Mason County [Texas]; Texas; United States; Petroleum geology; Digital terrain model; Hydrocarbon reservoir; Microbial carbonates; Morphometric analysis; Scale heterogeneities; Self organizations; Spatial organization; Spatial relationships; airborne sensing; biofilm; Cambrian; carbonate platform; digital terrain model; heterogeneity; morphometry; spatial distribution; Economic geology","P. Khanna; ANPERC, King Abdullah University of Science and Technology, Thuwal, 23955, Saudi Arabia; email: pankaj89@gmail.com","","Elsevier Ltd","02648172","","","","English","Mar. Pet. Geol.","Article","Final","All Open Access; Green Open Access","Scopus","2-s2.0-85089065827"
"Bolaji T.A.; Bedaso Z.K.; Papazotos P.G.; Oyelami C.A.; Ogudo J.R.; Olowoniyi A.O.","Bolaji, Taiwo A. (57211575297); Bedaso, Zelalem K. (35728357100); Papazotos, Panagiotis G. (57208567833); Oyelami, Charles A. (57188853609); Ogudo, Jude R. (60704286500); Olowoniyi, Abel O. (55589572600)","57211575297; 35728357100; 57208567833; 57188853609; 60704286500; 55589572600","Hydrochemistry and environmental isotope signatures (δ18O and δ2H) in the crystalline basement groundwater system of Oye-Ekiti, southwestern Nigeria","2026","Scientific Reports","16","1","19418","","","0","10.1038/s41598-026-50252-4","https://www.scopus.com/pages/publications/105042541372?origin=resultslist","Department of Geology, Federal University Oye-Ekiti, Oye-Ekiti, 371010, Nigeria; Department of Earth and Environmental Geosciences, University of Dayton, Dayton, OH, United States; Department of Geological Sciences, School of Mining and Metallurgy Engineering, National Technical University of Athens, Athens, Greece; Hellenic Survey of Geology and Mineral Exploration, 1 Sp. Louis Str., Acharnae, 13677, Greece","Bolaji T.A., Department of Geology, Federal University Oye-Ekiti, Oye-Ekiti, 371010, Nigeria; Bedaso Z.K., Department of Earth and Environmental Geosciences, University of Dayton, Dayton, OH, United States; Papazotos P.G., Department of Geological Sciences, School of Mining and Metallurgy Engineering, National Technical University of Athens, Athens, Greece, Hellenic Survey of Geology and Mineral Exploration, 1 Sp. Louis Str., Acharnae, 13677, Greece; Oyelami C.A., Department of Geology, Federal University Oye-Ekiti, Oye-Ekiti, 371010, Nigeria; Ogudo J.R., Department of Geology, Federal University Oye-Ekiti, Oye-Ekiti, 371010, Nigeria; Olowoniyi A.O., Department of Geology, Federal University Oye-Ekiti, Oye-Ekiti, 371010, Nigeria","Groundwater is the primary source of domestic water supply in Oye-Ekiti, a rapidly urbanizing city in southwestern Nigeria. However, the processes controlling its quality and recharge remain poorly constrained. This study presents the first city-scale, dry-season assessment integrating hydrochemistry, stable isotopes (δ18O and δ2H), multivariate statistics, and geochemical modelling. Fifty samples collected from boreholes and hand-dug wells were analysed for physicochemical parameters, major ions, and environmental isotopes. Groundwater exhibits Ca–Mg–HCO3 and Na–K–Cl–SO4 as the primary water types, under acidic to slightly alkaline pH conditions, while total dissolved solids are generally below 500 mg/L. Ionic relationships and multivariate analyses identify silicate weathering and cation-exchange processes as the principal controls on groundwater chemistry, with localized nitrate and phosphate enrichment linked to agricultural activities and on-site sanitation. PHREEQC modelling revealed that all mineral phases, including calcite, dolomite, gypsum, and halite, are undersaturated, confirming active rock-water interaction. Stable isotope compositions (δ18O: − 3.53‰ to − 2.68‰; δ2H: − 17.65‰ to − 11.96‰) and the δ18O–δ2H groundwater regression line plots close to the regional Local Meteoric Water Line (LMWL) [δ2H = 7.7 × δ18O + 10.2, r2 = 0.87], indicating that the groundwater is predominantly of meteoric origin and derived from recent precipitation. The d-excess values (8.7–12.2‰), clustering around the global average of 10‰, suggest limited evaporative influence prior to recharge. Slight isotopic enrichment and higher solute variability in shallow hand-dug wells highlight their greater vulnerability to surface processes. These findings provide a new geochemical and isotopic baseline, providing critical insights for sustainable groundwater management, monitoring, and policy implementation under Sustainable Development Goals (SDG) 6 in a rapidly urbanizing environment. © The Author(s) 2026.","Geochemical modeling; Multivariate statistics; Oye-Ekiti; Stable isotopes; Sustainable development goals; Water quality","calcium carbonate; calcium sulfate; ground water; isotope; mineral; nitrate; phosphate; silicate; sodium chloride; stable isotope; water; alkalinity; article; cation exchange; controlled study; dry season; ionization; multivariate analysis; Nigeria; precipitation; rock; solute; sustainable development goal; vulnerability; water quality; water supply; weathering","T.A. Bolaji; Department of Geology, Federal University Oye-Ekiti, Oye-Ekiti, 371010, Nigeria; email: taiwo.bolaji@fuoye.edu.ng; Z.K. Bedaso; Department of Earth and Environmental Geosciences, University of Dayton, Dayton, United States; email: zbedaso1@udayton.edu","","Nature Research","20452322","","","42045544","English","Sci. Rep.","Article","Final","All Open Access; Gold Open Access; Green Open Access","Scopus","2-s2.0-105042541372"
"Wang Y.; Cao J.; Tao K.; Gao X.; Li E.; Shi C.","Wang, Yuce (56267917300); Cao, Jian (55507422100); Tao, Keyu (57190839320); Gao, Xiuwei (57189344898); Li, Erting (55871184900); Shi, Chunhua (57199904314)","56267917300; 55507422100; 57190839320; 57189344898; 55871184900; 57199904314","Multivariate Statistical Analysis Reveals the Heterogeneity of Lacustrine Tight Oil Accumulation in the Middle Permian Jimusar Sag, Junggar Basin, NW China","2020","Geofluids","2020","","1860219","","","12","10.1155/2020/1860219","https://www.scopus.com/pages/publications/85081198122?origin=resultslist","MOE Key Laboratory of Surficial Geochemistry, School of Earth Sciences and Engineering, Nanjing University, Nanjing, Jiangsu, 210023, China; Research Institute of Experiment and Testing, PetroChina Xinjiang Oilfield Company, Karamay, Xinjiang, 834000, China","Wang Y., MOE Key Laboratory of Surficial Geochemistry, School of Earth Sciences and Engineering, Nanjing University, Nanjing, Jiangsu, 210023, China; Cao J., MOE Key Laboratory of Surficial Geochemistry, School of Earth Sciences and Engineering, Nanjing University, Nanjing, Jiangsu, 210023, China; Tao K., MOE Key Laboratory of Surficial Geochemistry, School of Earth Sciences and Engineering, Nanjing University, Nanjing, Jiangsu, 210023, China; Gao X., Research Institute of Experiment and Testing, PetroChina Xinjiang Oilfield Company, Karamay, Xinjiang, 834000, China; Li E., Research Institute of Experiment and Testing, PetroChina Xinjiang Oilfield Company, Karamay, Xinjiang, 834000, China; Shi C., MOE Key Laboratory of Surficial Geochemistry, School of Earth Sciences and Engineering, Nanjing University, Nanjing, Jiangsu, 210023, China","Tight oil and gas accumulation commonly has heterogeneities within the reservoir formation. This heterogeneity, however, is hard to investigate by conventional geological and (organic) geochemical tools and thus is critical and challenging to study. Here, we attempted multivariate statistical analysis to reveal the heterogeneity based on a case study in the lacustrine tight oil accumulation in the middle Permian Lucaogou Formation of the Jimusar sag, Junggar Basin, NW China. Clustering heat maps and multi-dimensional scaling analysis revealed the heterogeneity of tight oil accumulation. The heterogeneity is reflected by the complex relationship between the two reservoir sweet spots as well as the oil migration and accumulation vertically and spatially, rather than the previous thoughts that it is a closed system associated with proximal hydrocarbon accumulation patterns. Multiple biomarkers show that the source rocks and reservoirs have similar characteristics in the lower part of the formation, reflecting a proximal hydrocarbon accumulation pattern in the lower sweet spot (near-source accumulation, abbreviated as NA). This represents a relatively closed system. However, the upper sweet spot and the middle section mudstone sequence intervening the two sweet spots are not a completely closed system in a strict sense. These sequences can be divided into three tight oil segments, i.e., lower, middle, and upper from deep to shallow. The lower segment is sited in the lower part of the middle section mudstone sequence. The middle segment is composed of the upper part of the middle section mudstone sequence and the lower part of the upper sweet spot. The upper segment is composed of the upper part of the upper sweet spot and the overlying upper Permian Wutonggou Formation reservoirs. Oils generated in the lower segment migrated vertically to upper sweet spot reservoirs through faults/fractures, and laterally to distal reservoirs. Oils generated in the middle segment were preserved in reservoirs of the upper sweet spot. Oils in the upper segment require accumulation by vertical and lateral migration through faults/fractures. As such, the tight oil accumulation is complex in the Lucaogou Formation. From base to top, the accumulation mechanisms in the Lucaogou Formation were NA, VLMA (vertical and lateral migration and accumulation), NA and VLMA, thereby showing strong heterogeneities. Our data suggest that these processes might be typical of tight oil accumulations universally, and are important for future exploration and exploitation in the region to consider the heterogeneities rather than a closed system. The multivariate statistical analysis is an effective tool for investigating complex oil-source correlations and accumulation in petroleum basins. © 2020 Yuce Wang et al.","","China; Junggar Basin; Xinjiang Uygur; biomarker; heterogeneity; hydrocarbon generation; hydrocarbon migration; hydrocarbon reservoir; mudstone; multivariate analysis; Permian; source rock","J. Cao; MOE Key Laboratory of Surficial Geochemistry, School of Earth Sciences and Engineering, Nanjing University, Nanjing, Jiangsu, 210023, China; email: jcao@nju.edu.cn","","Hindawi Limited","14688115","","","","English","Geofluids","Article","Final","All Open Access; Gold Open Access; Green Open Access","Scopus","2-s2.0-85081198122"
"Fan S.; Wang D.; Yang B.; Ma H.; Su R.; Chen L.; Su P.; Hou X.; Lv H.; Xia Z.","Fan, Songhao (58296929200); Wang, Da (57207430515); Yang, Biao (57813119800); Ma, Huchao (57672661200); Su, Rilige (58136120300); Chen, Lei (59541811700); Su, Panyun (57964424200); Hou, Xiuhong (58572980100); Lv, Hanqin (57963334500); Xia, Zhiwei (60258390500)","58296929200; 57207430515; 57813119800; 57672661200; 58136120300; 59541811700; 57964424200; 58572980100; 57963334500; 60258390500","Multivariate Statistical Analysis and S-A Multifractal Modeling of Lithogeochemical Data for Mineral Exploration: A Case Study from the Buerhantu Area, Hadamengou Gold Orefield, Inner Mongolia, China","2025","Geosciences (Switzerland)","15","12","473","","","1","10.3390/geosciences15120473","https://www.scopus.com/pages/publications/105025965623?origin=resultslist","Hohhot General Survey of Natural Resources Center, China Geological Survey, Hohhot, 010010, China; School of Earth Sciences and Resources, China University of Geosciences, Beijing, 100083, China; Innovation Base for Gold Exploration Technology in the Northern Margin of North China Craton, Geological Society of China, Hohhot, 010010, China","Fan S., Hohhot General Survey of Natural Resources Center, China Geological Survey, Hohhot, 010010, China, School of Earth Sciences and Resources, China University of Geosciences, Beijing, 100083, China, Innovation Base for Gold Exploration Technology in the Northern Margin of North China Craton, Geological Society of China, Hohhot, 010010, China; Wang D., School of Earth Sciences and Resources, China University of Geosciences, Beijing, 100083, China; Yang B., Hohhot General Survey of Natural Resources Center, China Geological Survey, Hohhot, 010010, China, Innovation Base for Gold Exploration Technology in the Northern Margin of North China Craton, Geological Society of China, Hohhot, 010010, China; Ma H., School of Earth Sciences and Resources, China University of Geosciences, Beijing, 100083, China; Su R., Hohhot General Survey of Natural Resources Center, China Geological Survey, Hohhot, 010010, China, Innovation Base for Gold Exploration Technology in the Northern Margin of North China Craton, Geological Society of China, Hohhot, 010010, China; Chen L., Hohhot General Survey of Natural Resources Center, China Geological Survey, Hohhot, 010010, China, Innovation Base for Gold Exploration Technology in the Northern Margin of North China Craton, Geological Society of China, Hohhot, 010010, China; Su P., Hohhot General Survey of Natural Resources Center, China Geological Survey, Hohhot, 010010, China, Innovation Base for Gold Exploration Technology in the Northern Margin of North China Craton, Geological Society of China, Hohhot, 010010, China; Hou X., Hohhot General Survey of Natural Resources Center, China Geological Survey, Hohhot, 010010, China, Innovation Base for Gold Exploration Technology in the Northern Margin of North China Craton, Geological Society of China, Hohhot, 010010, China; Lv H., Hohhot General Survey of Natural Resources Center, China Geological Survey, Hohhot, 010010, China, Innovation Base for Gold Exploration Technology in the Northern Margin of North China Craton, Geological Society of China, Hohhot, 010010, China; Xia Z., Hohhot General Survey of Natural Resources Center, China Geological Survey, Hohhot, 010010, China, Innovation Base for Gold Exploration Technology in the Northern Margin of North China Craton, Geological Society of China, Hohhot, 010010, China","The Hadamengou gold deposit, located on the northern margin of the North China Craton, represents one of the region‘s most significant gold mineralization clusters. However, exploration in its deeper and peripheral sectors is constrained by ecological protection policies and the structural complexity of the ore-forming systems. Multivariate analysis combined with multi-model integration provides an effective mathematical approach for interpretating geochemical datasets and guiding mineral exploration, yet, its application in the Hadamengou region has not been systematically investigated. To address this research gap, this study developed a pilot framework in the key Buerhantu area, on the periphery of the Hadamengou metallogenic cluster, applying and adapting a multivariate-multimodel methodology for mineral prediction. The goal is to improve exploration targeting, particularly for concealed and deep-seated mineralization, while addressing the methodological challenges of mathematical modeling in complex geological conditions. Using 1:10,000-scale lithogeochemical data, we implemented a three-step workflow. First, isometric log-ratio (ILR) and centered log-ratio (CLR) transformations were compared to optimize data preprocessing, with a reference column (YD) added to overcome ILR constraints. Second, principal component analysis (PCA) identified a metallogenic element association (Sb-As-Sn-Au-Ag-Cu-Pb-Mo-W-Bi) consistent with district-scale mineralization patterns. Third, S-A multifractal modeling of factor scores (F1–F4) effectively separated noise, background, and anomalies, producing refined geochemical maps. Compared with conventional inverse distance weighting (IDW), the S-A model enhanced anomaly delineation and exploration targeting. Five anomalous zones (AP01–AP05) were identified. Drilling at AP01 confirmed the presence of deep gold mineralization, and the remaining anomalies are recommended for surface verification. This study demonstrates the utility of S-A multifractal modeling for geochemical anomaly detection and its effectiveness in defining exploration targets and improving exploration efficiency in underexplored areas of the Hadamengou district. © 2025 by the authors.","CLR; exploration targeting; factor analysis and PCA; geochemical anomaly detection; ILR; metallogenic element association","","B. Yang; Hohhot General Survey of Natural Resources Center, China Geological Survey, Hohhot, 010010, China; email: yangbiao@mail.cgs.gov.cn; D. Wang; School of Earth Sciences and Resources, China University of Geosciences, Beijing, 100083, China; email: wangda900909@cugb.edu.cn","","Multidisciplinary Digital Publishing Institute (MDPI)","20763263","","","","English","Geosciences","Article","Final","All Open Access; Gold Open Access; Green Open Access","Scopus","2-s2.0-105025965623"
"Wei J.; Li L.; Xu Y.; Xue G.; Zhang Z.; Zhang G.","Wei, Jiaying (59963108800); Li, Lei (55835233400); Xu, Yong (59963108900); Xue, Guoqing (57203213881); Zhang, Zhongpo (59535749800); Zhang, Guohua (59963568100)","59963108800; 55835233400; 59963108900; 57203213881; 59535749800; 59963568100","Characterization and Numerical Modeling of Shallow Marine Turbidite Depositional Systems: A Case Study from the Second Member of the Yinggehai Formation, X Gas Field, Yinggehai Basin","2025","Journal of Marine Science and Engineering","13","6","1107","","","3","10.3390/jmse13061107","https://www.scopus.com/pages/publications/105009142218?origin=resultslist","School of Earth Sciences and Engineering, Xi’an Shiyou University, Xi’an, 710065, China; Shaanxi Key Laboratory of Petroleum Accumulation Geology, 710065, China; CNOOC Limited Hainan Branch, Haikou, 570300, China; Sinopec Geophysical Corporation Research and Development Center, Nanjing, 210000, China","Wei J., School of Earth Sciences and Engineering, Xi’an Shiyou University, Xi’an, 710065, China, Shaanxi Key Laboratory of Petroleum Accumulation Geology, 710065, China; Li L., School of Earth Sciences and Engineering, Xi’an Shiyou University, Xi’an, 710065, China, Shaanxi Key Laboratory of Petroleum Accumulation Geology, 710065, China; Xu Y., School of Earth Sciences and Engineering, Xi’an Shiyou University, Xi’an, 710065, China, Shaanxi Key Laboratory of Petroleum Accumulation Geology, 710065, China; Xue G., CNOOC Limited Hainan Branch, Haikou, 570300, China; Zhang Z., Sinopec Geophysical Corporation Research and Development Center, Nanjing, 210000, China; Zhang G., School of Earth Sciences and Engineering, Xi’an Shiyou University, Xi’an, 710065, China, Shaanxi Key Laboratory of Petroleum Accumulation Geology, 710065, China","Objective: The research on turbid current deposition in shallow Marine shelf environments is relatively weak. Method: Based on three-dimensional seismic, drilling and logging data, etc., the spatio-temporal characterization of the shallow sea turbidity current sedimentary system was carried out by using seismic geomorphology and sedimentary numerical simulation techniques. Results and Conclusions: (1) A set of standards for identifying sedimentary units in the X Gas Field was established, identifying four sedimentary units: channel, mound body, channel-side accumulation body, and shelf mud; (2) The vertical evolution and planar distribution of the sedimentary units in the painting were precisely engraved. Along with the weakly–strongly–weak succession of turbidity current energy, the lithological combination of argillaceous siltstone–siltstone–mudstone developed vertically. On the plane, the clusters showed an evolution of isolation–connection–superposition. The scale of the river channel continued to expand, and the phenomena of oscillation and lateral accumulation occurred. (3) Three factors were analyzed: sea level, material sources, and sedimentary substrates (paleo landforms), and a shallow Marine turbidity current sedimentary system was established in the Honghe area in the northwest direction under the background of Marine receding, which is controlled by sedimentary slope folds and blocked by the high part of the diapause during the downward accumulation process of material sources along the shelf. (4) The numerical simulation results reconstructed the process of lateral migration of waterways, evolution of branch waterways into clusters, expansion of the scale of isolated clusters, and connection and superposition to form cluster complexes on a three-dimensional scale. The simulation results are in high agreement with the actual geological data. © 2025 by the authors.","numerical simulation; sedimentary process; seismic geomorphology; shallow marine turbidity current; Yinggehai Basin","Deposition; Geomorphology; Landforms; Lithology; Ocean currents; Offshore gas fields; Sea level; Sedimentology; Seismology; Settling tanks; Turbidity; Gas fields; Sedimentary process; Sedimentary systems; Sedimentary units; Seismic geomorphology; Shallow marine; Shallow marine turbidity current; Siltstones; Turbidity current; Yinggehai basin; Numerical models","L. Li; School of Earth Sciences and Engineering, Xi’an Shiyou University, Xi’an, 710065, China; email: lilei@xsyu.edu.cn","","Multidisciplinary Digital Publishing Institute (MDPI)","20771312","","","","English","J. Mar. Sci. Eng.","Article","Final","All Open Access; Gold Open Access; Green Open Access","Scopus","2-s2.0-105009142218"
"Inwood J.; Lofi J.; Davies S.; Basile C.; Bjerum C.; Mountain G.; Proust J.; Otsuka H.; Valppu H.","Inwood, Jennifer (23972777200); Lofi, Johanna (56007818800); Davies, Sarah (7403125826); Basile, Christophe (7006074690); Bjerum, Christian (6507300963); Mountain, Gregory (7004911270); Proust, Jean-Noël (7103077212); Otsuka, Hironori (55821567300); Valppu, Henna (36442060600)","23972777200; 56007818800; 7403125826; 7006074690; 6507300963; 7004911270; 7103077212; 55821567300; 36442060600","Statistical classifi cation of log response as an indicator of facies variation during changes in sea level: Integrated Ocean Drilling Program Expedition 313","2013","Geosphere","9","4","","1025","1043","14","10.1130/GES00913.1","https://www.scopus.com/pages/publications/84881511164?origin=resultslist","Department of Geology, University of Leicester, Leicester LE17RH, University Road, United Kingdom; Geosciences Montpellier, Unité Mixte de Recherche 5243, Université Montpellier 2, 34095 Montpellier cedex, Bâtiment 22, France; Institut des Sciences de la Terre, Université Joseph Fourier, 38041 Grenoble CEDEX 9, BP 53, France; Department of Geography and Geology, University of Copenhagen, DK-1350 Copenhagen K, OesterVoldgade 10, Denmark; Department of Earth and Planetary Sciences, Rutgers University, Piscataway, NJ 08854, 610 Taylor Road, United States; Unité Mixte de Recherche 6118 Centre National de la Recherche Scientifique Géosciences, 35042 Rennes cedex, Université de Rennes 1, France; Ocean Research Institute, University of Tokyo, Ocean Floor Geoscience, Nakanoku, Tokyo, 1-15-1 Minamidai, Japan; Thule Institute, University of Oulu, Oulu, FI-90014, PO Box 7300, Finland","Inwood J., Department of Geology, University of Leicester, Leicester LE17RH, University Road, United Kingdom; Lofi J., Geosciences Montpellier, Unité Mixte de Recherche 5243, Université Montpellier 2, 34095 Montpellier cedex, Bâtiment 22, France; Davies S., Department of Geology, University of Leicester, Leicester LE17RH, University Road, United Kingdom; Basile C., Institut des Sciences de la Terre, Université Joseph Fourier, 38041 Grenoble CEDEX 9, BP 53, France; Bjerum C., Department of Geography and Geology, University of Copenhagen, DK-1350 Copenhagen K, OesterVoldgade 10, Denmark; Mountain G., Department of Earth and Planetary Sciences, Rutgers University, Piscataway, NJ 08854, 610 Taylor Road, United States; Proust J., Unité Mixte de Recherche 6118 Centre National de la Recherche Scientifique Géosciences, 35042 Rennes cedex, Université de Rennes 1, France; Otsuka H., Ocean Research Institute, University of Tokyo, Ocean Floor Geoscience, Nakanoku, Tokyo, 1-15-1 Minamidai, Japan; Valppu H., Thule Institute, University of Oulu, Oulu, FI-90014, PO Box 7300, Finland","In this study, a novel application of a statistical approach is utilized for analysis of downhole logging data from Miocene-aged siliciclastic shelf sediments on the New Jersey Margin (eastern USA). A multivariate iterative nonhierarchical cluster analysis (INCA) of spectral gamma-ray logs from Integrated Ocean Drilling Program (IODP) Expedition 313 enables lithology within this siliciclastic succession to be inferred and, through comparison with the 1311 m of recovered core, a continuous assessment of depositional sequences is constructed. Signifi cant changes in INCA clusters corroborate most key stratigraphic surfaces interpreted from the core, and this result has particular value for surface recognition in intervals of poor core recovery. This analysis contributes to the evaluation of sequence stratigraphic models of large-scale clinoform complexes that predict depositional environments, sediment composition, and stratal geometries in response to sea-level changes. The novel approach of combining statistical analysis with detailed lithostratigraphic and seismic refl ection data sets will be of interest to any scientists working with downhole logs, especially spectral gamma-ray data, and also provides a reference for the strengths and weaknesses of multi component analysis applied to continental margin lithofacies. The method presented here is appropriate for evaluating successions elsewhere and also has value for hydrocarbon exploration where sequence stratigraphy is a fundamental tool. © 2013 Geological Society of America.","","Atlantic Ocean; New Jersey Margin; cluster analysis; continental margin; core logging; depositional environment; depositional sequence; hydrocarbon exploration; lithofacies; lithology; lithostratigraphy; Miocene; Ocean Drilling Program; sea level change; sediment chemistry; sequence stratigraphy; shelf sediment; siliciclastic deposit","J. Inwood; Department of Geology, University of Leicester, Leicester LE17RH, University Road, United Kingdom; email: ji18@leicester.ac.uk","","","1553040X","","","","English","Geosphere","Article","Final","All Open Access; Gold Open Access; Green Open Access","Scopus","2-s2.0-84881511164"
"Serene L.G.; Webber K.; Champion P.A.; Schorey J.S.","Serene, Lindsay G. (57221340040); Webber, Kylie (57394401100); Champion, Patricia A. (57188953908); Schorey, Jeffrey S. (6603670240)","57221340040; 57394401100; 57188953908; 6603670240","Mycobacterium tuberculosis SecA2-dependent activation of host Rig-I/MAVs signaling is not conserved in Mycobacterium marinum","2024","PLoS ONE","19","2 February","e0281564","","","3","10.1371/journal.pone.0281564","https://www.scopus.com/pages/publications/85185777295?origin=resultslist","Department of Biological Sciences, University of Notre Dame, Notre Dame, IN, United States; Eck Institute for Global Health, University of Notre Dame, Notre Dame, IN, United States","Serene L.G., Department of Biological Sciences, University of Notre Dame, Notre Dame, IN, United States, Eck Institute for Global Health, University of Notre Dame, Notre Dame, IN, United States; Webber K., Department of Biological Sciences, University of Notre Dame, Notre Dame, IN, United States, Eck Institute for Global Health, University of Notre Dame, Notre Dame, IN, United States; Champion P.A., Department of Biological Sciences, University of Notre Dame, Notre Dame, IN, United States, Eck Institute for Global Health, University of Notre Dame, Notre Dame, IN, United States; Schorey J.S., Department of Biological Sciences, University of Notre Dame, Notre Dame, IN, United States, Eck Institute for Global Health, University of Notre Dame, Notre Dame, IN, United States","Retinoic acid inducible gene I (Rig-I) is a cytosolic pattern recognition receptor canonically described for its important role in sensing viral RNAs. Increasingly, bacterially-derived RNA from intracellular bacteria such as Mycobacterium tuberculosis, have been shown to activate the same host Rig-I/Mitochondrial antiviral sensing protein (MAVS) signaling pathway to drive a type-I interferon response that contributes to bacterial pathogenesis in vivo. In M. tuberculosis, this response is mediated by the protein secretion system SecA2, but little is known about whether this process is conserved in other pathogenic mycobacteria or the mechanism by which these nucleic acids gain access to the host cytoplasm. Because the M. tuberculosis and M. marinum SecA2 protein secretion systems share a high degree of genetic and functional conservation, we hypothesized that Rig-I/MAVS activation and subsequent induction of IFN-β secretion by host macrophages will also be conserved between these two mycobacterial species. To test this, we generated a ΔsecA2 M. marinum strain along with complementation strains expressing either the M. marinum or M. tuberculosis secA2 genes. Our results suggest that the ΔsecA2 strain has a growth defect in vitro but not in host macrophages. These intracellular growth curves also suggested that the calculation applied to estimate the number of bacteria added to macrophage monolayers in infection assays underestimates bacterial inputs for the ΔsecA2 strain. Therefore, to better examine secreted IFN-β levels when bacterial infection levels are equal across strains we plated bacterial CFUs at 2hpi alongside our ELISA based infections. This enabled us to normalize secreted levels of IFN-β to a standard number of bacteria. Applying this approach to both WT and MAVS-/- bone marrow derived macrophages we observed equal or higher levels of secreted IFN-β from macrophages infected with the ΔsecA2 M. marinum strain as compared to WT. Together our findings suggest that activation of host Rig-I/MAVS cytosolic sensors and subsequent induction of IFN-β response in a SecA2-dependent manner is not conserved in M. marinum under the conditions tested. © 2024 Public Library of Science. All rights reserved.","","DEAD Box Protein 58; Humans; Macrophages; Mycobacterium marinum; Mycobacterium tuberculosis; Signal Transduction; Tuberculosis; beta interferon; catalase; gamma interferon; hygromycin; interferon regulatory factor 7; kanamycin; oleic acid; pattern recognition receptor; protein SecA; retinoic acid inducible protein I; tyloxapol; retinoic acid inducible protein I; amino acid sequence; animal cell; animal experiment; Article; autoradiography; bacterial growth; bacterial infection; bacterial strain; bone marrow derived macrophage; chemoluminescence; colony forming unit; controlled study; cytoplasm; electroporation; enzyme linked immunosorbent assay; Escherichia coli; fibroblast; genotype; genotyping; growth curve; in vitro study; in vivo study; macrophage; mouse; multiplicity of infection; Mycobacterium marinum; Mycobacterium tuberculosis; NCTC clone 929 cell line; nonhuman; phagocytosis; phenotype; polymerase chain reaction; protein secretion; real time polymerase chain reaction; reverse transcription polymerase chain reaction; sandwich ELISA; Sanger sequencing; signal transduction; type I interferon signaling; Western blotting; genetics; human; metabolism; pathology; tuberculosis","L.G. Serene; Department of Biological Sciences, University of Notre Dame, Notre Dame, United States; email: lougrace@protonmail.ch","","Public Library of Science","19326203","","POLNC","38394154","English","PLoS ONE","Article","Final","All Open Access; Gold Open Access; Green Open Access","Scopus","2-s2.0-85185777295"
"Ramskill N.P.; Bush I.; Sederman A.J.; Mantle M.D.; Benning M.; Anger B.C.; Appel M.; Gladden L.F.","Ramskill, N.P. (50262728300); Bush, I. (57188537577); Sederman, A.J. (6701843023); Mantle, M.D. (35481243900); Benning, M. (26655167200); Anger, B.C. (57190732926); Appel, M. (7101857484); Gladden, L.F. (35482587400)","50262728300; 57188537577; 6701843023; 35481243900; 26655167200; 57190732926; 7101857484; 35482587400","Fast imaging of laboratory core floods using 3D compressed sensing RARE MRI","2016","Journal of Magnetic Resonance","270","","","187","197","21","10.1016/j.jmr.2016.07.017","https://www.scopus.com/pages/publications/84982731573?origin=resultslist","Department of Chemical Engineering and Biotechnology, University of Cambridge, Pembroke Street, Cambridge, CB2 3RA, United Kingdom; Department of Applied Mathematics and Theoretical Physics, University of Cambridge, Wilberforce Road, Cambridge, CB3 0WA, United Kingdom; Shell Technology Centre, 3333 Highway 6 S, Houston, TX, United States","Ramskill N.P., Department of Chemical Engineering and Biotechnology, University of Cambridge, Pembroke Street, Cambridge, CB2 3RA, United Kingdom; Bush I., Department of Chemical Engineering and Biotechnology, University of Cambridge, Pembroke Street, Cambridge, CB2 3RA, United Kingdom; Sederman A.J., Department of Chemical Engineering and Biotechnology, University of Cambridge, Pembroke Street, Cambridge, CB2 3RA, United Kingdom; Mantle M.D., Department of Chemical Engineering and Biotechnology, University of Cambridge, Pembroke Street, Cambridge, CB2 3RA, United Kingdom; Benning M., Department of Applied Mathematics and Theoretical Physics, University of Cambridge, Wilberforce Road, Cambridge, CB3 0WA, United Kingdom; Anger B.C., Shell Technology Centre, 3333 Highway 6 S, Houston, TX, United States; Appel M., Shell Technology Centre, 3333 Highway 6 S, Houston, TX, United States; Gladden L.F., Department of Chemical Engineering and Biotechnology, University of Cambridge, Pembroke Street, Cambridge, CB2 3RA, United Kingdom","Three-dimensional (3D) imaging of the fluid distributions within the rock is essential to enable the unambiguous interpretation of core flooding data. Magnetic resonance imaging (MRI) has been widely used to image fluid saturation in rock cores; however, conventional acquisition strategies are typically too slow to capture the dynamic nature of the displacement processes that are of interest. Using Compressed Sensing (CS), it is possible to reconstruct a near-perfect image from significantly fewer measurements than was previously thought necessary, and this can result in a significant reduction in the image acquisition times. In the present study, a method using the Rapid Acquisition with Relaxation Enhancement (RARE) pulse sequence with CS to provide 3D images of the fluid saturation in rock core samples during laboratory core floods is demonstrated. An objective method using image quality metrics for the determination of the most suitable regularisation functional to be used in the CS reconstructions is reported. It is shown that for the present application, Total Variation outperforms the Haar and Daubechies3 wavelet families in terms of the agreement of their respective CS reconstructions with a fully-sampled reference image. Using the CS-RARE approach, 3D images of the fluid saturation in the rock core have been acquired in 16 min. The CS-RARE technique has been applied to image the residual water saturation in the rock during a water-water displacement core flood. With a flow rate corresponding to an interstitial velocity of vi = 1.89 ± 0.03 ft day−1, 0.1 pore volumes were injected over the course of each image acquisition, a four-fold reduction when compared to a fully-sampled RARE acquisition. Finally, the 3D CS-RARE technique has been used to image the drainage of dodecane into the water-saturated rock in which the dynamics of the coalescence of discrete clusters of the non-wetting phase are clearly observed. The enhancement in the temporal resolution that has been achieved using the CS-RARE approach enables dynamic transport processes pertinent to laboratory core floods to be investigated in 3D on a time-scale and with a spatial resolution that, until now, has not been possible. © 2016 The Authors","Compressed sensing; Core analysis; Magnetic resonance imaging; Petrophysics; Porous media","Core analysis; Floods; Image acquisition; Image processing; Magnetic resonance imaging; Oil well flooding; Porous materials; Repair; Rocks; Signal reconstruction; Wetting; Acquisition strategies; Compressive sensing; Displacement process; Image quality metrics; Petrophysics; Residual water saturation; Three dimensional (3-D) imaging; Water saturated rock; Compressed sensing","N.P. Ramskill; Department of Chemical Engineering and Biotechnology, University of Cambridge, Cambridge, Pembroke Street, CB2 3RA, United Kingdom; email: npr24@cam.ac.uk","","Academic Press Inc.","10907807","","JMARF","","English","J. Magn. Reson.","Article","Final","All Open Access; Green Open Access; Hybrid Gold Open Access","Scopus","2-s2.0-84982731573"
"Bruss K.; Kim R.; Myers T.A.; Su J.-C.; Mazumdar A.","Bruss, Kathryn (57355416700); Kim, Raymond (57219435802); Myers, Taylor A. (57218419796); Su, Jiann-Cherng (57211842022); Mazumdar, Anirban (57201742106)","57355416700; 57219435802; 57218419796; 57211842022; 57201742106","Localization of Thermal Wellbore Defects Using Machine Learning","2022","Journal of Energy Resources Technology, Transactions of the ASME","144","9","093005","","","4","10.1115/1.4053516","https://www.scopus.com/pages/publications/85144817746?origin=resultslist","DART Laboratory, Georgia Institute of Technology, Atlanta, 30332, GA, United States; Geothermal Research, Sandia National Laboratories, Albuquerque, 87123, NM, United States; Department of Mechanical Engineering, DART Laboratory, Georgia Institute of Technology, Atlanta, 30332, GA, United States","Bruss K., DART Laboratory, Georgia Institute of Technology, Atlanta, 30332, GA, United States; Kim R., DART Laboratory, Georgia Institute of Technology, Atlanta, 30332, GA, United States; Myers T.A., Geothermal Research, Sandia National Laboratories, Albuquerque, 87123, NM, United States; Su J.-C., Geothermal Research, Sandia National Laboratories, Albuquerque, 87123, NM, United States; Mazumdar A., Department of Mechanical Engineering, DART Laboratory, Georgia Institute of Technology, Atlanta, 30332, GA, United States","Defect detection and localization are key to preventing environmentally damaging wellbore leakages in both geothermal and oil/gas applications. In this study, a multistep, machine learning approach is used to localize two types of thermal defects within a wellbore model. This approach includes a COMSOL heat transfer simulation to generate base data, a neural network to classify defect orientations, and a localization algorithm to synthesize sensor estimations into a predicted location. A small-scale physical wellbore test bed was created to verify the approach using experimental data. The classification and localization results were quantified using these experimental data. The classification predicted all experimental defect orientations correctly. The localization algorithm predicted the defect location with an average root-mean-square error of 1.49 in. The core contributions of this study are as follows: (1) the overall localization architecture, (2) the use of centroid-guided mean-shift clustering for localization, and (3) the experimental validation and quantification of performance. Copyright © 2022 by Sandia National Laboratories (SNL)","geothermal energy; wells-injection/oil/gas/geothermal","Boreholes; Classification (of information); Defects; Geothermal energy; Heat transfer; Injection (oil wells); Machine learning; Oil field equipment; Defect detection; Defect localizations; Defect orientation; Localisation; Localization algorithm; Machine-learning; Oil gas; Thermal; Well-injection/oil/gas/geothermal; Wellbore; Mean square error","A. Mazumdar; Department of Mechanical Engineering, DART Laboratory, Georgia Institute of Technology, Atlanta, 30332, United States; email: anirban.mazumdar@me.gatech.edu","","American Society of Mechanical Engineers (ASME)","01950738","","JERTD","","English","J Energy Resour Technol Trans ASME","Article","Final","All Open Access; Green Open Access","Scopus","2-s2.0-85144817746"
"Phan N.; Madali N.P.; Behpour S.; Xiao T.","Phan, Ngoc (58537098500); Madali, Nayana Pampapura (57678369500); Behpour, Sahar (57222353079); Xiao, Ting (57202463025)","58537098500; 57678369500; 57222353079; 57202463025","An Interactive Web-Based Dashboard to Examine Trending Topics: Application to Financial Journals","2023","Journal of Information and Knowledge Management","22","6","2350040","","","0","10.1142/S0219649223500405","https://www.scopus.com/pages/publications/85168013412?origin=resultslist","Department of Computer Science and Engineering, University of North Texas, 3940 North Elm, Denton, 76203-5017, TX, United States; Department of Information Science, University of North Texas, 3940 North Elm, Denton, 76203-5017, TX, United States","Phan N., Department of Computer Science and Engineering, University of North Texas, 3940 North Elm, Denton, 76203-5017, TX, United States; Madali N.P., Department of Information Science, University of North Texas, 3940 North Elm, Denton, 76203-5017, TX, United States; Behpour S., Department of Information Science, University of North Texas, 3940 North Elm, Denton, 76203-5017, TX, United States; Xiao T., Department of Information Science, University of North Texas, 3940 North Elm, Denton, 76203-5017, TX, United States","Understanding trends is helpful to identify future behaviours in the field, and the roles of people, places, and institutions in setting those trends. Although traditional clustering strategies can group articles into topics, these techniques do not focus on topics over limited timescales; additionally, even when articles are grouped, the generated results are extensive and difficult to navigate. To address these concerns, we create an interactive dashboard that helps an expert in the field to better understand and quantify trends in their area of research. Trend detection is performed using the time-biased document clustering method. The developed and freely available web application enables users to detect well-defined trending topics by experimenting with various levels of temporal bias - from detecting short-timescale trends to allowing those trends to spread over longer times. Experts can readily drill down into the identified topics to understand their meaning through keywords, example articles, and time range. Overall, the interactive dashboard will allow experts in the field to sift through the vast literature to identify the concepts, people, places, and institutions most critical to the field.  © 2023 World Scientific Publishing Co.","data visualization; Interactive dashboard; journal trends; time biased clustering; trend analysis","Data visualization; Clustering strategy; Clusterings; Interactive dashboard; Journal trend; Time biased clustering; Time-scales; Traditional clustering; Trend analysis; Trending topics; Web based; Cluster analysis","N.P. Madali; Department of Information Science, University of North Texas, Denton, 3940 North Elm, 76203-5017, United States; email: nayanapampapuramadali@my.unt.edu","","World Scientific","02196492","","","","English","J. Inf. Knowl. Manage.","Article","Final","All Open Access; Green Open Access","Scopus","2-s2.0-85168013412"
"Chen Y.; Wang G.; Mou N.; Huang L.; Mei R.; Zhang M.","Chen, Yuhao (59756655000); Wang, Gongwen (23013190600); Mou, Nini (57216413378); Huang, Leilei (57221166070); Mei, Rong (59757190600); Zhang, Mingyuan (57226277634)","59756655000; 23013190600; 57216413378; 57221166070; 59757190600; 57226277634","Machine-Learning-Based Integrated Mining Big Data and Multi-Dimensional Ore-Forming Prediction: A Case Study of Yanshan Iron Mine, Hebei, China","2025","Applied Sciences (Switzerland)","15","8","4082","","","7","10.3390/app15084082","https://www.scopus.com/pages/publications/105003734783?origin=resultslist","School of Earth Sciences and Resources, China University of Geosciences, Beijing, 100083, China; Development and Research Center, China Geological Survey, Beijing, 100037, China; Institute of Mineral Resource, Chinese Academy of Geological Sciences, Beijing, 100037, China; State Key Laboratory for Tunnel Engineering, China University of Mining & Technology, Beijing, 100083, China","Chen Y., School of Earth Sciences and Resources, China University of Geosciences, Beijing, 100083, China; Wang G., School of Earth Sciences and Resources, China University of Geosciences, Beijing, 100083, China; Mou N., Development and Research Center, China Geological Survey, Beijing, 100037, China; Huang L., Institute of Mineral Resource, Chinese Academy of Geological Sciences, Beijing, 100037, China; Mei R., School of Earth Sciences and Resources, China University of Geosciences, Beijing, 100083, China; Zhang M., State Key Laboratory for Tunnel Engineering, China University of Mining & Technology, Beijing, 100083, China","With the rapid development of big data and artificial intelligence technologies, the era of Industry 4.0 has driven large open-pit mines towards digital and intelligent transformation. This is particularly true in mature mining areas such as the Yanshan Iron Mine, where the depletion of shallow proven reserves and the increasing issues of mixed surrounding rocks with shallow ore bodies make it increasingly important to build intelligent mines and implement green and sustainable development strategies. However, previous mineralization predictions for the Yanshan Iron Mine largely relied on traditional geological data (such as blasting rock powder, borehole profiles, etc.) exploration reports or three-dimensional explicit ore body models, which lacked precision and were insufficient to meet the requirements for intelligent mine construction. Therefore, this study, based on artificial intelligence technology, focuses on geoscience big data mining and quantitative prediction, with the goal of achieving multi-scale, multi-dimensional, and multi-modal precise positioning of the Yanshan Iron Mine and establishing its intelligent mine technology system. The specific research contents and results are as follows: (1) This study collected and organized multi-source geoscience data for the Yanshan Iron Mine, including geological, geophysical, and remote sensing data, such as mine drilling data, centimeter-level drone image data, and high-spectral data of rocks and minerals, establishing a rich mine big data set. (2) SOM clustering analysis was performed on the elemental data of rock and mineral samples, identifying key elements positively correlated with iron as Mg, Al, Si, S, K, Ca, and Mn. TSG was used to interpret shortwave and thermal infrared hyperspectral data of the samples, identifying the main alteration mineral types in the mining area. Combined with spectral and elemental analysis, the universality of alteration features such as chloritization and carbonation, which are closely related to the mineralization process, was further verified. (3) Based on the spectral and elemental grade data of rock and mineral samples, a training model for ore grade–spectrum correlation was constructed using Random Forests, Support Vector Machines, and other algorithms, with the SMOTE algorithm applied to balance positive and negative samples. This model was then applied to centimeter-level drone images, achieving high-precision intelligent identification of magnetite in the mining area. Combined with LiDAR image elevation data, a real-time three-dimensional surface mineral monitoring model for the mining area was built. (4) The Bagged Positive Label Unlabeled Learning (BPUL) method was adopted to integrate five evidence maps—carbonate alteration, chloritization, mixed rockization, fault zones, and magnetic anomalies—to conduct three-dimensional mineralization prediction analysis for the mining area. The locations of key target areas were delineated. The SHAP index and three-dimensional explicit geological models were used to conduct an in-depth analysis of the contributions of different feature variables in the mineralization process of the Yanshan Iron Mine. In conclusion, this study successfully constructed the technical framework for intelligent mine construction at the Yanshan Iron Mine, providing important theoretical and practical support for mineralization prediction and intelligent exploration in the mining area. © 2025 by the authors.","3D geological modeling; machine learning; Smart Mining Big Data; UAV; Yanshan iron deposit","Clay alteration; Electric prospecting; Iron mines; Iron ores; Manganese deposits; Manganese mines; Open pit mining; 3D geological modeling; Artificial intelligence technologies; Centimeter levels; Machine-learning; Mineralization predictions; Mining areas; Multi dimensional; Rock sample; Smart mining big data; Yanshan iron deposit; Iron deposits","G. Wang; School of Earth Sciences and Resources, China University of Geosciences, Beijing, 100083, China; email: gwwang@cugb.edu.cn","","Multidisciplinary Digital Publishing Institute (MDPI)","20763417","","","","English","Appl. Sci.","Article","Final","All Open Access; Gold Open Access; Green Open Access","Scopus","2-s2.0-105003734783"
"Mutzl J.; Lenz O.K.; Wilde V.; Krahn K.J.; Moshayedi M.; Hinderer M.","Mutzl, Jürgen (57932368400); Lenz, Olaf K. (35848831300); Wilde, Volker (6603339150); Krahn, Kim J. (57196326621); Moshayedi, Maryam (57203836199); Hinderer, Matthias (6603621948)","57932368400; 35848831300; 6603339150; 57196326621; 57203836199; 6603621948","Vegetation dynamics in a disturbed lacustrine record: The Eocene maar lake of Groß-Zimmern (Hesse, SW Germany)","2023","Palaeobiodiversity and Palaeoenvironments","103","2","","249","276","8","10.1007/s12549-022-00543-1","https://www.scopus.com/pages/publications/85140097759?origin=resultslist","Institute of Applied Geosciences, Technische Universität Darmstadt, Darmstadt, 64287, Germany; Senckenberg Research Institute and Natural History Museum Frankfurt, Frankfurt am Main, 60325, Germany; Institute of Geosystems and Bioindication, Technische Universität Braunschweig, Braunschweig, 38106, Germany","Mutzl J., Institute of Applied Geosciences, Technische Universität Darmstadt, Darmstadt, 64287, Germany; Lenz O.K., Institute of Applied Geosciences, Technische Universität Darmstadt, Darmstadt, 64287, Germany, Senckenberg Research Institute and Natural History Museum Frankfurt, Frankfurt am Main, 60325, Germany; Wilde V., Senckenberg Research Institute and Natural History Museum Frankfurt, Frankfurt am Main, 60325, Germany; Krahn K.J., Institute of Geosystems and Bioindication, Technische Universität Braunschweig, Braunschweig, 38106, Germany; Moshayedi M., Institute of Applied Geosciences, Technische Universität Darmstadt, Darmstadt, 64287, Germany; Hinderer M., Institute of Applied Geosciences, Technische Universität Darmstadt, Darmstadt, 64287, Germany","Palynological studies of lacustrine sediments in Eocene maar craters on the Sprendlinger Horst (Hesse, SW Germany) are complemented by 26 core samples from Groß-Zimmern. In addition, diatoms have been studied to assess palaeolimnological conditions. The palynomorph assemblage proves a middle Eocene age more or less coeval to the upper part of the nearby lacustrine succession at Messel. The core includes 33 m of massive to finely laminated bituminous shale abruptly following the underlying breccia of the diatreme filling. The lacustrine deposits are characterised by frequent mass movements and redeposition probably due to tectonic activity in combination with syn- and postsedimentary subsidence in the lake basin. Together with a diatom assemblage characteristic for shallow to moderately deep water, this indicates that the core was drilled in the area of a marginal syncline rather than in the centre of the basin. Freshwater conditions with low nutrient levels were inferred for Lake Groß-Zimmern from diatoms and coccal green algae. Despite the strong disturbance of the sedimentary record, results of cluster analysis and non-metric multidimensional scaling (NMDS) of the palynomorph assemblages can be compared to the undisturbed succession from Messel. This includes successional stages of the azonal vegetation in the crater area during an initial and early recolonisation phase as well as in the zonal vegetation, which are related to the reoccupation of the crater area by a thermophilic forest. Furthermore, slight changes of the climate can be inferred. © 2022, The Author(s).","Climate; Climax vegetation; Diatoms; Multivariate statistical analysis; Paleogene; Palynology","Germany; Hesse; Messel; diatom; Eocene; lacustrine deposit; multivariate analysis; Paleogene; palynology; phenology; vegetation dynamics","O.K. Lenz; Senckenberg Research Institute and Natural History Museum Frankfurt, Frankfurt am Main, 60325, Germany; email: olaf.lenz@senckenberg.de","","Springer Science and Business Media Deutschland GmbH","18671594","","","","English","Palaeobiodiversity Palaeoenvironments","Article","Final","All Open Access; Hybrid Gold Open Access","Scopus","2-s2.0-85140097759"
"Vedavalli P.; Ch D.","Vedavalli, Perigisetty (57209028065); Ch, Deepak (57060574000)","57209028065; 57060574000","A Deep Learning Based Data Recovery Approach for Missing and Erroneous Data of IoT Nodes","2023","Sensors","23","1","170","","","13","10.3390/s23010170","https://www.scopus.com/pages/publications/85145873257?origin=resultslist","School of Electronics Engineering, VIT-AP University, Inavolu, Beside AP Secretariat, Amaravati, 522237, India","Vedavalli P., School of Electronics Engineering, VIT-AP University, Inavolu, Beside AP Secretariat, Amaravati, 522237, India; Ch D., School of Electronics Engineering, VIT-AP University, Inavolu, Beside AP Secretariat, Amaravati, 522237, India","Internet of things (IoT) nodes are deployed in large-scale automated monitoring applications to capture the massive amount of data from various locations in a time-series manner. The captured data are affected due to several factors such as device malfunctioning, unstable communication, environmental factors, synchronization problem, and unreliable nodes, which results in data inconsistency. Data recovery approaches are one of the best solutions to reduce data inconsistency. This research provides a missing data recovery approach based on spatial-temporal (ST) correlation between the IoT nodes in the network. The proposed approach has a clustering phase (CL) and a data recovery (DR) phase. In the CL phase, the nodes can be clustered based on their spatial and temporal relationship, and common neighbors are extracted. In the DR phase, missing data can be recovered with the help of neighbor nodes using the ST-hierarchical long short-term memory (ST-HLSTM) algorithm. The proposed algorithm has been verified on real-world IoT-based hydraulic test rig data sets which are gathered from things speak real-time cloud platform. The algorithm shows approximately 98.5% reliability as compared with the other existing algorithms due to its spatial-temporal features based on deep neural network architecture. © 2022 by the authors.","and erroneous data; data recovery; data reliability; hierarchical LSTM; IoT node; missing data; spatial-temporal correlation","Computer system recovery; Deep neural networks; Long short-term memory; Network architecture; Recovery; And erroneous data; Data inconsistencies; Data recovery; Data reliability; Erroneous datum; Hierarchical LSTM; Internet of thing node; Missing data; Recovery phase; Spatial-temporal correlation; algorithm; article; deep learning; deep neural network; internet of things; reliability; short term memory; Internet of things","D. Ch; School of Electronics Engineering, VIT-AP University, Amaravati, Inavolu, Beside AP Secretariat, 522237, India; email: deepak.ch@vitap.ac.in","","MDPI","14248220","","","36616766","English","Sensors","Article","Final","All Open Access; Gold Open Access; Green Open Access","Scopus","2-s2.0-85145873257"
"Martí L.; Sanchez-Pi N.; Molina J.M.; Garcia A.C.B.","Martí, Luis (7003671652); Sanchez-Pi, Nayat (22635495600); Molina, José Manuel (35392131900); Garcia, Ana Cristina Bicharra (25723096500)","7003671652; 22635495600; 35392131900; 25723096500","Anomaly detection based on sensor data in petroleum industry applications","2015","Sensors (Switzerland)","15","2","","2774","2797","159","10.3390/s150202774","https://www.scopus.com/pages/publications/84921904704?origin=resultslist","Department of Electrical Engineering, Pontifícia Universidade Católica do Rio de Janeiro, Rio de Janeiro, 22451-900, Brazil; Instituto de Lógica, Filosofia e Teoria da Ciéncia (ILTC), Niterói, 24020-042, Brazil; Department of Informatics, Universidad Carlos III de Madrid, Colmenarejo, Madrid, 28270, Spain; ADDLabs, Universidade Federal Fluminense, Niterói, 24210-340, Brazil","Martí L., Department of Electrical Engineering, Pontifícia Universidade Católica do Rio de Janeiro, Rio de Janeiro, 22451-900, Brazil; Sanchez-Pi N., Instituto de Lógica, Filosofia e Teoria da Ciéncia (ILTC), Niterói, 24020-042, Brazil; Molina J.M., Department of Informatics, Universidad Carlos III de Madrid, Colmenarejo, Madrid, 28270, Spain; Garcia A.C.B., ADDLabs, Universidade Federal Fluminense, Niterói, 24210-340, Brazil","Anomaly detection is the problem of finding patterns in data that do not conform to an a priori expected behavior. This is related to the problem in which some samples are distant, in terms of a given metric, from the rest of the dataset, where these anomalous samples are indicated as outliers. Anomaly detection has recently attracted the attention of the research community, because of its relevance in real-world applications, like intrusion detection, fraud detection, fault detection and system health monitoring, among many others. Anomalies themselves can have a positive or negative nature, depending on their context and interpretation. However, in either case, it is important for decision makers to be able to detect them in order to take appropriate actions. The petroleum industry is one of the application contexts where these problems are present. The correct detection of such types of unusual information empowers the decision maker with the capacity to act on the system in order to correctly avoid, correct or react to the situations associated with them. In that application context, heavy extraction machines for pumping and generation operations, like turbomachines, are intensively monitored by hundreds of sensors each that send measurements with a high frequency for damage prevention. In this paper, we propose a combination of yet another segmentation algorithm (YASA), a novel fast and high quality segmentation algorithm, with a one-class support vector machine approach for efficient anomaly detection in turbomachines. The proposal is meant for dealing with the aforementioned task and to cope with the lack of labeled training data. As a result, we perform a series of empirical studies comparing our approach to other methods applied to benchmark problems and a real-life application related to oil platform turbomachinery anomaly detection. © 2015 by the authors; licensee MDPI, Basel, Switzerland.","Anomaly detection; Big data; Oil industry applications; Outlier detection; Time-series segmentation","Benchmarking; Big data; Decision making; Drilling platforms; Fault detection; Image segmentation; Oil shale; Petroleum industry; Statistics; Turbines; Anomaly detection; High-quality segmentation; Oil industries; One-class support vector machine; Outlier Detection; Segmentation algorithms; System health monitoring; Time-series segmentation; Intrusion detection","","","MDPI AG","14248220","","","","English","Sensors","Article","Final","All Open Access; Gold Open Access; Green Open Access","Scopus","2-s2.0-84921904704"
"Anvari K.; Benndorf J.","Anvari, Keyumars (57880726000); Benndorf, Jörg (25929056500)","57880726000; 25929056500","Automated 3D Multivariate Domaining of a Mine Tailings Deposit Using a Continuity-Aware Geostatistical–AI Workflow","2025","Minerals","15","12","1249","","","2","10.3390/min15121249","https://www.scopus.com/pages/publications/105025924597?origin=resultslist","Faculty of Geosciences, Geoengineering and Mining, Institute of Mine Surveying and Geodesy, TU Bergakademie Freiberg, Freiberg, 09599, Germany","Anvari K., Faculty of Geosciences, Geoengineering and Mining, Institute of Mine Surveying and Geodesy, TU Bergakademie Freiberg, Freiberg, 09599, Germany; Benndorf J., Faculty of Geosciences, Geoengineering and Mining, Institute of Mine Surveying and Geodesy, TU Bergakademie Freiberg, Freiberg, 09599, Germany","Geochemical data from mine tailings are layered, compositional, and noisy, complicating automated domaining. This study introduces a continuity-aware workflow the Geostatistical k-means Recurrent Neural Network (GkRNN) that links compositional preprocessing and geostatistical continuity to sequence learning, allowing depth order and lateral context to influence final domain labels. The workflow begins with a centered log-ratio (CLR) transform, followed by construction of a spectral embedding derived from kernelized direct and cross variograms. Clustering is carried out in this embedded space, and depth sequences are regularized with a hidden Markov model (HMM) model and a long short-term memory (LSTM) network. When applied to a multivariate set of tailing drillholes, stratigraphically coherent zones were obtained, depthwise proportions were stabilized, and vertical as well as lateral semivariograms remained consistent with laminated material. Compared with k-means and Gaussian Mixture baselines, over-segmentation was reduced and the intended layered architecture was recovered in most drillholes. The result is a reproducible domaining workflow that enables clearer grade estimation and more transparent risk evaluation. © 2025 by the authors.","compositional data analysis; deep learning; hidden Markov models; k-means clustering; litho-geochemical domaining; machine learning; mineral resource characterization; spectral embedding","architecture; artificial intelligence; data quality; machine learning; mineral; numerical model; risk assessment; three-dimensional modeling","J. Benndorf; Faculty of Geosciences, Geoengineering and Mining, Institute of Mine Surveying and Geodesy, TU Bergakademie Freiberg, Freiberg, 09599, Germany; email: joerg.benndorf@mabb.tu-freiberg.de","","Multidisciplinary Digital Publishing Institute (MDPI)","2075163X","","","","English","Minerals","Article","Final","All Open Access; Gold Open Access","Scopus","2-s2.0-105025924597"
"Himler P.; Landauer M.; Skopik F.; Wurzenberger M.","Himler, Patrick (58308127000); Landauer, Max (57195946426); Skopik, Florian (27568141600); Wurzenberger, Markus (57188550609)","58308127000; 57195946426; 27568141600; 57188550609","Anomaly detection in log-event sequences: A federated deep learning approach and open challenges","2024","Machine Learning with Applications","16","","100554","","","15","10.1016/j.mlwa.2024.100554","https://www.scopus.com/pages/publications/105027884570?origin=resultslist","Austrian Institute of Technology, Giefinggasse 4, Vienna, 1220, Austria","Himler P., Austrian Institute of Technology, Giefinggasse 4, Vienna, 1220, Austria; Landauer M., Austrian Institute of Technology, Giefinggasse 4, Vienna, 1220, Austria; Skopik F., Austrian Institute of Technology, Giefinggasse 4, Vienna, 1220, Austria; Wurzenberger M., Austrian Institute of Technology, Giefinggasse 4, Vienna, 1220, Austria","Anomaly Detection (AD) is an important area to reliably detect malicious behavior and attacks on computer systems. Log data is a rich source of information about systems and thus provides a suitable input for AD. With the sheer amount of log data available today, for years Machine Learning (ML) and more recently Deep Learning (DL) have been applied to create models for AD. Especially when processing complex log data, DL has shown some promising results in recent research to spot anomalies. It is necessary to group these log lines into log-event sequences, to detect anomalous patterns that span over multiple log lines. This work uses a centralized approach using a Long Short-Term Memory (LSTM) model for AD as its basis which is one of the most important approaches to represent long-range temporal dependencies in log-event sequences of arbitrary length. Therefore, we use past information to predict whether future events are normal or anomalous. For the LSTM model we adapt a state of the art open source implementation called LogDeep. For the evaluation, we use a Hadoop Distributed File System (HDFS) data set, which is well studied in current research. In this paper we show that without padding, which is a commonly used preprocessing step that strongly influences the AD process and artificially improves detection results and thus accuracy in lab testing, it is not possible to achieve the same high quality of results shown in literature. With the large quantity of log data, issues arise with the transfer of log data to a central entity where model computation can be done. Federated Learning (FL) tries to overcome this problem, by learning local models simultaneously on edge devices and overcome biases due to a lack of heterogeneity in training data through exchange of model parameters and finally arrive at a converging global model. Processing log data locally takes privacy and legal concerns into account, which could improve coordination and collaboration between researchers, cyber security companies, etc., in the future. Currently, there are only few scientific publications on log-based AD which use FL. Implementing FL gives the advantage of converging models even if the log data are heterogeneously distributed among participants as our results show. Furthermore, by varying individual LSTM model parameters, the results can be greatly improved. Further scientific research will be necessary to optimize FL approaches. © 2024 The Authors","Anomaly detection; Deep learning; Federated learning; Log event sequences; LSTM","Anomaly detection; Cybersecurity; File organization; Learning systems; Network security; Petroleum reservoir evaluation; Anomaly detection; Deep learning; Event sequence; Federated learning; Learning approach; Log data; Log event sequence; Malicious behavior; Memory modeling; Modeling parameters; Long short-term memory","P. Himler; Austrian Institute of Technology, Vienna, Giefinggasse 4, 1220, Austria; email: patrick.himler@ait.ac.at","","Elsevier Ltd","26668270","","","","English","Mach. Learn. Appl.","Article","Final","All Open Access; Gold Open Access; Green Open Access","Scopus","2-s2.0-105027884570"
"Lelek D.; Oszczypko-Clowes M.; Oszczypko N.","Lelek, Dominika (55341393400); Oszczypko-Clowes, Marta (6508236919); Oszczypko, Nestor (6603700707)","55341393400; 6508236919; 6603700707","Quantitative studies of the calcareous nannoplankton of sarmatian deposits: Case studies in the sieniawa–rudka area (outer carpathian foredeep, Poland)","2016","Annales Societatis Geologorum Poloniae","86","1","","29","57","7","10.14241/asgp.2016.001","https://www.scopus.com/pages/publications/84959298328?origin=resultslist","Institute of Geological Sciences, Jagiellonian University, Oleandry 2a, Kraków, 30-063, Poland","Lelek D., Institute of Geological Sciences, Jagiellonian University, Oleandry 2a, Kraków, 30-063, Poland; Oszczypko-Clowes M., Institute of Geological Sciences, Jagiellonian University, Oleandry 2a, Kraków, 30-063, Poland; Oszczypko N., Institute of Geological Sciences, Jagiellonian University, Oleandry 2a, Kraków, 30-063, Poland","The aim of this study was the qualitative and quantitative analysis of the calcareous nannofossil assemblages of the Machów Formation, belonging to the supra-evaporitic complex of the Polish Carpathian Foredeep Basin (PCFB). The work was concentrated in the eastern part of the PCFB, in the Sieniawa–Rudka area (Ryszkowa Wola Horst). Samples were collected from the Rudka-13 and Wylewa-1 boreholes. On the basis of calcareous nannoplankton, these deposits were assigned to the upper part of the NN6 Zone combined with the NN7 Zone, which corresponds to the Sarmatian s.s. of the Central Paratethys (upper Serravallian of the Mediterranean scale). Conclusive determination of the biozone NN7 was problematic, owing to the absence of the rare zonal marker species Discoaster kugleri. The typical association of the undivided NN6–NN7 Zone was of low species diversity and usually dominated by Coccolithus pelagicus, Cyclicargolithus floridanus and Reticulofenestra pseudoumbilica (> 7 μm). On the basis of the relative abundance of species, a significant amount of redeposition was deduced. The reworked nannofossils were mostly Eocene in age. The Oligocene, Early Miocene and Late Cretaceous species occurred much less frequently. The dominance of Eocene forms indicates the Carpathians as the main supply area. The Late Cretaceous taxa may have originated from the Senonian marly deposits of the Miechów Trough in the north. Statistical treatment of the quantitative data was performed using multivariate cluster analysis and Nonmetrical Multidimensional Scaling (nMDS). The composition of the calcareous nannofossil assemblages, together with the high percentage of allochthonous taxa, indicate a shallow, coastal environment with a high supply of nutrients. © 2016, Geological Society of Poland. All rights reserved.","Biostratigraphy; Calcareous nannoplankton; Multivariate analysis; Palaeoenvironment; Polish carpathian foredeep; Sarmatian","Carpathian Foredeep; Poland [Central Europe]; Coccolithus pelagicus; Discoaster kugleri; Parlatoria ziziphi; Reticulofenestra; biostratigraphy; fossil assemblage; multivariate analysis; nanofossil; nanoplankton; paleoenvironment; quantitative analysis; relative abundance","","","Geological Society of Poland","02089068","","","","English","Ann. Soc. Geologorum Poloniae","Article","Final","All Open Access; Bronze Open Access; Green Open Access","Scopus","2-s2.0-84959298328"
"Guo H.; Strelcov E.; Yulaev A.; Wang J.; Appathurai N.; Urquhart S.; Vinson J.; Sahu S.; Zwolak M.; Kolmakov A.","Guo, Hongxuan (55468653600); Strelcov, Evgheni (24482449600); Yulaev, Alexander (26423376400); Wang, Jian (57188856059); Appathurai, Narayana (24491437400); Urquhart, Stephen (7004196016); Vinson, John (54944073800); Sahu, Subin (56992270000); Zwolak, Michael (6507206841); Kolmakov, Andrei (7005601414)","55468653600; 24482449600; 26423376400; 57188856059; 24491437400; 7004196016; 54944073800; 56992270000; 6507206841; 7005601414","Enabling Photoemission Electron Microscopy in Liquids via Graphene-Capped Microchannel Arrays","2017","Nano Letters","17","2","","1034","1041","52","10.1021/acs.nanolett.6b04460","https://www.scopus.com/pages/publications/85011976672?origin=resultslist","Center for Nanoscale Science and Technology, National Institute of Standards and Technology, Gaithersburg, 20899, MD, United States; Maryland NanoCenter, University of Maryland, College Park, 20742, MD, United States; Department of Materials Science and Engineering, University of Maryland, College Park, 20742, MD, United States; Canadian Light Source, Saskatoon, S7N 2V3, SK, Canada; Department of Chemistry, University of Saskatchewan, Saskatoon, S7N 5C9, SK, Canada; Material Measurement Laboratory, National Institute of Standards and Technology, Gaithersburg, 20899, MD, United States; Department of Physics, Oregon State University, Corvallis, 97331, OR, United States","Guo H., Center for Nanoscale Science and Technology, National Institute of Standards and Technology, Gaithersburg, 20899, MD, United States, Maryland NanoCenter, University of Maryland, College Park, 20742, MD, United States; Strelcov E., Center for Nanoscale Science and Technology, National Institute of Standards and Technology, Gaithersburg, 20899, MD, United States, Maryland NanoCenter, University of Maryland, College Park, 20742, MD, United States; Yulaev A., Center for Nanoscale Science and Technology, National Institute of Standards and Technology, Gaithersburg, 20899, MD, United States, Maryland NanoCenter, University of Maryland, College Park, 20742, MD, United States, Department of Materials Science and Engineering, University of Maryland, College Park, 20742, MD, United States; Wang J., Canadian Light Source, Saskatoon, S7N 2V3, SK, Canada; Appathurai N., Canadian Light Source, Saskatoon, S7N 2V3, SK, Canada; Urquhart S., Department of Chemistry, University of Saskatchewan, Saskatoon, S7N 5C9, SK, Canada; Vinson J., Material Measurement Laboratory, National Institute of Standards and Technology, Gaithersburg, 20899, MD, United States; Sahu S., Center for Nanoscale Science and Technology, National Institute of Standards and Technology, Gaithersburg, 20899, MD, United States, Maryland NanoCenter, University of Maryland, College Park, 20742, MD, United States, Department of Physics, Oregon State University, Corvallis, 97331, OR, United States; Zwolak M., Center for Nanoscale Science and Technology, National Institute of Standards and Technology, Gaithersburg, 20899, MD, United States; Kolmakov A., Center for Nanoscale Science and Technology, National Institute of Standards and Technology, Gaithersburg, 20899, MD, United States","Photoelectron emission microscopy (PEEM) is a powerful tool to spectroscopically image dynamic surface processes at the nanoscale, but it is traditionally limited to ultrahigh or moderate vacuum conditions. Here, we develop a novel graphene-capped multichannel array sample platform that extends the capabilities of photoelectron spectromicroscopy to routine liquid and atmospheric pressure studies with standard PEEM setups. Using this platform, we show that graphene has only a minor influence on the electronic structure of water in the first few layers and thus will allow for the examination of minimally perturbed aqueous-phase interfacial dynamics. Analogous to microarray screening technology in biomedical research, our platform is highly suitable for applications in tandem with large-scale data mining, pattern recognition, and combinatorial methods for spectro-temporal and spatiotemporal analyses at solid-liquid interfaces. Applying Bayesian linear unmixing algorithm to X-ray induced water radiolysis process, we were able to discriminate between different radiolysis scenarios and observe a metastable ""wetting"" intermediate water layer during the late stages of bubble formation. © 2017 American Chemical Society.","data mining; graphene; liquids; PEEM; XAS","Atmospheric pressure; Data mining; Electronic structure; Liquids; Pattern recognition; Petroleum tar; Phase interfaces; Photoelectrons; Photons; Radiation chemistry; Radiolysis; Interfacial dynamics; PEEM; Photoelectron emission microscopy; Photoelectron spectromicroscopy; Photoemission electron microscopy; Screening technology; Solid-liquid interfaces; Spatiotemporal analysis; Graphene","A. Kolmakov; Center for Nanoscale Science and Technology, National Institute of Standards and Technology, Gaithersburg, 20899, United States; email: andrei.kolmakov@nist.gov","","American Chemical Society","15306984","","NALEF","28121153","English","Nano Lett.","Article","Final","All Open Access; Green Open Access","Scopus","2-s2.0-85011976672"
"Khan T.; Singh K.; Hoang Son L.; Abdel-Basset M.; Viet Long H.; Singh S.P.; Manjul M.","Khan, Tayyab (57208839546); Singh, Karan (55450561600); Hoang Son, Le (36601294900); Abdel-Basset, Mohamed (57217514491); Viet Long, Hoang (36662390100); Singh, Satya P. (56175904100); Manjul, Manisha (26423812300)","57208839546; 55450561600; 36601294900; 57217514491; 36662390100; 56175904100; 26423812300","A Novel and Comprehensive Trust Estimation Clustering Based Approach for Large Scale Wireless Sensor Networks","2019","IEEE Access","7","","8705286","58221","58240","139","10.1109/ACCESS.2019.2914769","https://www.scopus.com/pages/publications/85065914255?origin=resultslist","School of Computer and Systems Sciences, Jawaharlal Nehru University, New Delhi, 110067, India; VNU Information Technology Institute, Vietnam National University, Hanoi, 010000, Viet Nam; Department of Operations Research, Faculty of Computers and Informatics, Zagazig University, Zagazig, 44519, Egypt; Division of Computational Mathematics and Engineering, Institute for Computational Science, Ton Duc Thang University, Ho Chi Minh City, 700000, Viet Nam; Faculty of Mathematics and Statistics, Ton Duc Thang University, Ho Chi Minh City, Viet Nam; School of Computer Science and Engineering, Nanyang Technological University, Singapore, 639798, Singapore; CSE, G. B. Pant Government Engineering College, New Delhi, 110020, India","Khan T., School of Computer and Systems Sciences, Jawaharlal Nehru University, New Delhi, 110067, India; Singh K., School of Computer and Systems Sciences, Jawaharlal Nehru University, New Delhi, 110067, India; Hoang Son L., VNU Information Technology Institute, Vietnam National University, Hanoi, 010000, Viet Nam; Abdel-Basset M., Department of Operations Research, Faculty of Computers and Informatics, Zagazig University, Zagazig, 44519, Egypt; Viet Long H., Division of Computational Mathematics and Engineering, Institute for Computational Science, Ton Duc Thang University, Ho Chi Minh City, 700000, Viet Nam, Faculty of Mathematics and Statistics, Ton Duc Thang University, Ho Chi Minh City, Viet Nam; Singh S.P., School of Computer Science and Engineering, Nanyang Technological University, Singapore, 639798, Singapore; Manjul M., CSE, G. B. Pant Government Engineering College, New Delhi, 110020, India","With the wide applications of wireless sensor networks (WSNs) in various fields, such as environment monitoring, battlefield surveillance, healthcare, and intrusion detection, trust establishment among sensor nodes becomes a vital requirement to improve security, reliability, and successful cooperation. The existing trust management approaches for large-scale WSN are failed due to their low dependability (i.e., cooperation), higher communication, and memory overheads (i.e., resource inefficient). In this paper, we propose a novel and comprehensive trust estimation approach (LTS) for large-scale WSN that employs clustering to improve cooperation, trustworthiness, and security by detecting malicious (faulty or selfish) sensor nodes with reduced resource (memory and power) consumption. The proposed scheme (LTS) operates on two levels, namely, intra-cluster and inter-cluster along with distributed approach and centralized approach, respectively, to make accurate trust decision of sensor nodes with minimum overheads. LTS consists of unique features, such as robust trust estimation function, attack resistant, and efficient trust aggregation at the cluster, head to obtain the global feedback trust value. Data trust along with communication trust plays a significant role to cope with malicious nodes. In LTS, punishment and trust severity can be tuned according to the application requirement, which makes it an innovative LTS. Moreover, dishonest recommendations (outliers) are eliminated before aggregation at the base station by observing the statistical dispersion. The theoretical and mathematical validations along with simulation results exhibit the great performance of our proposed approach in terms of trust evaluation cost, prevention, and detection of malicious nodes as well as communication overhead. © 2013 IEEE.","attack mitigation; communication trust; data trust; Trust management","Estimation; Intrusion detection; Network security; Petroleum reservoir evaluation; Application requirements; attack mitigation; Battlefield surveillance; Communication overheads; data trust; Large-scale wireless sensor networks; Trust management; Wireless sensor network (WSNs); Sensor nodes","H. Viet Long; Division of Computational Mathematics and Engineering, Institute for Computational Science, Ton Duc Thang University, Ho Chi Minh City, 700000, Viet Nam; email: hoangvietlong@tdtu.edu.vn","","Institute of Electrical and Electronics Engineers Inc.","21693536","","","","English","IEEE Access","Article","Final","All Open Access; Gold Open Access; Green Open Access","Scopus","2-s2.0-85065914255"
"Morrison S.M.; Liu C.; Eleish A.; Prabhu A.; Li C.; Ralph J.; Downs R.T.; Golden J.J.; Fox P.; Hummer D.R.; Meyer M.B.; Hazen R.M.","Morrison, Shaunna M. (55268798300); Liu, Chao (57444861000); Eleish, Ahmed (57194592473); Prabhu, Anirudh (57195320659); Li, Congrui (57217162458); Ralph, Jolyon (46661409000); Downs, Robert T. (7007121461); Golden, Joshua J. (55332439700); Fox, Peter (7402681364); Hummer, Daniel R. (23024861100); Meyer, Michael B. (56408709800); Hazen, Robert M. (7006066967)","55268798300; 57444861000; 57194592473; 57195320659; 57217162458; 46661409000; 7007121461; 55332439700; 7402681364; 23024861100; 56408709800; 7006066967","Network analysis of mineralogical systems","2017","American Mineralogist","102","8","","1588","1596","84","10.2138/am-2017-6104CCBYNCND","https://www.scopus.com/pages/publications/85027142122?origin=resultslist","Geophysical Laboratory, Carnegie Institution for Science, 5251 Broad Branch Road NW, Washington, 20015, DC, United States; Tetherless World Constellation, Department of Earth and Environmental Sciences, Rensselaer Polytechnic Institute, Troy, 12180, NY, United States; Mindat.org, 128 Mullards Close, Mitcham, Surrey, CR4 4FD, United Kingdom; Department of Geosciences, University of Arizona, 1040 East 4th Street, Tucson, 85721-0077, AZ, United States; Department of Geology, Southern Illinois University, Carbondale, 62901, IL, United States","Morrison S.M., Geophysical Laboratory, Carnegie Institution for Science, 5251 Broad Branch Road NW, Washington, 20015, DC, United States; Liu C., Geophysical Laboratory, Carnegie Institution for Science, 5251 Broad Branch Road NW, Washington, 20015, DC, United States; Eleish A., Geophysical Laboratory, Carnegie Institution for Science, 5251 Broad Branch Road NW, Washington, 20015, DC, United States, Tetherless World Constellation, Department of Earth and Environmental Sciences, Rensselaer Polytechnic Institute, Troy, 12180, NY, United States; Prabhu A., Tetherless World Constellation, Department of Earth and Environmental Sciences, Rensselaer Polytechnic Institute, Troy, 12180, NY, United States; Li C., Tetherless World Constellation, Department of Earth and Environmental Sciences, Rensselaer Polytechnic Institute, Troy, 12180, NY, United States; Ralph J., Mindat.org, 128 Mullards Close, Mitcham, Surrey, CR4 4FD, United Kingdom; Downs R.T., Department of Geosciences, University of Arizona, 1040 East 4th Street, Tucson, 85721-0077, AZ, United States; Golden J.J., Department of Geosciences, University of Arizona, 1040 East 4th Street, Tucson, 85721-0077, AZ, United States; Fox P., Tetherless World Constellation, Department of Earth and Environmental Sciences, Rensselaer Polytechnic Institute, Troy, 12180, NY, United States; Hummer D.R., Geophysical Laboratory, Carnegie Institution for Science, 5251 Broad Branch Road NW, Washington, 20015, DC, United States, Department of Geology, Southern Illinois University, Carbondale, 62901, IL, United States; Meyer M.B., Geophysical Laboratory, Carnegie Institution for Science, 5251 Broad Branch Road NW, Washington, 20015, DC, United States; Hazen R.M., Geophysical Laboratory, Carnegie Institution for Science, 5251 Broad Branch Road NW, Washington, 20015, DC, United States","A fundamental goal of mineralogy and petrology is the deep understanding of mineral phase relationships and the consequent spatial and temporal patterns of mineral coexistence in rocks, ore bodies, sediments, meteorites, and other natural polycrystalline materials. The multi-dimensional chemical complexity of such mineral assemblages has traditionally led to experimental and theoretical consideration of 2-, 3-, or n-component systems that represent simplified approximations of natural systems. Network analysis provides a dynamic, quantitative, and predictive visualization framework for employing ""big data"" to explore complex and otherwise hidden higher-dimensional patterns of diversity and distribution in such mineral systems. We introduce and explore applications of mineral network analysis, in which mineral species are represented by nodes, while coexistence of minerals is indicated by lines between nodes. This approach provides a dynamic visualization platform for higher-dimensional analysis of phase relationships, because topologies of equilibrium phase assemblages and pathways of mineral reaction series are embedded within the networks. Mineral networks also facilitate quantitative comparison of lithologies from different planets and moons, the analysis of coexistence patterns simultaneously among hundreds of mineral species and their localities, the exploration of varied paragenetic modes of mineral groups, and investigation of changing patterns of mineral occurrence through deep time. Mineral network analysis, furthermore, represents an effective visual approach to teaching and learning in mineralogy and petrology. © 2017 by Walter de Gruyter Berlin/Boston.","big data; Bowen's reaction series; chromium; cluster analysis; copper; education; igneous petrology; mineral evolution; multi-dimensional scaling; Network analysis; phase equilibria; visualization","Big data; Chemical analysis; Chromium; Cluster analysis; Complex networks; Copper; Data visualization; Education; Electric network analysis; Flow visualization; Gasoline; Mineral exploration; Ore deposits; Petrology; Phase equilibria; Polycrystalline materials; Rocks; Sediments; Visualization; Bowen's reaction series; Mineral evolutions; Multi-dimensional scaling; Quantitative comparison; Simplified approximation; Spatial and temporal patterns; Teaching and learning; Visualization framework; chromium; cluster analysis; copper; data set; mineral; mineralogy; network analysis; petrology; phase equilibrium; visualization; Ores","R.M. Hazen; Geophysical Laboratory, Carnegie Institution for Science, Washington, 5251 Broad Branch Road NW, 20015, United States; email: rhazen@ciw.edu","","Walter de Gruyter GmbH","0003004X","","","","English","Am. Mineral.","Article","Final","All Open Access; Hybrid Gold Open Access","Scopus","2-s2.0-85027142122"
"Uslular G.; Le Corvec N.; Mazzarini F.; Legrand D.; Gençalioğlu-Kuşcu G.","Uslular, Göksu (56674673300); Le Corvec, Nicolas (26538892900); Mazzarini, Francesco (6602685059); Legrand, Denis (7005475929); Gençalioğlu-Kuşcu, Gonca (57203932043)","56674673300; 26538892900; 6602685059; 7005475929; 57203932043","Morphological and multivariate statistical analysis of quaternary monogenetic vents in the Central Anatolian Volcanic Province (Turkey): Implications for the volcano-tectonic evolution","2021","Journal of Volcanology and Geothermal Research","416","","107280","","","22","10.1016/j.jvolgeores.2021.107280","https://www.scopus.com/pages/publications/85106925286?origin=resultslist","Department of Geological Engineering, Muğla Sıtkı Koçman University, Kötekli Campus, Muğla, 48000, Turkey; Department of Earth Sciences, University of Geneva, Rue des Maraîchers 13, Geneva, 1205, Switzerland; Independent Researcher, Bordeaux, 33200, France; Istituto Nazionale di Geofisica e Vulcanologia (INGV), Via Cesare Battisti, 53, Pisa, 56125, Italy; Universidad Nacional Autonoma de Mexico (UNAM), Mexico City, Mexico","Uslular G., Department of Geological Engineering, Muğla Sıtkı Koçman University, Kötekli Campus, Muğla, 48000, Turkey, Department of Earth Sciences, University of Geneva, Rue des Maraîchers 13, Geneva, 1205, Switzerland; Le Corvec N., Independent Researcher, Bordeaux, 33200, France; Mazzarini F., Istituto Nazionale di Geofisica e Vulcanologia (INGV), Via Cesare Battisti, 53, Pisa, 56125, Italy; Legrand D., Universidad Nacional Autonoma de Mexico (UNAM), Mexico City, Mexico; Gençalioğlu-Kuşcu G., Department of Geological Engineering, Muğla Sıtkı Koçman University, Kötekli Campus, Muğla, 48000, Turkey","The interaction and competition between magmatic and tectonic processes mostly control the spatial distribution and morphology of monogenetic volcanoes. The Central Anatolian Volcanic Province, situated in a strike-slip environment, provides a remarkable opportunity to understand this relationship. We defined six monogenetic clusters and analyzed 540 Quaternary monogenetic volcanoes in terms of morphological and spatial characteristics. There is no distinct correlation among the morphological parameters of scoria cones or lava domes, possibly owing to the various factors and the sporadic nature of magmatic activity in the region. Our detailed multivariate statistical and vent alignment analyses together with several implications in the literature reveal that the CAVP is a tectonically-controlled intraplate volcanic field, which is mostly driven by regional deformations. The presence of both clustered and non-clustered vent distributions and the petrological characteristics of the volcanics within the region indicates that the dikes are derived directly by the pre-existing melt-bearing heterogeneous mantle (i.e., Eğrikuyu monogenetic field) or the independent and short-lived shallow or deep crustal magma reservoirs (i.e., Nevşehir-Acıgöl volcanic field). The local changes in the stress regimes and crustal lithology result in variations of field shape, spatial vent distribution, and vent alignments throughout the region. The triggering mechanisms for the initiation of the Quaternary volcanism in the region can be the lithospheric-scale Central Anatolian fault zone, here considered as an immature rift zone where Erciyes volcanic field is developed and behaves as a possible magmatic transfer zone. Tuz Gölü fault zone as a western border of the so-called rift basin in the region is mostly responsible for the crustal propagation of magma, and the kinematic changes along this fault zone (i.e., strike-slip to normal) mostly shaped the spatial vent distributions and alignments of the clusters in its close proximity (e.g., Hasandağ-Keçiboyduran volcanic field). © 2021 Elsevier B.V.","Central Anatolian Volcanic Province; Monogenetic volcanism; Self-similar clustering; Strike-slip tectonism; Vent alignment","Turkey; Meleagris gallopavo; Alignment; Lithology; Multivariant analysis; Strike-slip faults; Central anatolian volcanic province; Crustals; Fault zone; Monogenetic volcanism; Monogenetic volcanoes; Self-similar clustering; Strike-slip tectonism; Vent alignment; Volcanic field; Volcanics; cluster analysis; morphology; multivariate analysis; Quaternary; spatial distribution; strike-slip fault; tectonic evolution; tectonic setting; volcanism; Volcanoes","G. Uslular; Department of Geological Engineering, Muğla Sıtkı Koçman University, Muğla, Kötekli Campus, 48000, Turkey; email: goksuuslular@mu.edu.tr","","Elsevier B.V.","03770273","","","","English","J. Volcanol. Geotherm. Res.","Article","Final","All Open Access; Green Open Access","Scopus","2-s2.0-85106925286"
"Sun X.; Zhang H.; Zhong M.; Wang Z.; Liang X.; Huang T.; Huang H.","Sun, Xuewei (57203589980); Zhang, Huayong (36723027900); Zhong, Meifang (57203657124); Wang, Zhongyu (55488925000); Liang, Xiaoqian (57203592161); Huang, Tousheng (54401373600); Huang, Hai (55738274200)","57203589980; 36723027900; 57203657124; 55488925000; 57203592161; 54401373600; 55738274200","Analyses on the temporal and spatial characteristics of water quality in a seagoing river using multivariate statistical techniques: A case study in the Duliujian river, China","2019","International Journal of Environmental Research and Public Health","16","6","1020","","","49","10.3390/ijerph16061020","https://www.scopus.com/pages/publications/85063608474?origin=resultslist","Research Center for Engineering Ecology and Nonlinear Science, North China Electric Power University, Beijing, 102206, China","Sun X., Research Center for Engineering Ecology and Nonlinear Science, North China Electric Power University, Beijing, 102206, China; Zhang H., Research Center for Engineering Ecology and Nonlinear Science, North China Electric Power University, Beijing, 102206, China; Zhong M., Research Center for Engineering Ecology and Nonlinear Science, North China Electric Power University, Beijing, 102206, China; Wang Z., Research Center for Engineering Ecology and Nonlinear Science, North China Electric Power University, Beijing, 102206, China; Liang X., Research Center for Engineering Ecology and Nonlinear Science, North China Electric Power University, Beijing, 102206, China; Huang T., Research Center for Engineering Ecology and Nonlinear Science, North China Electric Power University, Beijing, 102206, China; Huang H., Research Center for Engineering Ecology and Nonlinear Science, North China Electric Power University, Beijing, 102206, China","In the Duliujian River, 12 water environmental parameters corresponding to 45 sampling sites were analyzed over four seasons. With a statistics test (Spearman correlation coefficient) and multivariate statistical methods, including cluster analysis (CA) and principal components analysis (PCA), the river water quality temporal and spatial patterns were analyzed to evaluate the pollution status and identify the potential pollution sources along the river. CA and PCA results on spatial scale revealed that the upstream was slightly polluted by domestic sewage, while the upper-middle reach was highly polluted due to the sewage from feed mills, furniture and pharmaceutical factories. The middle-lower reach, moderately polluted by sewage from textile, pharmaceutical, petroleum and oil refinery factories as well as fisheries and livestock activities, demonstrated the water purification role of wetland reserves. Seawater intrusion caused serious water pollution in the estuary. Through temporal CA, the four seasons were grouped into three clusters consistent with the hydrological mean, high and low flow periods. The temporal PCA results suggested that nutrient control was the primary task in mean flow period and the monitoring of effluents from feed mills, petrochemical and pharmaceutical factories is more important in the high flow period, while the wastewater from domestic and livestock should be monitored carefully in low flow periods. The results may provide some guidance or inspiration for environmental management. © 2019 by the authors. Licensee MDPI, Basel, Switzerland.","Duliujian River; Environmental management; Multivariate statistical analysis; River water quality; Seagoing river","Agriculture; China; Cluster Analysis; Environmental Monitoring; Industry; Principal Component Analysis; Rivers; Seasons; Sewage; Spatio-Temporal Analysis; Water Pollution; Water Quality; China; Duliujian River; river water; cluster analysis; effluent; human activity; multivariate analysis; pollutant source; pollution monitoring; principal component analysis; purification; river management; river water; saline intrusion; spatiotemporal analysis; water pollution; water quality; Article; case study; China; cluster analysis; correlation coefficient; drug industry; effluent; environmental parameters; estuary; fishery; hydrology; livestock; monitoring; multivariate analysis; oil industry; petrochemical industry; principal component analysis; river; season; sewage; spatial analysis; temporal analysis; waste water; water management; water pollution; water quality; wetland; agriculture; analysis; chemistry; environmental monitoring; industry; procedures; spatiotemporal analysis","H. Zhang; Research Center for Engineering Ecology and Nonlinear Science, North China Electric Power University, Beijing, 102206, China; email: rceens@ncepu.edu.cn","","MDPI","16617827","","","30897817","English","Int. J. Environ. Res. Public Health","Article","Final","All Open Access; Gold Open Access; Green Open Access","Scopus","2-s2.0-85063608474"
"Gyasi-Agyei Y.","Gyasi-Agyei, Yeboah (56342417600)","56342417600","Stochastic disaggregation of daily rainfall into one-hour time scale","2005","Journal of Hydrology","309","1-4","","178","190","45","10.1016/j.jhydrol.2004.11.018","https://www.scopus.com/pages/publications/20344390549?origin=resultslist","James Goldston Faculty of Engineering and Physical Systems, Centre for Railway Engineering, Central Queensland University, Rockhampton, QLD 4702, Australia","Gyasi-Agyei Y., James Goldston Faculty of Engineering and Physical Systems, Centre for Railway Engineering, Central Queensland University, Rockhampton, QLD 4702, Australia","The Australian SILO Data Drill facility generates continuous daily rainfall data from 1889 to current date for any set of coordinates on the Australian continent. For the daily rainfall data to have any appeal to users, such as farmers and environmental modellers, a robust disaggregation model that generates sub-daily time series fully consistent with the daily totals while preserving multiple sub-daily time scale stochastic structure is required. A model, which incorporates repetition techniques and a proportional adjusting procedure [Koutsoyiannis, D., Onof, C., 2001. Rainfall disaggregation using adjusting procedures on a Poisson cluster model. J. Hydrol. 246, 109-122] into a regionalised hybrid model [Gyasi-Agyei, Y., 1999. Identification of regional parameters of a stochastic model for rainfall disaggregation. J. Hydrol. 223(3-4), 148-163], has been demonstrated to have such capability. The model is structured such that clusters of consecutive wet days can be disaggregated together during the generation of the binary wet and dry sequence and/ or intensity phases. Two ad hoc remedies to prevent overestimation of the variance and the extreme values, and underestimation of the autocorrelation that could be potentially caused by daily rainfall totals in excess of the hourly maximum have been proposed. The model was evaluated with a 5-year time series of hourly rainfall observed at an erosion control experimental site. All modes of operation of the model reproduced the dry probability very well. Clustering does not seem to affect the dry probability, variance and the intensity-duration- frequency (IFD) curves. The reproduction of the autocorrelations certainly improved with clustering. Capping the hourly rainfall depths to the observed maximum values reproduced near perfect dry probability, variance, autocorrelation and the IFD curves for all months. With this confidence, the 114-year synthetic daily rainfall data set for Rockhampton generated by SILO Data Drill facility was disaggregated to one-hour time scale. The pattern of the results from this data set was identical to that of the observed 5-year data set. © 2004 Elsevier B.V. All rights reserved.","Disaggregation; Hybrid model; Rainfall; Regionalisation; Stochastic process","Australasia; Australia; Eastern Hemisphere; World; Correlation methods; Data reduction; Environmental impact; Probability; Random processes; Time series analysis; historical record; rainfall; spatial variation; temporal variation; Environmental modellers; Intensity-duration-frequency (IDF) curves; Stochastic disaggregation; Time scale; Rain","Y. Gyasi-Agyei; James Goldston Faculty of Engineering and Physical Systems, Centre for Railway Engineering, Central Queensland University, Rockhampton, QLD 4702, Australia; email: y.gyasi-agyei@cqu.edu.au","","","00221694","","JHYDA","","English","J. Hydrol.","Article","Final","All Open Access; Green Open Access","Scopus","2-s2.0-20344390549"
"Nazat S.; Arreche O.; Abdallah M.","Nazat, Sazid (58536595800); Arreche, Osvaldo (58588930800); Abdallah, Mustafa (57190965427)","58536595800; 58588930800; 57190965427","On Evaluating Black-Box Explainable AI Methods for Enhancing Anomaly Detection in Autonomous Driving Systems","2024","Sensors","24","11","3515","","","41","10.3390/s24113515","https://www.scopus.com/pages/publications/85195861048?origin=resultslist","Electrical and Computer Engineering Department, Purdue School of Engineering and Technology, Indiana University—Purdue University Indianapolis, Indianapolis, 46202, IN, United States; Computer and Information Technology Department, Purdue School of Engineering and Technology, Indiana University—Purdue University Indianapolis, Indianapolis, 46202, IN, United States","Nazat S., Electrical and Computer Engineering Department, Purdue School of Engineering and Technology, Indiana University—Purdue University Indianapolis, Indianapolis, 46202, IN, United States; Arreche O., Electrical and Computer Engineering Department, Purdue School of Engineering and Technology, Indiana University—Purdue University Indianapolis, Indianapolis, 46202, IN, United States; Abdallah M., Computer and Information Technology Department, Purdue School of Engineering and Technology, Indiana University—Purdue University Indianapolis, Indianapolis, 46202, IN, United States","The recent advancements in autonomous driving come with the associated cybersecurity issue of compromising networks of autonomous vehicles (AVs), motivating the use of AI models for detecting anomalies on these networks. In this context, the usage of explainable AI (XAI) for explaining the behavior of these anomaly detection AI models is crucial. This work introduces a comprehensive framework to assess black-box XAI techniques for anomaly detection within AVs, facilitating the examination of both global and local XAI methods to elucidate the decisions made by XAI techniques that explain the behavior of AI models classifying anomalous AV behavior. By considering six evaluation metrics (descriptive accuracy, sparsity, stability, efficiency, robustness, and completeness), the framework evaluates two well-known black-box XAI techniques, SHAP and LIME, involving applying XAI techniques to identify primary features crucial for anomaly classification, followed by extensive experiments assessing SHAP and LIME across the six metrics using two prevalent autonomous driving datasets, VeReMi and Sensor. This study advances the deployment of black-box XAI methods for real-world anomaly detection in autonomous driving systems, contributing valuable insights into the strengths and limitations of current black-box XAI methods within this critical domain. © 2024 by the authors.","anomaly detection; autonomous driving; explainable AI; feature extraction; LIME; Shapley additive explanations; VeReMi dataset","Anomaly detection; Autonomous vehicles; Classification (of information); Feature extraction; Petroleum reservoir evaluation; calcium oxide; Anomaly detection; Autonomous driving; Autonomous Vehicles; Black boxes; Driving systems; Explainable AI; Features extraction; Shapley; Shapley additive explanation; Veremi dataset; article; autonomous vehicle; benchmarking; computer security; diagnosis; explainable artificial intelligence; feature extraction; human; outlier detection; sensor; Shapley additive explanation; Lime","M. Abdallah; Computer and Information Technology Department, Purdue School of Engineering and Technology, Indiana University—Purdue University Indianapolis, Indianapolis, 46202, United States; email: mabdall@iu.edu","","Multidisciplinary Digital Publishing Institute (MDPI)","14248220","","","38894306","English","Sensors","Article","Final","All Open Access; Gold Open Access; Green Open Access","Scopus","2-s2.0-85195861048"
"Lockwood C.A.; Lynch J.M.; Kimbel W.H.","Lockwood, Charles A. (7102516713); Lynch, John M. (25934906700); Kimbel, William H. (6603930109)","7102516713; 25934906700; 6603930109","Quantifying temporal bone morphology of great apes and humans: An approach using geometric morphometrics","2002","Journal of Anatomy","201","6","","447","464","110","10.1046/j.1469-7580.2002.00122.x","https://www.scopus.com/pages/publications/18744389738?origin=resultslist","Department of Anthropology, Institute of Human Origins, Arizona State University, Tempe, AZ 85287, United States; Barrett Honors College, Institute of Human Origins, Arizona State University, Tempe, AZ 85287, United States","Lockwood C.A., Department of Anthropology, Institute of Human Origins, Arizona State University, Tempe, AZ 85287, United States; Lynch J.M., Barrett Honors College, Institute of Human Origins, Arizona State University, Tempe, AZ 85287, United States; Kimbel W.H., Department of Anthropology, Institute of Human Origins, Arizona State University, Tempe, AZ 85287, United States","The hominid temporal bone offers a complex array of morphology that is linked to several different functional systems. Its frequent preservation in the fossil record gives the temporal bone added significance in the study of human evolution, but its morphology has proven difficult to quantify. In this study we use techniques of 3D geometric morphometrics to quantify differences among humans and great apes and discuss the results in a phylogenetic context. Twenty-three landmarks on the ectocranial surface of the temporal bone provide a high level of anatomical detail. Generalized Procrustes analysis (GPA) is used to register (adjust for position, orientation and scale) landmark data from 405 adults representing Homo, Pan, Gorilla and Pongo. Principal components analysis of residuals from the GPA shows that the major source of variation is between humans and apes. Human characteristics such as a coronally orientated petrous axis, a deep mandibular fossa, a projecting mastoid process, and reduced lateral extension of the tympanic element strongly impact the analysis. In phenetic cluster analyses, gorillas and orangutans group together with respect to chimpanzees, and all apes group together with respect to humans. Thus, the analysis contradicts depictions of African apes as a single morphotype. Gorillas and orangutans lack the extensive preglenoid surface of chimpanzees, and their mastoid processes are less medially inflected. These and other characters shared by gorillas and orangutans are probably primitive for the African hominid clade.","Geometric morphometrics; Hominids; Hominoids; Relative warp analysis; Thin-plate spline analysis","Adult; Animals; Gorilla gorilla; Hominidae; Humans; Pan troglodytes; Phylogeny; Pongo pygmaeus; Temporal Bone; Alocasia macrorrhizos; Animalia; Anthropoidea; Hominidae; Homo; Pan (ape); Pan paniscus; Pan troglodytes; Paniscus; Pongo; Pongo pygmaeus; Procrustes; Africa; analytic method; Anthropoidea; ape; article; bone structure; chimpanzee; cladistics; cluster analysis; comparative anatomy; controlled study; craniofacial morphology; evolution; fossil; geographical variation (species); geometry; gorilla; hominid; human; human versus animal comparison; mandible; mastoid; middle ear; morphometrics; morphotype; nonhuman; orang utan; Pan paniscus; petrous bone; phylogeny; priority journal; register; structure analysis; temporal bone","C.A. Lockwood; Institute of Human Origins, Arizona State University, Departmetnt of Anthropology, Tempe, AZ 85287-4101, Box 874101, United States; email: cal@asu.edu","","","00218782","","JOANA","12489757","English","J. Anat.","Article","Final","All Open Access; Bronze Open Access","Scopus","2-s2.0-18744389738"
"Al-Fakih A.; Koeshidayatullah A.; Mukerji T.; Kaka S.I.","Al-Fakih, Abdulrahman (57928832500); Koeshidayatullah, Ardiansyah (56387553100); Mukerji, Tapan (7003413039); Kaka, SanLinn I. (6602167255)","57928832500; 56387553100; 7003413039; 6602167255","Enhanced anomaly detection in well log data through the application of ensemble GANs","2026","Applied Computing and Geosciences","29","","100316","","","5","10.1016/j.acags.2025.100316","https://www.scopus.com/pages/publications/105027011479?origin=resultslist","College of Petroleum Engineering and Geosciences, King Fahd University of Petroleum Minerals, Dhahran, 31261, Saudi Arabia; Center for Integrative Petroleum Research, King Fahd University of Petroleum and Minerals, Dhahran, 31261, Saudi Arabia; Departments of Energy Science & Engineering, Earth & Planetary Sciences, and Geophysics, Stanford University, Stanford, United States","Al-Fakih A., College of Petroleum Engineering and Geosciences, King Fahd University of Petroleum Minerals, Dhahran, 31261, Saudi Arabia, Center for Integrative Petroleum Research, King Fahd University of Petroleum and Minerals, Dhahran, 31261, Saudi Arabia; Koeshidayatullah A., College of Petroleum Engineering and Geosciences, King Fahd University of Petroleum Minerals, Dhahran, 31261, Saudi Arabia, Center for Integrative Petroleum Research, King Fahd University of Petroleum and Minerals, Dhahran, 31261, Saudi Arabia; Mukerji T., Departments of Energy Science & Engineering, Earth & Planetary Sciences, and Geophysics, Stanford University, Stanford, United States; Kaka S.I., College of Petroleum Engineering and Geosciences, King Fahd University of Petroleum Minerals, Dhahran, 31261, Saudi Arabia, Center for Integrative Petroleum Research, King Fahd University of Petroleum and Minerals, Dhahran, 31261, Saudi Arabia","Detecting subtle anomalies in well log data can significantly enhance subsurface characterization and inform reservoir decision-making. Well logs provide detailed records of rock and fluid properties. However, identifying anomalous patterns in these data remains a persistent challenge due to the complexity of geological systems and limitations in traditional statistical models. Classical anomaly detection approaches, such as Gaussian mixture models (GMMs), tend to oversimplify the intricacies of well log responses and often misinterpret geological heterogeneities as tool noise. This misclassification leads to high false positive rates and unreliable anomaly identification. In this context, generative models, particularly generative adversarial networks (GANs), have shown promise in structured data domains; however, they remain underutilized in geoscience applications. This study aims to benchmark the performance of ensemble GANs (EGANs) against GMMs for anomaly detection in well log data. The proposed EGANs framework aggregates multiple independently trained GANs to enhance model stability and robustness. Anomalies are detected based on discriminator scoring, while performance is evaluated using precision, recall, and F1-score across four key logs: gamma ray, travel time, bulk density, and neutron porosity. The results demonstrate that EGANs consistently outperform GMMs across all logs, achieving higher precision (up to 0.70) and F1-scores (up to 0.79), with statistically significant improvements confirmed via paired t-tests. These findings highlight the ability of EGANs to model complex subsurface patterns and detect subtle deviations more effectively than conventional probabilistic methods. This study introduces the first application of EGANs to petrophysical anomaly detection, bridging deep learning with geoscience workflows. It offers a scalable framework for integrating data-driven anomaly detection into reservoir modeling, quality control, and near-real-time decision-making in drilling operations. Future work will focus on multivariate analysis, cross-basin validation, and real-time deployment, advancing toward a more intelligent, adaptive reservoir monitoring system. © 2025 The Authors","Anomaly detection; Ensemble learning; GAN; Reservoir characterization; Well logs","Behavioral research; Complex networks; Decision making; Deep learning; Gamma rays; Gaussian distribution; Geology; Infill drilling; Multivariant analysis; Petroleum reservoir evaluation; Quality control; Travel time; Well logging; Adversarial networks; Anomaly detection; Ensemble learning; F1 scores; Gaussian Mixture Model; Performance; Reservoir characterization; Subsurface characterizations; Well log data; Well logs; Anomaly detection","A. Al-Fakih; College of Petroleum Engineering and Geosciences, King Fahd University of Petroleum Minerals, Dhahran, 31261, Saudi Arabia; email: alja2014ser@gmail.com","","International Association for Mathematical Geosciences","25901974","","","","English","Appl. Comput. Geosci.","Article","Final","All Open Access; Gold Open Access","Scopus","2-s2.0-105027011479"
"Schölderle F.; Pfrang D.; Ernst V.; Winter T.; Zosseder K.","Schölderle, Felix (57221594570); Pfrang, Daniela (57216349514); Ernst, Valerie (59771771200); Winter, Theis (57220025503); Zosseder, Kai (24177702100)","57221594570; 57216349514; 59771771200; 57220025503; 24177702100","Productivity zoning and petrophysical assessment in the Munich metropolitan area for hydro-geothermal utilization using multivariate methods","2025","Geothermal Energy","13","1","21","","","5","10.1186/s40517-025-00342-9","https://www.scopus.com/pages/publications/105004264381?origin=resultslist","Chair of Hydrogeology, Technical University of Munich,  80333, Arcisstraße 21, Munich, Germany; SWM Services GmbH, Emmy-Noether-Straße 2, Munich, 80992, Germany","Schölderle F., Chair of Hydrogeology, Technical University of Munich,  80333, Arcisstraße 21, Munich, Germany; Pfrang D., Chair of Hydrogeology, Technical University of Munich,  80333, Arcisstraße 21, Munich, Germany, SWM Services GmbH, Emmy-Noether-Straße 2, Munich, 80992, Germany; Ernst V., Chair of Hydrogeology, Technical University of Munich,  80333, Arcisstraße 21, Munich, Germany; Winter T., Chair of Hydrogeology, Technical University of Munich,  80333, Arcisstraße 21, Munich, Germany; Zosseder K., Chair of Hydrogeology, Technical University of Munich,  80333, Arcisstraße 21, Munich, Germany","Deep geothermal Potential assessment Bavarian Molasse Basin Multivariate methods © The Author(s) 2025.; The North Alpine Foreland Basin in Bavaria is one of Europe’s most important deep reservoirs for hydrogeothermal energy utilization for district heating. Most of the plants are located in the Munich metropolitan region, where there are both favorable geological conditions and a high demand for heat due to the urban character. However, the region's potential is far from fully utilized and extensive geothermal development is thus planned in the city of Munich and the surrounding municipalities. Reliable productivity prognoses help to ensure that this development is sustainable and efficient. We use the dense and comprehensive drilling data set in the region to derive a productivity zonation using multivariate methods. To do this, we derive geophysical and hydraulic parameters from the existing borehole measurements and combine them with hydrochemical, historical and technical data to derive a set of 24 individual parameters. For this parameter set, we carry out a principal component analysis (PCA) and single linkage hierarchical cluster analysis (HCA). The PCA reduces the data set to six main factors, which explain 80% of the data set variability. Of those, the most important factors fa1, fa2, and fa3, which explain 53% of the data set variability, contain mainly geological (fa1), hydrochemical (fa2), and technical parameters (fa3). The HCA reveals four main clusters, with clusters 3 and 2 in the north, 1 in the center of the study area, and 4 in the south. The spatial location of these clusters fits very well with the zoning assumed in the previous assessment analysis ‘Masterplan Geothermal Energy‘. Cluster 2 behaves very similar to cluster 3, but is separated from it by a different hydrochemistry (fa2). In addition, two outliers were identified at two doublets in the north of the study area, which are distinguished from the main clusters in one case by differing hydrochemistry and in the other case by differing hydraulic and thermal conditions. Furthermore, a sub-cluster of cluster 4 is the only one that scatters across the entire study area. However, this can be explained by factors that do not directly influence the productivity of the boreholes concerned. Our results indicate that we can divide the reservoir from north to south into three productivity types A to C, where we derive different outflow temperatures and porosities from regression equations of depth trends. © The Author(s) 2025.","","Bavaria; Germany; Munich; Correlation methods; Multivariant analysis; Principal component analysis; Zoning; Data set; Energy; Geothermal potential; Geothermal utilizations; Hierarchical cluster analysis; Metropolitan area; Multivariate methods; Petrophysical; Principal-component analysis; Study areas; geothermal energy; geothermal system; multivariate analysis; petrology; principal component analysis; zoning policy; Hydrochemistry","F. Schölderle; Chair of Hydrogeology, Technical University of Munich, Munich,  80333, Arcisstraße 21, Germany; email: felix.schoelderle@tum.de; D. Pfrang; Chair of Hydrogeology, Technical University of Munich, Munich,  80333, Arcisstraße 21, Germany; email: Pfrang.Daniela@swm.de","","Springer Science and Business Media Deutschland GmbH","21959706","","","","English","Geeotherm. Energy","Article","Final","All Open Access; Gold Open Access; Green Open Access","Scopus","2-s2.0-105004264381"
"Asadzadeh S.; Chabrillat S.","Asadzadeh, Saeid (55372096700); Chabrillat, Sabine (6602994648)","55372096700; 6602994648","Leveraging EnMAP hyperspectral data for mineral exploration: Examples from different deposit types","2025","Ore Geology Reviews","186","","106912","","","7","10.1016/j.oregeorev.2025.106912","https://www.scopus.com/pages/publications/105018572672?origin=resultslist","GFZ Helmholtz Centre for Geosciences, Telegrafenberg, Potsdam, 14473, Germany; Leibniz University Hannover (LUH), Institute of Earth System Sciences, Hannover, 30419, Germany","Asadzadeh S., GFZ Helmholtz Centre for Geosciences, Telegrafenberg, Potsdam, 14473, Germany; Chabrillat S., GFZ Helmholtz Centre for Geosciences, Telegrafenberg, Potsdam, 14473, Germany, Leibniz University Hannover (LUH), Institute of Earth System Sciences, Hannover, 30419, Germany","Finding new mineral resources is essential to meet the growing demand for raw materials during the green transition. Addressing this challenge requires the adoption of advanced technologies to increase the efficiency and success rate of mineral exploration programs. One promising approach for this aim is hyperspectral remote sensing, which enables detailed and accurate mapping of surface mineralogy. The advent of high-quality hyperspectral satellite data, such as that from EnMAP, with global coverage and free accessibility, has created new opportunities for mineral exploration. To showcase the diverse applications of this technology, we conducted eight case studies covering six deposit types at various exploration stages/scales—from greenfield to brownfield, and from regional to deposit scales. These include the Dalli and Keder porphyry systems in Iran, the Collahuasi mining area in Chile, a cluster of high-sulfidation epithermal gold deposits in the El Indio Belt along the Chile-Argentina border, the Taknar volcanogenic massive sulfide (VMS) deposit in Iran, the Jabali Mississippi valley type (MVT) deposit in Yemen, the Khanneshin REE-bearing carbonatite complex in Afghanistan, and the McDermitt volcano-sedimentary lithium deposit in the US. EnMAP Level-2A reflectance data were leveraged to map the occurrences and abundances of key minerals, including white mica (muscovite-illite), kaolinite, alunite, pyrophyllite, dickite, topaz, diaspore, opal, chlorite, epidote, hectorite, calcite, dolomite, ankerite, hematite, goethite, jarosite, and bulk ferrous iron minerals. It was also employed to assess kaolinite crystallinity and to map the composition of white mica, chlorite, alunite, and hectorite, as well as solid solutions among carbonate minerals, using the mixture-tuned feature matching and the polynomial fitting techniques. The results indicate that EnMAP can deliver consistent and accurate mineralogical-compositional information, unattainable from other spaceborne multi- and hyperspectral sensors, thanks to its accurate calibration and high signal-to-noise ratio in the visible to short-wave infrared wavelengths. The mineral mapping products provided valuable insights into ore formation processes, such as sources and pathways of fluid flow, temperature and pH constraints, oxidation–reduction states, and alteration zonation patterns. In the case of REEs and lithium-bearing clays, EnMAP also enabled the direct detection of ore minerals. These studies demonstrates that spaceborne hyperspectral systems can play a crucial role in mineral exploration over exposed terrains, significantly enhancing the efficiency of exploration programs from the grassroots to the drilling stages. © 2025 The Author(s)","Alteration; Critical metals; Mineral chemistry; Mineral mapping; Remote sensing; Spaceborne imaging spectroscopy","Afghanistan; Iran; United States; Yemen; Calcite; Carbonate minerals; Crystallinity; Deposits; Economic geology; Gold deposits; Hematite; Hyperspectral imaging; Kaolinite; Lithium; Lithium compounds; Lithium deposits; Mapping; Mica; Mica deposits; Mineral exploration; Space optics; Sulfide minerals; Volcanoes; Alteration; Critical metal; Exploration projects; Imaging spectroscopy; Mineral chemistry; Mineral mapping; Remote-sensing; Space-borne; Spaceborne imaging spectroscopy; White mica; accuracy assessment; calibration; efficiency measurement; lithium; metallogenesis; mineral exploration; mineralization; ore deposit; porphyry; remote sensing; satellite imagery; signal-to-noise ratio; spectral analysis; technology adoption; Remote sensing","S. Asadzadeh; GFZ Helmholtz Centre for Geosciences, Telegrafenberg, Potsdam, 14473, Germany; email: saeid@gfz.de","","Elsevier B.V.","01691368","","","","English","Ore Geol. Rev.","Article","Final","All Open Access; Gold Open Access; Green Open Access","Scopus","2-s2.0-105018572672"
"Bonne J.-L.; Donnat L.; Albora G.; Burgalat J.; Chauvin N.; Combaz D.; Cousin J.; Decarpenterie T.; Duclaux O.; Dumelié N.; Galas N.; Juery C.; Parent F.; Pineau F.; Maunoury A.; Ventre O.; Bénassy M.-F.; Joly L.","Bonne, Jean-Louis (55153107200); Donnat, Ludovic (13608426100); Albora, Grégory (57217207318); Burgalat, Jérémie (53867814800); Chauvin, Nicolas (57217731684); Combaz, Delphine (58810621600); Cousin, Julien (22834074700); Decarpenterie, Thomas (26027423000); Duclaux, Olivier (6507226562); Dumelié, Nicolas (8929269600); Galas, Nicolas (59237155700); Juery, Catherine (55860858700); Parent, Florian (58810699400); Pineau, Florent (57221330657); Maunoury, Abel (59237027600); Ventre, Olivier (59236627500); Bénassy, Marie-France (16032996400); Joly, Lilian (7004172453)","55153107200; 13608426100; 57217207318; 53867814800; 57217731684; 58810621600; 22834074700; 26027423000; 6507226562; 8929269600; 59237155700; 55860858700; 58810699400; 57221330657; 59237027600; 59236627500; 16032996400; 7004172453","A measurement system for CO2and CH4emissions quantification of industrial sites using a new in situ concentration sensor operated on board uncrewed aircraft vehicles","2024","Atmospheric Measurement Techniques","17","14","","4471","4491","20","10.5194/amt-17-4471-2024","https://www.scopus.com/pages/publications/85199764112?origin=resultslist","GSMA UMR 7331, Université de Reims Champagne-Ardenne, CNRS, Reims, 51100, France; Air Quality Laboratory, TotalEnergies R&D, Solaize, 69360, France","Bonne J.-L., GSMA UMR 7331, Université de Reims Champagne-Ardenne, CNRS, Reims, 51100, France; Donnat L., Air Quality Laboratory, TotalEnergies R&D, Solaize, 69360, France; Albora G., GSMA UMR 7331, Université de Reims Champagne-Ardenne, CNRS, Reims, 51100, France; Burgalat J., GSMA UMR 7331, Université de Reims Champagne-Ardenne, CNRS, Reims, 51100, France; Chauvin N., GSMA UMR 7331, Université de Reims Champagne-Ardenne, CNRS, Reims, 51100, France; Combaz D., GSMA UMR 7331, Université de Reims Champagne-Ardenne, CNRS, Reims, 51100, France; Cousin J., GSMA UMR 7331, Université de Reims Champagne-Ardenne, CNRS, Reims, 51100, France; Decarpenterie T., GSMA UMR 7331, Université de Reims Champagne-Ardenne, CNRS, Reims, 51100, France; Duclaux O., Air Quality Laboratory, TotalEnergies R&D, Solaize, 69360, France; Dumelié N., GSMA UMR 7331, Université de Reims Champagne-Ardenne, CNRS, Reims, 51100, France; Galas N., Air Quality Laboratory, TotalEnergies R&D, Solaize, 69360, France; Juery C., Air Quality Laboratory, TotalEnergies R&D, Solaize, 69360, France; Parent F., GSMA UMR 7331, Université de Reims Champagne-Ardenne, CNRS, Reims, 51100, France; Pineau F., Air Quality Laboratory, TotalEnergies R&D, Solaize, 69360, France; Maunoury A., Air Quality Laboratory, TotalEnergies R&D, Solaize, 69360, France; Ventre O., Air Quality Laboratory, TotalEnergies R&D, Solaize, 69360, France; Bénassy M.-F., Air Quality Laboratory, TotalEnergies R&D, Solaize, 69360, France; Joly L., GSMA UMR 7331, Université de Reims Champagne-Ardenne, CNRS, Reims, 51100, France","We developed and tested a complete measurement system to quantify CO2 and CH4 emissions at the scale of an industrial site based on the innovative sensor Airborne Ultra-light Spectrometer for Environmental Application (AUSEA), operated on board uncrewed aircraft vehicles (UAVs). The AUSEA sensor is a new light-weight (1.4 kg) open-path laser absorption spectrometer simultaneously recording in situ CO2 and CH4 concentrations at high frequency (24 Hz in this study) with precisions of 10 ppb for CH4 and 1 ppm for CO2 (when averaged at 1 Hz). It is suitable for industrial operation at a short distance from the sources (sensitivity up to 1000 ppm for CO2 and 200 ppm for CH4). Greenhouse gas concentrations monitored by this sensor throughout a plume cross section downwind of a source drive a simple mass balance model to quantify emissions from this source. This study presents applications of this method to different pragmatic cases representative of real-world conditions for oil and gas facilities. Two offshore oil and gas platforms were monitored for which our emissions estimates were coherent with mass balance and combustion calculations from the platforms. Our method has also been compared to various measurement systems (gas lidar, multispectral camera, infrared camera including concentrations and emissions quantification system, acoustic sensors, ground mobile and fixed cavity ring-down spectrometers) during controlled-release experiments conducted on the TotalEnergies Anomaly Detection Initiatives (TADI) test platform at Lacq, France. It proved suitable to detect leaks with emission fluxes down to 0.01 gs-1, with 24 % of estimated CH4 fluxes within the -20 % to +20 % error range, 80 % of quantifications within the -50 % to +100 % error range and all of our results within the -69 % to +150 % error range. Such precision levels are better ranked than current top-down alternative techniques to quantify CH4 at comparable spatial scales. This method has the potential to be operationally deployed on numerous sites and on a regular basis to evaluate the space- and time-dependent greenhouse gas emissions of oil and gas facilities.  © Copyright: 2024 Jean-Louis Bonne et al.","","aircraft; carbon dioxide; concentration (composition); greenhouse gas; industrial emission; methane; spectrometer","J.-L. Bonne; GSMA UMR 7331, Université de Reims Champagne-Ardenne, CNRS, Reims, 51100, France; email: jean-louis.bonne@univ-reims.fr; L. Joly; GSMA UMR 7331, Université de Reims Champagne-Ardenne, CNRS, Reims, 51100, France; email: lilian.joly@univ-reims.fr","","Copernicus Publications","18671381","","","","English","Atmos. Meas. Tech.","Article","Final","All Open Access; Gold Open Access; Green Open Access","Scopus","2-s2.0-85199764112"
"Weerasinghe I.; Bastiaanssen W.; Mul M.; Jia L.; Van Griensven A.","Weerasinghe, Imeshi (57212450810); Bastiaanssen, Wim (7003316308); Mul, Marloes (14632206200); Jia, Li (15834571900); Van Griensven, Ann (6602848973)","57212450810; 7003316308; 14632206200; 15834571900; 6602848973","Can we trust remote sensing evapotranspiration products over Africa","2020","Hydrology and Earth System Sciences","24","3","","1565","1586","119","10.5194/hess-24-1565-2020","https://www.scopus.com/pages/publications/85082885718?origin=resultslist","Department of Hydrology and Hydraulic Engineering (HYDR), Vrije Universiteit Brussels, Brussels, Belgium; IHE Delft Institute for Water Education, Delft, Netherlands; Chinese Academy of Sciences, Beijing, China; Joint Center for Global Change Studies, Beijing, China","Weerasinghe I., Department of Hydrology and Hydraulic Engineering (HYDR), Vrije Universiteit Brussels, Brussels, Belgium; Bastiaanssen W., IHE Delft Institute for Water Education, Delft, Netherlands; Mul M., IHE Delft Institute for Water Education, Delft, Netherlands; Jia L., Chinese Academy of Sciences, Beijing, China, Joint Center for Global Change Studies, Beijing, China; Van Griensven A., Department of Hydrology and Hydraulic Engineering (HYDR), Vrije Universiteit Brussels, Brussels, Belgium, IHE Delft Institute for Water Education, Delft, Netherlands","Evapotranspiration (ET) is one of the most important components in the water cycle. However, there are relatively few direct measurements of ET available (e.g. using flux towers). Nevertheless, various disciplines, ranging from hydrology to agricultural and climate sciences, require information on the spatial and temporal distribution of ET at regional and global scales. Due to the limited data availability, attention has turned toward satellite-based products to fill observational gaps. Various data products, including remote sensing (RS) products, have been developed and provide a large range of ET estimations. Across Africa, only a limited number of flux towers are available; hence, they are insufficient for the systematic evaluation of the available ET products. Thus, in this study, we conduct a methodological evaluation of nine existing RS-derived ET products as well as other available ET products in order to evaluate their reliability at the basin scale. A general water balance (WB) approach is used, where ET is equal to precipitation minus discharge for long-term averages. Firstly, ET products are compared with WB-inferred ET (ET<span classCombining double low line""inline-formula"">WB</span>) for basins that do not show long-term trends. The ET products and the calculated ET<span classCombining double low line""inline-formula"">WB</span> are then evaluated against the Budyko equation, which is used as a reference condition. The spatial characteristics of the ET products are finally assessed via the analysis of selected land cover elements across Africa: forests, irrigated areas and water bodies. Additionally, a cluster analysis is conducted to identify similarities between individual ET products. The results show that CMRSET, SSEBop and WaPOR rank highest in terms of the estimation of the long-term average mean ET across basins, with low biases and good spatial variability across Africa. GLEAM consistently ranks lowest in most evaluation criteria, although it has the longest available time period. Each product shows specific advantages and disadvantages. Depending on the study in question, at least one product should be suitable for a particular requirement. The reader should bear in mind that many products suffer from a large bias. Based on the evaluation criteria in this study, the three highest ranked products, CMRSET, SSEBop and WaPOR, would suit many users' needs due to the low biases and good spatial variability across Africa. © Author(s) 2020. This work is distributed under the Creative Commons Attribution 4.0 License.","","Africa; Agricultural robots; Cluster analysis; Evapotranspiration; Petroleum reservoir evaluation; Climate science; Direct measurement; Evaluation criteria; Reference condition; Spatial and temporal distribution; Spatial characteristics; Spatial variability; Systematic evaluation; cluster analysis; discharge; evapotranspiration; remote sensing; river basin; satellite data; surface water; temporal distribution; water budget; Remote sensing","I. Weerasinghe; Department of Hydrology and Hydraulic Engineering (HYDR), Vrije Universiteit Brussels, Brussels, Belgium; email: imeshi.nadishka.weerasinghe@vub.be","","Copernicus GmbH","10275606","","","","English","Hydrol. Earth Syst. Sci.","Article","Final","All Open Access; Gold Open Access; Green Open Access","Scopus","2-s2.0-85082885718"
"Parrone D.; Ghergo S.; Frollini E.; Rossi D.; Preziosi E.","Parrone, Daniele (55831558800); Ghergo, Stefano (55832963300); Frollini, Eleonora (56494708800); Rossi, David (7103169643); Preziosi, Elisabetta (21234188400)","55831558800; 55832963300; 56494708800; 7103169643; 21234188400","Arsenic-fluoride co-contamination in groundwater: Background and anomalies in a volcanic-sedimentary aquifer in central Italy","2020","Journal of Geochemical Exploration","217","","106590","","","58","10.1016/j.gexplo.2020.106590","https://www.scopus.com/pages/publications/85087492846?origin=resultslist","IRSA-CNR, Water Research Institute - National Research Council, Via Salaria km 29.300, PB 10, Monterotondo, 00015, Rome, Italy","Parrone D., IRSA-CNR, Water Research Institute - National Research Council, Via Salaria km 29.300, PB 10, Monterotondo, 00015, Rome, Italy; Ghergo S., IRSA-CNR, Water Research Institute - National Research Council, Via Salaria km 29.300, PB 10, Monterotondo, 00015, Rome, Italy; Frollini E., IRSA-CNR, Water Research Institute - National Research Council, Via Salaria km 29.300, PB 10, Monterotondo, 00015, Rome, Italy; Rossi D., IRSA-CNR, Water Research Institute - National Research Council, Via Salaria km 29.300, PB 10, Monterotondo, 00015, Rome, Italy; Preziosi E., IRSA-CNR, Water Research Institute - National Research Council, Via Salaria km 29.300, PB 10, Monterotondo, 00015, Rome, Italy","In a volcanic-sedimentary aquifer in central Italy, we investigate the co-existence of arsenic and fluoride in groundwater, aiming at identifying the most probable processes deductible at regional/groundwater body scale leading to the observed co-contamination in groundwater. Further, the areas at risk for human health where high concentrations can produce a significant risk to human health have been investigated. The study area is located in Latium (Central Italy) where silica-undersaturated alkali-potassic formations of Plio-Pleistocene age largely outcrop above marine and continental sand and clay deposits (Neogene) and continental alluvial deposits (Lower Pleistocene–Middle Pleistocene). Geochemical data from groundwater at 322 wells and 76 springs have been analyzed through statistical methods including clustering/PCA and geostatistical analysis. The results show exceedances of the drinking water standards for F (1.5 mg/L) and As (10.0 μg/L) in 29% and 55% of the sampled groundwater, respectively. Multivariate statistics suggest a widespread process of water-rock interaction with the K-alkaline volcanic formations releasing As, F, K, Si, V, Rb and PO4 to the groundwater. As and F show a good correlation (Pearson's r = 0.61, Spearman's rs = 0.59) and define a separate PCA component, confirming that their background in groundwater might be governed by a common process. Kriging interpolations have been used to study the spatial distribution of the two parameters, identifying areas with the highest concentrations and highest probability of exceeding the standards for human consumption. Moreover, by resampling the As-F data with the jackknife technique it was possible to identify the variations of their correlation index in the study area, due to specific As or F anomalies. While in the peripheral areas of the volcanic districts, dominated by sedimentary deposits, the As-F correlation index does not present important fluctuations, Indicator Kriging shows specific As or F correlation anomalies within the volcanic groundwater bodies and along the Tyrrhenian coastline. These anomalies seem to correspond to the zones with the highest thermal flux and/or are located near important structural lineaments. Fluoride correlation anomalies close to mining sites (fluorite) have also been observed. We hypothesize that, unlike the regional co-contamination, these local anomalies are related to the upwelling of geothermal fluids along fracture/fault systems that mix with cold groundwater, or to the interaction with mineral deposits particularly enriched of these elements. © 2020 The Authors","Cluster analysis; Contamination; Kriging; Q-Q plot; Water resources management","Italy; Lazio; Aquifers; Clay deposits; Fluorine compounds; Fluorspar; Groundwater resources; Health risks; Interpolation; Multivariant analysis; Potable water; Probability distributions; Sedimentology; Silica; Volcanoes; Drinking water standards; Geostatistical analysis; Kriging interpolation; Multivariate statistics; Risk to human health; Sedimentary deposits; Structural lineaments; Water rock interactions; alkaline rock; aquifer; arsenic; concentration (composition); enrichment; fluoride; groundwater pollution; Pliocene-Pleistocene boundary; pollution incidence; potassic rock; risk assessment; sedimentary rock; silica; spring water; volcanic rock; water-rock interaction; well water; Groundwater pollution","D. Parrone; IRSA-CNR, Water Research Institute - National Research Council, Monterotondo, Via Salaria km 29.300, PB 10, 00015, Italy; email: parrone@irsa.cnr.it","","Elsevier B.V.","03756742","","","","English","J. Geochem. Explor.","Article","Final","All Open Access; Green Open Access; Hybrid Gold Open Access","Scopus","2-s2.0-85087492846"
"Lu R.; Miskimins J.L.; Zhizhin M.","Lu, Rong (57218616617); Miskimins, Jennifer L. (6603454346); Zhizhin, Mikhail (57110203600)","57218616617; 6603454346; 57110203600","Learning from nighttime observations of gas flaring in north dakota for better decision and policy making","2021","Remote Sensing","13","5","941","1","28","4","10.3390/rs13050941","https://www.scopus.com/pages/publications/85102659113?origin=resultslist","Petroleum Engineering Department, Colorado School of Mines, Golden, 80401, CO, United States; Earth Observation Group, Payne Institute for Public Policy, Colorado School of Mines, Golden, 80401, CO, United States; Russian Space Research Institute, Moscow, 117997, Russian Federation","Lu R., Petroleum Engineering Department, Colorado School of Mines, Golden, 80401, CO, United States; Miskimins J.L., Petroleum Engineering Department, Colorado School of Mines, Golden, 80401, CO, United States; Zhizhin M., Earth Observation Group, Payne Institute for Public Policy, Colorado School of Mines, Golden, 80401, CO, United States, Russian Space Research Institute, Moscow, 117997, Russian Federation","In today’s oil industry, companies frequently flare the produced natural gas from oil wells. The flaring activities are extensive in some regions including North Dakota. Besides company-reported data, which are compiled by the North Dakota Industrial Commission, flaring statistics such as count and volume can be estimated via Visible Infrared Imaging Radiometer Suite nighttime observations. Following data gathering and preprocessing, Bayesian machine learning implemented with Markov chain Monte Carlo methods is performed to tackle two tasks: flaring time series analysis and distribution approximation. They help further understanding of the flaring profiles and reporting qualities, which are important for decision/policy making. First, although fraught with measurement and estimation errors, the time series provide insights into flaring approaches and characteristics. Gaussian processes are successful in inferring the latent flaring trends. Second, distribution approximation is achieved by unsupervised learning. The negative binomial and Gaussian mixture models are utilized to describe the distributions of field flare count and volume, respectively. Finally, a nearest-neighbor-based approach for company level flared volume allocation is developed. Potential discrepancies are spotted between the company reported and the remotely sensed flaring profiles. © 2021 by the authors. Licensee MDPI, Basel, Switzerland.","Bayesian machine learning; Decision and policy making; Distribution approximation; Gas flaring nighttime observations; Gaussian process; Nearest neighbor search","Markov chains; Monte Carlo methods; Natural gas wells; Natural gasoline plants; Thermography (imaging); Time series analysis; Estimation errors; Flaring activity; Gaussian Mixture Model; Gaussian Processes; Markov chain Monte Carlo method; Nearest neighbors; Negative binomial; Visible infrared imaging radiometer suites; Petroleum industry","R. Lu; Petroleum Engineering Department, Colorado School of Mines, Golden, 80401, United States; email: rlu@mines.edu","","MDPI AG","20724292","","","","English","Remote Sens.","Article","Final","All Open Access; Gold Open Access; Green Open Access","Scopus","2-s2.0-85102659113"
"Alquennah A.N.; Ferroudji H.; Rahman M.A.; Ghrayeb A.; Abu-Rub H.; Barooah A.","Alquennah, Alamera Nouran (57220873468); Ferroudji, Hicham (57209109693); Rahman, Mohammad Azizur (56018090700); Ghrayeb, Ali (6701671636); Abu-Rub, Haitham (24466485200); Barooah, Abinash (57219129139)","57220873468; 57209109693; 56018090700; 6701671636; 24466485200; 57219129139","Early Leak Recognition and Classification in Two-Phase Flow Systems Based on Machine Learning Using Dynamic Pressure Signals","2026","IEEE Open Journal of Instrumentation and Measurement","5","","2500314","","","0","10.1109/OJIM.2026.3706192","https://www.scopus.com/pages/publications/105043643903?origin=resultslist","Department of Electrical and Computer Engineering, Texas A&M University, College Station, 77843, TX, United States; Department of Electrical and Computer Engineering, Texas A&M University, Qatar, Doha, 23874, Qatar; Laboratory of Petroleum Equipment’s Reliability and Materials, Hydrocarbons and Chemistry Faculty, Boumerdes University, Boumerdes, 35000, Algeria; Department of Mechanical Engineering, College of Science and Engineering (CSE), Hamad Bin Khalifa University (HBKU), Doha, 5825, Qatar; Department of Electrical and Computer Engineering, College of Science and Engineering (CSE), Hamad Bin Khalifa University (HBKU), Doha, 5825, Qatar; Qatar Environment and Energy Research Institute, Hamad Bin Khalifa University, Doha, 5825, Qatar","Alquennah A.N., Department of Electrical and Computer Engineering, Texas A&M University, College Station, 77843, TX, United States, Department of Electrical and Computer Engineering, Texas A&M University, Qatar, Doha, 23874, Qatar; Ferroudji H., Laboratory of Petroleum Equipment’s Reliability and Materials, Hydrocarbons and Chemistry Faculty, Boumerdes University, Boumerdes, 35000, Algeria; Rahman M.A., Department of Mechanical Engineering, College of Science and Engineering (CSE), Hamad Bin Khalifa University (HBKU), Doha, 5825, Qatar; Ghrayeb A., Department of Electrical and Computer Engineering, College of Science and Engineering (CSE), Hamad Bin Khalifa University (HBKU), Doha, 5825, Qatar; Abu-Rub H., Department of Electrical and Computer Engineering, College of Science and Engineering (CSE), Hamad Bin Khalifa University (HBKU), Doha, 5825, Qatar, Qatar Environment and Energy Research Institute, Hamad Bin Khalifa University, Doha, 5825, Qatar; Barooah A., Department of Mechanical Engineering, College of Science and Engineering (CSE), Hamad Bin Khalifa University (HBKU), Doha, 5825, Qatar","Gas–liquid two-phase flows in oil and gas pipelines exhibit highly nonlinear, transient, and regime-dependent behavior, which poses substantial challenges for reliable monitoring and fault detection. Accurate leakage identification in such systems is critical for operational safety, environmental protection, and asset integrity; however, conventional physics-based and empirical methods often struggle under dynamic multiphase conditions. While machine learning (ML) techniques have demonstrated strong performance in flow regime identification and pattern recognition, their application to leakage detection in multiphase pipelines, particularly under offshore operating conditions, remains limited, with most existing studies focusing on single-phase systems. This article proposes a pressure-based artificial intelligence framework combined with a sliding-window feature extraction strategy for leakage detection and classification in gas–liquid two-phase pipelines. The methodology targets three operational scenarios: no leakage, single-point leakage, and multiple leakage points. Statistical features are extracted from windowed pressure measurements to capture transient flow behavior, and multiple data-driven classifiers are evaluated under both low-frequency experimental data and high-frequency numerical simulation data. The approach is designed to enhance robustness against flow regime fluctuations, reduce false alarms, and improve discrimination between leakage scenarios. The results demonstrate that cascaded ML models are well suited for low-frequency measurement systems, while neural network (NN) models exhibit high performance under high-frequency sampling, achieving online inference times of less than 1 s on a low-cost embedded platform. Overall, this study offers actionable guidance for the design and implementation of intelligent leakage monitoring systems, supporting early fault detection and improved integrity management in offshore oil and gas operations. © 2004-2012 IEEE.","False alarms; leak detection; machine learning (ML); multiphase flow","Alarm systems; Fault detection; Feature extraction; Learning systems; Neural networks; Offshore oil well production; Offshore oil wells; Offshore pipelines; Online systems; Pattern recognition systems; Pressure measurement; Two phase flow; Falsealarms; Faults detection; Flow systems; Leakage detection; Leaks detections; Machine-learning; Multiphases; On-machines; Performance; Two phases flow; Leak detection","A. Barooah; Department of Mechanical Engineering, College of Science and Engineering (CSE), Hamad Bin Khalifa University (HBKU), Doha, 5825, Qatar; email: abarooah@hbku.edu.qa","","Institute of Electrical and Electronics Engineers","27687236","","","","English","IEEE. Open. J. Instrum. Meas.","Article","Final","All Open Access; Gold Open Access","Scopus","2-s2.0-105043643903"
"Li A.; Zhang B.; Zhang L.; Zha H.; Wang X.; Li J.","Li, Ang (60083443800); Zhang, Baoyu (60372649700); Zhang, Liyan (55709114100); Zha, Hongkun (60372793800); Wang, Xinyue (60373082200); Li, Jie (60373082300)","60083443800; 60372649700; 55709114100; 60372793800; 60373082200; 60373082300","The application of the CNN-BiLSTM-TPA model based on deep learning in porosity prediction","2026","Journal of Geophysics and Engineering","23","1","","287","298","1","10.1093/jge/gxaf141","https://www.scopus.com/pages/publications/105029438281?origin=resultslist","School of Petroleum Engineering, China University of Petroleum (Beijing), Karamay Campus, Karamay, 834000, China","Li A., School of Petroleum Engineering, China University of Petroleum (Beijing), Karamay Campus, Karamay, 834000, China; Zhang B., School of Petroleum Engineering, China University of Petroleum (Beijing), Karamay Campus, Karamay, 834000, China; Zhang L., School of Petroleum Engineering, China University of Petroleum (Beijing), Karamay Campus, Karamay, 834000, China; Zha H., School of Petroleum Engineering, China University of Petroleum (Beijing), Karamay Campus, Karamay, 834000, China; Wang X., School of Petroleum Engineering, China University of Petroleum (Beijing), Karamay Campus, Karamay, 834000, China; Li J., School of Petroleum Engineering, China University of Petroleum (Beijing), Karamay Campus, Karamay, 834000, China","Porosity is a fundamental physical property in reservoir evaluation, and its prediction accuracy directly affects the scientific validity and reliability of reservoir characterization. However, traditional empirical methods often struggle to accurately capture the complex and nonlinear relationships among parameters, leading to significant prediction errors. In recent years, deep learning techniques have gained widespread application in geotechnical engineering, oil and gas exploration, and related fields due to their strong capabilities in modeling nonlinear dependencies. To improve the accuracy and generalization capability of porosity prediction, this study proposes a hybrid deep learning framework named convolutional neural network-bidirectional long short-term memory-temporal pattern attention (CNN-BiLSTM-TPA), which integrates multiple neural network architectures with a physical consistency constraint. The model combines the shallow spatial feature extraction capabilities of CNNs, the sequential dependency modeling strength of BiLSTM networks, and a multi-scale attention correction mechanism via the TPA module. This integrated design effectively addresses key challenges in geological modeling, such as nonlinearity, time lag, and localized periodicity. Empirical evaluations based on real logging data from the Zhujiangkou Basin in the South China Sea, as well as cross-regional validation using data from the Xinjiang Oilfield, demonstrate the proposed model’s superior performance in terms of prediction accuracy and robustness. These results highlight its strong engineering adaptability and broad application potential. © The Author(s) 2025. Published by Oxford University Press on behalf of the SINOPEC Geophysical Research Institute Co., Ltd.","CNN-BiLSTM-TPA; cross-regional generalization; deep learning; physical consistency constraint; porosity prediction","Pacific Ocean; South China Sea; Zhujiangkou Basin; artificial neural network; empirical analysis; machine learning; modeling; pattern recognition; porosity; prediction","B. Zhang; School of Petroleum Engineering, China University of Petroleum (Beijing), Karamay, Karamay Campus, 834000, China; email: zhangbaoyu.cupk@gmail.com","","Oxford University Press","17422132","","","","English","J. Geophys. Eng.","Article","Final","All Open Access; Gold Open Access","Scopus","2-s2.0-105029438281"
"Schroder I.F.; Caritat P.D.; Huston D.; Champion D.","Schroder, Ivan Frederick (56517832500); Caritat, Patrice de (57887029800); Huston, David (7103009967); Champion, David (7005516306)","56517832500; 57887029800; 7103009967; 7005516306","Multivariate compositional analysis of groundwater geochemistry in the Georgina Basin: New insights for sediment-hosted mineral systems","2025","Journal of Geochemical Exploration","278","","107857","","","3","10.1016/j.gexplo.2025.107857","https://www.scopus.com/pages/publications/105011400530?origin=resultslist","Geoscience Australia, GPO Box 378, Canberra, 2601, ACT, Australia; John de Laeter Centre, Curtin University, Bentley, 6102, WA, Australia; Research School of Earth Sciences, Australian National University, Acton, 2601, ACT, Australia; Granite Resources, PO Box 45, Gungahlin, 2913, ACT, Australia","Schroder I.F., Geoscience Australia, GPO Box 378, Canberra, 2601, ACT, Australia; Caritat P.D., Geoscience Australia, GPO Box 378, Canberra, 2601, ACT, Australia, John de Laeter Centre, Curtin University, Bentley, 6102, WA, Australia; Huston D., Geoscience Australia, GPO Box 378, Canberra, 2601, ACT, Australia, Research School of Earth Sciences, Australian National University, Acton, 2601, ACT, Australia; Champion D., Geoscience Australia, GPO Box 378, Canberra, 2601, ACT, Australia, Granite Resources, PO Box 45, Gungahlin, 2913, ACT, Australia","The Georgina Basin in northern Australia holds significant potential for strategic minerals, particularly zinc and phosphate, which are crucial for Australia's economy and transition to net-zero. This study applied multivariate statistical tools to groundwater geochemistry from the basin's regional Cambrian Limestone Aquifer to investigate the prospectivity of sediment-hosted phosphate and Zn–Pb mineral systems in the northern half of the Georgina Basin. Robust principal component analysis (rPCA) identified Mo and I− (as well as Rb and Al) as key elements associated with the variation of P in groundwater. K-means cluster analysis then mapped a subset of spatial clusters where these P relationships were evident. This investigation culminated in the creation of a new geochemical index (Phos#) for identifying hydrogeochemical anomalies likely sourced from phosphate mineralisation. Five areas were deemed most prospective using Phos#: three near Elliott, and one in each of the Central Georgina and Undilla Sub-basins. The hydrogeochemistry was also valuable in detecting regional sediment-hosted Zn–Pb mineralisation. Radiogenic Pb-isotope outliers (206Pb/204Pb of 22.00 to 24.00) in the Alexandria-Wonarah Basement High and Undilla Sub-basin (which were supported by elevated Pb or Zn in groundwater), were spatially correlated with observed sulfides at the surface or in drillholes and consistent with the radiogenic Pb-isotope signature of Georgina Basin's Joplin-type, Mississippi Valley Type Zn–Pb mineralisation. This regional in-depth assessment of the groundwater chemistry provides an efficient scale-reduction tool with clear targets for follow-up, and is supported by a discussion on how this multivariate, index-based approach can be translated to other sedimentary basins and/or mineralisation assemblages. © 2025","Georgina Basin; Groundwater chemistry; K-means clustering; Mineral exploration; Pb isotopes; Phosphate; Sediment-hosted","Australia; Georgina Basin; Analytical geochemistry; Cluster analysis; Economic geology; Exploratory geochemistry; Financial data processing; Groundwater geochemistry; Groundwater resources; Hydrochemistry; Isotopes; K-means clustering; Lead alloys; Lead compounds; Lime; Mineralogy; Multivariant analysis; Phosphate minerals; Principal component analysis; Sedimentology; Settling tanks; Statistical mechanics; Statistics; Structural geology; Compositional analysis; Georginum basin; Groundwater chemistry; K-means++ clustering; Mineral systems; Mineralisation; Pb isotopes; Radiogenics; Sediment-hosted; Subbasins; cluster analysis; geochemistry; groundwater; groundwater resource; multivariate analysis; phosphate; strategic approach; Mineral exploration","I.F. Schroder; Geoscience Australia, Canberra, GPO Box 378, 2601, Australia; email: ivan.schroder@ga.gov.au","","Elsevier B.V.","03756742","","","","English","J. Geochem. Explor.","Article","Final","All Open Access; Green Open Access; Hybrid Gold Open Access","Scopus","2-s2.0-105011400530"
"Chaikul S.; Phithakkitnukoon S.; Ratti C.","Chaikul, Sunsika (57208123242); Phithakkitnukoon, Santi (23398014000); Ratti, Carlo (35230766400)","57208123242; 23398014000; 35230766400","Xplaces: Segmenting Physical Space Through Wi-Fi Traces Using Eigendecomposition and X-Means","2022","IEEE Access","10","","","17377","17388","3","10.1109/ACCESS.2022.3150006","https://www.scopus.com/pages/publications/85124726180?origin=resultslist","Department of Computer Engineering, Faculty of Engineering, Chiang Mai University, Chiang Mai, Thailand; Excellence Center in Infrastructure Technology and Transportation Engineering (ExCITE), Chiang Mai University, Chiang Mai, 50200, Thailand; SENSEable City Laboratory, Massachusetts Institute of Technology, Cambridge, MA, United States","Chaikul S., Department of Computer Engineering, Faculty of Engineering, Chiang Mai University, Chiang Mai, Thailand; Phithakkitnukoon S., Department of Computer Engineering, Faculty of Engineering, Chiang Mai University, Chiang Mai, Thailand, Excellence Center in Infrastructure Technology and Transportation Engineering (ExCITE), Chiang Mai University, Chiang Mai, 50200, Thailand; Ratti C., SENSEable City Laboratory, Massachusetts Institute of Technology, Cambridge, MA, United States","This study makes use of Wi-Fi connectivity data to understand how physical spaces are utilized and how it can be segmented, from which the insight gained can facilitate spatial planning and design. To carry out this study, we used a Wi-Fi connectivity data collected from a university network of 291,124 devices from 2,980 access points located across three campuses. For space segmentation, we've defined three features that characterize space utilization: crowdedness, mobility, and connectivity entropy. We've developed a new method called Xplaces that employs PCA to reduce high dimensionality of the features, eigendecomposition to extract behavioral signatures of the access points, and X-means to cluster access points without predefined number of clusters. Silhouette value was used to measure how well clusters were formed for our evaluation. Our method outperforms the state-of-the-art model i.e., eigenplaces. Our further investigation on the impact of area usage temporality on space segmentation shows that the Xplaces performs better with specific features for different temporal observation windows. For example, Xplaces works well with the crowdedness feature for the weekend's space segmentation. A set of recommended features for different temporal windows is thus also part of our study's contributions in addition to the development of the Xplaces.  © 2013 IEEE.","opportunistic sensing; space segmentation; Urban informatics; Wi-Fi data analysis","Petroleum reservoir evaluation; Principal component analysis; Wireless local area networks (WLAN); Access points; Eigen decomposition; Features extraction; License; Opportunistic sensing; Principal-component analysis; Space segmentation; Urban Informatics; Wi-fi data analyse; Wireless fidelities; Wi-Fi","S. Phithakkitnukoon; Department of Computer Engineering, Faculty of Engineering, Chiang Mai University, Chiang Mai, Thailand; email: santi@eng.cmu.ac.th","","Institute of Electrical and Electronics Engineers Inc.","21693536","","","","English","IEEE Access","Article","Final","All Open Access; Gold Open Access; Green Open Access","Scopus","2-s2.0-85124726180"
"Koeshidayatullah A.; Al-Fakih A.; Kaka S.I.","Koeshidayatullah, Ardiansyah (56387553100); Al-Fakih, Abdulrahman (57928832500); Kaka, SanLinn Ismael (60377739500)","56387553100; 57928832500; 60377739500","Toward basin-agnostic well log imputation and anomaly detection via a pre-trained time-series foundation model","2026","Energy Geoscience","7","2","100536","","","7","10.1016/j.engeos.2026.100536","https://www.scopus.com/pages/publications/105029677261?origin=resultslist","Department of Geosciences, College of Petroleum Engineering and Geosciences, King Fahd University of Petroleum and Minerals, Dhahran, Saudi Arabia; Center for Integrative Petroleum Research, College of Petroleum Engineering and Geosciences, King Fahd University of Petroleum and Minerals, Dhahran, Saudi Arabia","Koeshidayatullah A., Department of Geosciences, College of Petroleum Engineering and Geosciences, King Fahd University of Petroleum and Minerals, Dhahran, Saudi Arabia, Center for Integrative Petroleum Research, College of Petroleum Engineering and Geosciences, King Fahd University of Petroleum and Minerals, Dhahran, Saudi Arabia; Al-Fakih A., Department of Geosciences, College of Petroleum Engineering and Geosciences, King Fahd University of Petroleum and Minerals, Dhahran, Saudi Arabia, Center for Integrative Petroleum Research, College of Petroleum Engineering and Geosciences, King Fahd University of Petroleum and Minerals, Dhahran, Saudi Arabia; Kaka S.I., Department of Geosciences, College of Petroleum Engineering and Geosciences, King Fahd University of Petroleum and Minerals, Dhahran, Saudi Arabia, Center for Integrative Petroleum Research, College of Petroleum Engineering and Geosciences, King Fahd University of Petroleum and Minerals, Dhahran, Saudi Arabia","Interpretation of subsurface storage characterization heavily depends on the quality and continuity of well log data. However, missing measurements and anomalous responses are common due to geological heterogeneity, tool limitations, and borehole conditions. Conventional machine learning and deep learning methods, such as Long Short-Term Memory (LSTM) and Convolutional Neural Networks (CNNs), have improved data recovery but remain constrained by the need for extensive retraining, labeled data, and basin-specific tuning. In this study, we present a novel application of a pre-trained time-series foundation model, TimeGPT, for well log imputation and anomaly detection that enables zero-shot inference across different basins and lithologies. This work represents one of the first applications of a generative pre-trained transformer GPT-based model to geoscientific time-series data, bridging recent advances in AI foundation modeling with subsurface analytics. We applied and fine-tuned TimeGPT using multi-log datasets (Gamma ray, Deep resistivity, Bulk density, Neutron porosity, and Sonic transit time) from the Groningen gas field in the Netherlands, and validated its performance against conventional machine learning and deep learning benchmarks. The proposed approach achieved a mean absolute error ( MAE ) between 0.02% and 0.32%, demonstrating a >10% improvement over conventional models and comparable accuracy to advanced architectures such as bidirectional LSTM and Transformers. Moreover, the model attained 93% anomaly detection accuracy using conformal prediction intervals, effectively distinguishing among geological heterogeneity, tool noise, and borehole-related anomalies. The time-series foundation models can generalize well across different geological settings without retraining, enabling basin-agnostic and data-efficient well log analysis. The integration of self-attention mechanisms and conformal uncertainty quantification provides robust, interpretable predictions for real-world reservoir characterization. This work highlights the transformative potential of generative AI in geosciences, advancing well log interpretation toward scalable, low-risk, and foundation-model-driven analytics for the next generation of subsurface intelligence. © 2026 Sinopec Petroleum Exploration and Protection Research Institute.","Foundation model; Geosciences; Reservoir; Time-series; Well log","Acoustic logging; Advanced Analytics; Anomaly detection; Boreholes; Convolutional neural networks; Digital storage; Forecasting; Gasoline; Learning systems; Lithology; Long short-term memory; Neutron logging; Oil well logging; Petroleum prospecting; Petroleum reservoir evaluation; Petroleum reservoirs; Time series analysis; Anomaly detection; Conventional machines; Foundation models; Geological heterogeneities; Geosciences; Machine-learning; Short term memory; Times series; Well log data; Well logs; benchmarking; detection method; heterogeneity; hydrocarbon reservoir; time series analysis; well logging; Time series","A. Koeshidayatullah; Department of Geosciences, College of Petroleum Engineering and Geosciences, King Fahd University of Petroleum and Minerals, Dhahran, Saudi Arabia; email: a.koeshidayatullah@kfupm.edu.sa","","KeAi Communications Co.","26667592","","","","English","Energy Geosci.","Article","Final","All Open Access; Gold Open Access; Green Open Access","Scopus","2-s2.0-105029677261"
"Zhou Y.; Li X.; Asrar G.R.; Smith S.J.; Imhoff M.","Zhou, Yuyu (7405365321); Li, Xuecao (56038261200); Asrar, Ghassem R. (7004563395); Smith, Steven J. (57193073844); Imhoff, Marc (7006023656)","7405365321; 56038261200; 7004563395; 57193073844; 7006023656","A global record of annual urban dynamics (1992–2013) from nighttime lights","2018","Remote Sensing of Environment","219","","","206","220","266","10.1016/j.rse.2018.10.015","https://www.scopus.com/pages/publications/85054804942?origin=resultslist","Department of Geological and Atmospheric Sciences, Iowa State University, Ames, 50011, IA, United States; Pacific Northwest National Laboratory, Joint Global Change Research Institute, College Park, 20740, MD, United States; Earth System Science Interdisciplinary Center, University of Maryland, College Park, 20740, MD, United States","Zhou Y., Department of Geological and Atmospheric Sciences, Iowa State University, Ames, 50011, IA, United States; Li X., Department of Geological and Atmospheric Sciences, Iowa State University, Ames, 50011, IA, United States; Asrar G.R., Pacific Northwest National Laboratory, Joint Global Change Research Institute, College Park, 20740, MD, United States; Smith S.J., Pacific Northwest National Laboratory, Joint Global Change Research Institute, College Park, 20740, MD, United States; Imhoff M., Earth System Science Interdisciplinary Center, University of Maryland, College Park, 20740, MD, United States","The nighttime light (NTL) observations from Defense Meteorological Satellite Program/Operational Linescane System (DMSP/OLS) offer great potentials to study urban dynamics from regional to global scales, for more than two decades. In this paper, we presented a new approach to develop spatially and temporally consistent global urban maps from 1992 to 2013, using the DMSP/OLS NTL observations. First, potential urban clusters were delineated using the NTL data and a segmentation method. Then, a quantile-based approach was used to remove rural and suburban areas sequentially in the potential urban clusters. Finally, the derived series of urban extents in the entire study period (1992–2013) were improved for temporal consistency. We found the percentage of global urban areas relative to the world's land surface area increased from 0.23% in 1992 to 0.53% in 2013. Asia is the continent with the most significant urban growth, worldwide. The time series of global urban maps were evaluated for the spatial agreement and temporal consistency using a variety of widely used independent land-cover products. This evaluation indicates that the proposed approach is robust and performs well in deriving global urban dynamics across different spatial scales, i.e., cluster, province (or state), country, and region. Moreover, this quantile-based approach is advantageous, compared with other methods used in previous studies, because it does not require additional data for enhancement or calibration. The new time series of urban maps from this study offer a new dataset for studying global urbanization during the past decades and unique information to explore potential future trajectories of urban development, which appears to be distinct for different nations/regions, globally. Such information is pre-requisite for achieving the sustainable development goals, and associated targets, during ensuing decades. © 2018 Elsevier Inc.","Global urban dynamics; Nighttime lights; Quantile based approach; Segmentation; Threshold; Urban cluster","Asia; Image segmentation; Petroleum reservoir evaluation; Time series; Night-time lights; Quantile based approach; Threshold; Urban cluster; Urban dynamics; cluster analysis; data set; global perspective; land cover; land surface; rural area; segmentation; spatiotemporal analysis; suburban area; surface area; sustainable development; threshold; urban development; urbanization; Urban growth","Y. Zhou; Department of Geological and Atmospheric Sciences, Iowa State University, Ames, 50011, United States; email: yuyuzhou@iastate.edu","","Elsevier Inc.","00344257","","RSEEA","","English","Remote Sens. Environ.","Article","Final","All Open Access; Bronze Open Access","Scopus","2-s2.0-85054804942"
"Teal R.M.; Costa J.F.; Mojtabai N.","Teal, Rita M (60213071400); Costa, João Felipe (35612130700); Mojtabai, Navid (6506010322)","60213071400; 35612130700; 6506010322","Multivariate Simulation in Non-Stationary Domains: A Framework for Accurate Data Reproduction","2025","Minerals","15","11","1145","","","1","10.3390/min15111145","https://www.scopus.com/pages/publications/105023054027?origin=resultslist","Department of Mineral Engineering, New Mexico Tech, Socorro, 87801, NM, United States; Departamento De Engenharia De Minas, Universidade Federal Do Rio Grande Do Sul, Porto Alegre, 91501-970, Brazil","Teal R.M., Department of Mineral Engineering, New Mexico Tech, Socorro, 87801, NM, United States; Costa J.F., Departamento De Engenharia De Minas, Universidade Federal Do Rio Grande Do Sul, Porto Alegre, 91501-970, Brazil; Mojtabai N., Department of Mineral Engineering, New Mexico Tech, Socorro, 87801, NM, United States","Accurate multivariate Gaussian simulation is critical for resource assessment and mine planning, especially in polymetallic deposits where strong trends, data bias, and multivariate outliers introduce complexity. In this scenario, standard workflows applied to non-stationary domains may result in undesirable data statistics reproduction, especially the multivariate relationships between variables. This study proposes an enhanced simulation framework that integrates data standardization, multivariate outlier detection, trend modeling and removal, and a dual application of the Projection Pursuit Multivariate Transform (PPMT). The approach is demonstrated within a high-grade mineralized breccia domain of the Peñasquito deposit, utilizing data from diamond core and reverse circulation (RC) drill holes, including Au, Ag, Pb, and Zn. Bias in RC data was corrected using data standardization, and multivariate outliers were identified through the application of a robust Mahalanobis distance. Trend modeling was performed using a moving window average and was removed using the Gaussian Mixture Model and Stepwise Conditional Transform. PPMT was applied both before and after trend modeling in order to improve decorrelation and simulation performance. Results show improved data reproduction through histograms, variograms, and complex relationships, as well as correlation coefficients. Cross-validation confirms reduced bias and improved accuracy. This research highlights the importance of treating multivariate outliers and applying PPMT both before and after trend modeling. The study demonstrates that applying PPMT twice is more effective for managing persistent non-stationary features, especially in high-grade domains. © 2025 by the authors.","Mahalanobis distance; multivariate gaussian simulation; multivariate outliers; non-stationary domains; Projection Pursuit Multivariate Transform (PPMT); trend modeling","breccia; computer simulation; mineral deposit; multivariate analysis; outlier; resource assessment; standard (regulation); standardization","R.M. Teal; Department of Mineral Engineering, New Mexico Tech, Socorro, 87801, United States; email: rita.teal@tealcpg-inc.com","","Multidisciplinary Digital Publishing Institute (MDPI)","2075163X","","","","English","Minerals","Article","Final","All Open Access; Gold Open Access","Scopus","2-s2.0-105023054027"
"Li X.; Liao Z.; Yuan C.","Li, Xiangyu (55969130300); Liao, Zhupei (59768032400); Yuan, Chunhua (55585334300)","55969130300; 59768032400; 55585334300","Anomaly detection with domain specific shapelet learning for sucker rod pump system","2025","Scientific Reports","15","1","26157","","","0","10.1038/s41598-025-11945-4","https://www.scopus.com/pages/publications/105010874690?origin=resultslist","School of Automation and Electrical Engineering, Shenyang Ligong University, Shenyang, 110159, China","Li X., School of Automation and Electrical Engineering, Shenyang Ligong University, Shenyang, 110159, China; Liao Z., School of Automation and Electrical Engineering, Shenyang Ligong University, Shenyang, 110159, China; Yuan C., School of Automation and Electrical Engineering, Shenyang Ligong University, Shenyang, 110159, China","Ensuring the reliable operation of Sucker Rod Pump Systems (SRPS) is of paramount importance in the petroleum industry, demanding effective methods for the early detection of slow-developing secondary faults. The conventional methodology focuses on multi-fault classification and feature extraction based on the mechanistic model, which highly depends on the labelled dateset and sufficient mechanistic information. This paper proposes an unsupervised end-to-end learning algorithm designed for SRPS anomaly detection, denoted Anomaly Detection with Domain-specific Shapelet Learning algorithm (AD-DSL). The AD-DSL utilizes a mechanistic information matrix and introduces a sparsity-promoting objective function, enabling Shapelet-based features to learn from motor power time-series data interpretably. With a dynamic threshold and defined anomaly scores, AD-DSL monitors the variation trend of the SRPS for anomaly detection. The proposed method provides early warnings of potential issues for decision-makers. The robustness and effectiveness of the proposed method are demonstrated through quantitative comparison with baseline methods, where AD-DSL outperforms in accuracy and delivers competitive F1 scores. © The Author(s) 2025.","","article; controlled study; diagnosis; electric potential; feature extraction; learning; learning algorithm; major clinical study; outlier detection; petrochemical industry; time series analysis","C. Yuan; School of Automation and Electrical Engineering, Shenyang Ligong University, Shenyang, 110159, China; email: yuanch@sylu.edu.cn","","Nature Research","20452322","","","40681600","English","Sci. Rep.","Article","Final","All Open Access; Gold Open Access; Green Open Access","Scopus","2-s2.0-105010874690"
"Lawal A.; Yang Y.; He H.; Baisa N.L.","Lawal, Ahmad (58868208100); Yang, Yingjie (7409384730); He, Hongmei (55214926700); Baisa, Nathanael L. (57202300278)","58868208100; 7409384730; 55214926700; 57202300278","Machine Learning in Oil and Gas Exploration: A Review","2024","IEEE Access","12","","","19035","19058","99","10.1109/ACCESS.2023.3349216","https://www.scopus.com/pages/publications/85184327651?origin=resultslist","De Montfort University, School of Computer Science and Informatics, Leicester, E1 9BH, United Kingdom; University of Salford, School of Science, Engineering and Environment, Manchester, M5 4WT, United Kingdom","Lawal A., De Montfort University, School of Computer Science and Informatics, Leicester, E1 9BH, United Kingdom; Yang Y., De Montfort University, School of Computer Science and Informatics, Leicester, E1 9BH, United Kingdom; He H., University of Salford, School of Science, Engineering and Environment, Manchester, M5 4WT, United Kingdom; Baisa N.L., De Montfort University, School of Computer Science and Informatics, Leicester, E1 9BH, United Kingdom","A comprehensive assessment of machine learning applications is conducted to identify the developing trends for Artificial Intelligence (AI) applications in the oil and gas sector, specifically focusing on geological and geophysical exploration and reservoir characterization. Critical areas, such as seismic data processing, facies and lithofacies classification, and the prediction of essential petrophysical properties (e.g., porosity, permeability, and water saturation), are explored. Despite the vital role of these properties in resource assessment, accurate prediction remains challenging. This paper offers a detailed overview of machine learning's involvement in seismic data processing, facies classification, and reservoir property prediction. It highlights its potential to address various oil and gas exploration challenges, including predictive modelling, classification, and clustering tasks. Furthermore, the review identifies unique barriers hindering the widespread application of machine learning in the exploration, including uncertainties in subsurface parameters, scale discrepancies, and handling temporal and spatial data complexity. It proposes potential solutions, identifies practices contributing to achieving optimal accuracy, and outlines future research directions, providing a nuanced understanding of the field's dynamics. Adopting machine learning and robust data management methods is crucial for enhancing operational efficiency in an era marked by extensive data generation. While acknowledging the inherent limitations of these approaches, they surpass the constraints of traditional empirical and analytical methods, establishing themselves as versatile tools for addressing industrial challenges. This comprehensive review serves as an invaluable resource for researchers venturing into less-charted territories in this evolving field, offering valuable insights and guidance for future research. © 2013 IEEE.","facies and lithofacies classification; machine learning; Oil and gas exploration; petrophysical properties prediction; seismic data processing","Artificial intelligence; Data handling; Forecasting; Gas industry; Geological surveys; Geology; Geophysical prospecting; Information management; Learning systems; Petroleum prospecting; Petroleum reservoir engineering; Seismic response; Seismic waves; Three dimensional computer graphics; Three dimensional displays; Facies and lithofacies classification; Lithofacies classifications; Machine-learning; Objects recognition; Oil; Oil and gas exploration; Petrophysical properties; Petrophysical property prediction; Property predictions; Seismic data processing; Three-dimensional display; Object recognition","A. Lawal; De Montfort University, School of Computer Science and Informatics, Leicester, E1 9BH, United Kingdom; email: ahmad.lawal@dmu.ac.uk","","Institute of Electrical and Electronics Engineers Inc.","21693536","","","","English","IEEE Access","Article","Final","All Open Access; Gold Open Access; Green Open Access","Scopus","2-s2.0-85184327651"
"Dorleku M.K.; Nukpezah D.; Carboo D.","Dorleku, M.K. (56056166100); Nukpezah, D. (56201278800); Carboo, D. (7801376469)","56056166100; 56201278800; 7801376469","Effects of small-scale gold mining on heavy metal levels in groundwater in the Lower Pra Basin of Ghana","2018","Applied Water Science","8","5","126","","","40","10.1007/s13201-018-0773-z","https://www.scopus.com/pages/publications/85060993413?origin=resultslist","CSIR Water Research Institute, P.O Box AH38, Achimota, Accra, Ghana; Institute of Environment Studies and Sanitation, University of Ghana, Legon, Accra, Ghana; Department of Chemistry, University of Ghana, P.O Box LG 56, Legon, Accra, Ghana","Dorleku M.K., CSIR Water Research Institute, P.O Box AH38, Achimota, Accra, Ghana; Nukpezah D., Institute of Environment Studies and Sanitation, University of Ghana, Legon, Accra, Ghana; Carboo D., Department of Chemistry, University of Ghana, P.O Box LG 56, Legon, Accra, Ghana","The effects of small-scale gold mining activities on heavy metal levels in groundwater were determined for the Lower Pra Basin of Ghana. Sixty five boreholes in 45 communities were analysed between January 2012 and April 2012 for the dry season and June and October 2012 for the wet season. The test for significance and the use of cluster analysis, a multivariate approach, clearly delineate Cu, Zn, Cd and Hg as possible anthropogenic contributors, whilst As, Se and Pb could be both anthropogenic and natural geochemical process contributors of metal level concentrations in the groundwater. The analysis shows generally low pH values in the basin with more than 95% of dry season and almost all wet season values being acidic or slightly acidic. Approximately 35% of boreholes in the wet season recorded values for cadmium above WHO guideline value of 3.0 µg/l with almost all dry season values falling below 3.0 µg/l except for two boreholes. Generally, high values were recorded for iron, manganese, lead, Al and Hg. In general, lead, copper, cadmium and manganese showed higher wet season values than dry season suggesting anthropogenic influence. © 2018, The Author(s).","Amalgamation; Anthropogenic; Artisanal; Cluster; Geochemical","Ghana; Pra Basin; Boreholes; Cadmium; Cluster analysis; Drought; Economic geology; Hydrochemistry; Manganese; Metal analysis; Amalgamation; Anthropogenics; Artisanal; Cluster; Dry seasons; Geochemicals; Gold mining; Heavy metal levels; Small scale; Wet season; anthropogenic source; artisanal mining; cluster analysis; concentration (composition); geochemical method; groundwater; heavy metal; small scale mining; Groundwater","M.K. Dorleku; CSIR Water Research Institute, Achimota, Accra, P.O Box AH38, Ghana; email: mdorleku@hotmail.com","","Springer Verlag","21905487","","","","English","Appl. Water Sci.","Article","Final","All Open Access; Gold Open Access; Green Open Access","Scopus","2-s2.0-85060993413"
"Mohammed A.S.; Anthi E.; Rana O.; Burnap P.; Hood A.","Mohammed, Abubakar Sadiq (57486179800); Anthi, Eirini (57197719506); Rana, Omer (7003659610); Burnap, Pete (8945612500); Hood, Andrew (58680348100)","57486179800; 57197719506; 7003659610; 8945612500; 58680348100","STADe: An unsupervised time-windows method of detecting anomalies in oil and gas Industrial Cyber-Physical Systems (ICPS) networks","2025","International Journal of Critical Infrastructure Protection","49","","100762","","","2","10.1016/j.ijcip.2025.100762","https://www.scopus.com/pages/publications/105003876824?origin=resultslist","School of Computer Science, Cardiff University, United Kingdom","Mohammed A.S., School of Computer Science, Cardiff University, United Kingdom; Anthi E., School of Computer Science, Cardiff University, United Kingdom; Rana O., School of Computer Science, Cardiff University, United Kingdom; Burnap P., School of Computer Science, Cardiff University, United Kingdom; Hood A., School of Computer Science, Cardiff University, United Kingdom","Critical infrastructure and Operational Technology (OT) are becoming more exposed to cyber attacks due to the integration of OT networks to enterprise networks especially in the case of Industrial Cyber-Physical Systems (ICPS). These technologies that are a huge part of our daily lives usually operate by having sensors and actuators constantly communicating through an industrial network. To secure these industrial networks from cyber attacks, researchers have utilised misuse detection and Anomaly Detection (AD) techniques to detect potential attacks. Misuse detection methods are unable to detect zero-day attacks while AD methods can, but with high false positive rates and high computational overheads. In this paper, we present STADe, a novel Sliding Time-window Anomaly Detection method that uses a sole feature of network packet inter-arrival times to detect anomalous network communications. This work aims to explore a mechanism for detecting breaks in periodicity to flag anomalies. The method was validated using data from a real oil and gas wellhead monitoring testbed containing field flooding, SYN flooding, and Man-in-the-Middle (MITM) attacks — which are attacks that are popularly used to target the availability and integrity of oil and gas critical infrastructure. The results from STADe proved to be effective in detecting these attacks with zero false positives and F1 scores of 0.97, 0.923, and 0.8 respectively. Further experiments carried out to compare STADe with other unsupervised machine learning algorithms – KNN, isolation forest, and Local Outlier Factor (LOF) – resulted in F1 scores of 0.55, 0.673, and 0.408 respectively. STADe outperformed them with an F1 score of 0.933 using the same dataset. © 2025 The Authors","Anomaly detection; Cyber-physical systems; Cybersecurity; Operational technology; Time windows","Critical infrastructures; Cyber attacks; Gas industry; Anomaly detection; Cybe-physical systems; Cyber security; Cyber-attacks; Cyber-physical systems; F1 scores; Industrial networks; Oil and gas; Operational technologies; Time windows; Zero-day attack","A.S. Mohammed; School of Computer Science, Cardiff University, United Kingdom; email: mohammedas@cardiff.ac.uk","","Elsevier B.V.","18745482","","","","English","Int. J. Crit. Infrastruct. Prot.","Article","Final","All Open Access; Green Open Access; Hybrid Gold Open Access","Scopus","2-s2.0-105003876824"
"Abrasaldo P.M.B.; Zarrouk S.J.; Kempa-Liehr A.W.","Abrasaldo, Paul Michael B. (57843895400); Zarrouk, Sadiq J. (13409859600); Kempa-Liehr, Andreas W. (57194104509)","57843895400; 13409859600; 57194104509","Feature-based time series clustering for efficient labelling of geothermal data","2026","Geothermics","138","","103656","","","0","10.1016/j.geothermics.2026.103656","https://www.scopus.com/pages/publications/105035609661?origin=resultslist","Department of Engineering Science and Biomedical Engineering, The University of Auckland, Private Bag, Auckland, 92019, New Zealand; Contact Energy Ltd., Wairakei Power Station, Taupo, New Zealand","Abrasaldo P.M.B., Department of Engineering Science and Biomedical Engineering, The University of Auckland, Private Bag, Auckland, 92019, New Zealand, Contact Energy Ltd., Wairakei Power Station, Taupo, New Zealand; Zarrouk S.J., Department of Engineering Science and Biomedical Engineering, The University of Auckland, Private Bag, Auckland, 92019, New Zealand; Kempa-Liehr A.W., Department of Engineering Science and Biomedical Engineering, The University of Auckland, Private Bag, Auckland, 92019, New Zealand","Geothermal energy is rapidly emerging as a pivotal component of the global energy landscape, driven by technological advancements, policy support, and the need for sustainable, reliable power sources. There has been global interest in transforming the geothermal industry by applying Artificial Intelligence and Machine Learning methods across the value chain to optimise operations and improve efficiencies. However, a lack of annotations and labels has limited machine learning and artificial intelligence applications in the geothermal industry despite the volumes of data generated in facilities worldwide. In this study, an analytics framework is developed leveraging advances in feature-based time-series analytics to automate label generation for geothermal time-series data. The framework was applied to annotate the history of geothermal heat exchangers in the Wairakei binary power plant in New Zealand. For this application, temperature difference and flow resistance time-series data were computed from available sensor data. From these time series, thirteen (13) time series features were chosen out of 1588 candidates via self-supervised feature selection. The time-series features were used as input to nine (9) different clustering algorithms. Pareto-optimal hyperparameters were computed with respect to the Silhouette coefficient (SIL), the Calinski-Harabasz Index (CHI), and the inverse Davies-Bouldin Index (iDBI). The best performing algorithms achieved a SIL of 0.66 (MeanShift), a CHI of 1647 (k-Means), and an iDBI of 2.48 (Gaussian Mixtures), corresponding to a DBI of 0.40. The resulting optimised clustering models identified data groups representing periods before and after a cleaning activity on the heat exchangers. The ability to automatically annotate the performance history of such vital components in the geothermal energy production opens up new avenues for machine learning and artificial intelligence applications within the industry. © 2026 The Authors. Published by Elsevier Ltd. This is an open access article under the CC BY license. http://creativecommons.org/licenses/by/4.0/","Clustering; Feature engineering; Geothermal; Heat exchangers; Time-series analytics; Unsupervised learning","New Zealand; Binary mixtures; Geothermal fields; Geothermal heating; K-means clustering; Learning systems; Machine components; Metadata; Pareto principle; Self-supervised learning; Smart power grids; Time series; Unsupervised learning; Clusterings; Feature engineerings; Feature-based; Geothermal; Geothermal industry; Machine-learning; Time series features; Time-series analytic; Time-series data; Times series; analytical framework; cluster analysis; geothermal energy; geothermal engineering; geothermal system; machine learning; time series analysis; Heat exchangers","A.W. Kempa-Liehr; Department of Engineering Science and Biomedical Engineering, The University of Auckland, Private Bag, Auckland, 92019, New Zealand; email: a.kempa-liehr@auckland.ac.nz","","Elsevier Ltd","03756505","","GTMCA","","English","Geothermics","Article","Final","All Open Access; Green Open Access; Hybrid Gold Open Access","Scopus","2-s2.0-105035609661"
"Alotaibi M.; Abdullah Alohali M.; Mahmood K.; Alhashmi A.A.; Saad Alqurni J.; Refa Alotaibi S.; Alzahrani A.A.; Issaoui I.","Alotaibi, Moneerah (59311108700); Abdullah Alohali, Manal (58134755300); Mahmood, Khalid (58584573000); Alhashmi, Asma A. (57222024708); Saad Alqurni, Jehad (57202452992); Refa Alotaibi, Sultan (59521984700); Alzahrani, Ahmad A. (58602442900); Issaoui, Imene (57505036500)","59311108700; 58134755300; 58584573000; 57222024708; 57202452992; 59521984700; 58602442900; 57505036500","Integrating Two-Tier Optimization Algorithm With Convolutional Bi-LSTM Model for Robust Anomaly Detection in Autonomous Vehicles","2025","IEEE Access","13","","","6820","6833","8","10.1109/ACCESS.2024.3523539","https://www.scopus.com/pages/publications/85214115995?origin=resultslist","Shaqra University, College of Science and Humanities Dawadmi, Department of Computer Science, Shaqra, 11961, Saudi Arabia; Princess Nourah bint Abdulrahman University, College of Computer and Information Sciences, Department of Information Systems, P.O. Box 84428, Riyadh, 11671, Saudi Arabia; King Khalid University, Applied College at Mahayil, Department of Information Systems, Abha, 61421, Saudi Arabia; Northern Border University, College of Science, Department of Computer Science, Arar, 91431, Saudi Arabia; Imam Abdulrahman Bin Faisal University, College of Education, Department of Educational Technologies, Dammam, 31441, Saudi Arabia; Saudi Electronic University, College of Computing and Informatics, Department of Computer Science, Riyadh, 11673, Saudi Arabia; Umm Al-Qura University, College of Computing, Department of Computer Science and Artificial Intelligence, Makkah, 21955, Saudi Arabia; Qassim University, Unit of Scientific Research, Applied College, Buraydah, 51452, Saudi Arabia","Alotaibi M., Shaqra University, College of Science and Humanities Dawadmi, Department of Computer Science, Shaqra, 11961, Saudi Arabia; Abdullah Alohali M., Princess Nourah bint Abdulrahman University, College of Computer and Information Sciences, Department of Information Systems, P.O. Box 84428, Riyadh, 11671, Saudi Arabia; Mahmood K., King Khalid University, Applied College at Mahayil, Department of Information Systems, Abha, 61421, Saudi Arabia; Alhashmi A.A., Northern Border University, College of Science, Department of Computer Science, Arar, 91431, Saudi Arabia; Saad Alqurni J., Imam Abdulrahman Bin Faisal University, College of Education, Department of Educational Technologies, Dammam, 31441, Saudi Arabia; Refa Alotaibi S., Saudi Electronic University, College of Computing and Informatics, Department of Computer Science, Riyadh, 11673, Saudi Arabia; Alzahrani A.A., Umm Al-Qura University, College of Computing, Department of Computer Science and Artificial Intelligence, Makkah, 21955, Saudi Arabia; Issaoui I., Qassim University, Unit of Scientific Research, Applied College, Buraydah, 51452, Saudi Arabia","Industrial development has changed vehicles of traditional into autonomous vehicles (AVs). AVs play a significant role since they are measured as a vital module of smart cities. The AV is an advanced automobile efficient in preserving secure driving by evading collisions formed by drivers. In contrast with traditional vehicles, which are fully coordinated and functioned by humans, AVs gather information regarding the exterior environment utilizing sensors to guarantee secure navigation. AVs decrease environmental effects since they regularly employ electricity to function rather than fossil fuel, thus diminishing greenhouse gasses. However, AVs might be exposed to cyber-attacks, causing dangers to human life. Machine learning (ML) and deep learning (DL) based anomaly recognition has progressed as a new study track in autonomous driving. ML and DL-based anomaly detection scholars have focused on improving accuracy as a typical classification task without aiming at mischievous information. This article develops an improved whale optimization algorithm-based feature selection using explainable artificial intelligence for robust anomaly detection (IWOAFS-XAIAD) technique in autonomous driving. The major aim of the IWOAFS-XAIAD technique is an endwise XAI structure to construe and imagine the anomaly recognition classifications prepared by AI models securing autonomous driving systems. Initially, the IWOAFS-XAIAD technique utilizes the Z-score data normalization method to convert input data into a compatible layout. Besides, the IWOAFS-XAIAD technique employs an improved whale optimization algorithm (IWOA)-based feature subset selection to pick an optimum set of features. An attention mechanism with the CNN-BiLSTM (CNN-BiLSTM-A) model is employed for anomaly detection and classification. Moreover, the catch-fish optimization algorithm (CFOA) selects the hyperparameters connected to the CNN-BiLSTM-A model. Finally, utilizing the SHAP XAI method, the IWOAFS-XAIAD technique performs local and global descriptions for the black-box AI model. To demonstrate the optimum classification outcome of the IWOAFS-XAIAD technique, a wide range of experiments is performed on a VeReMi dataset. The experimental validation of the IWOAFS-XAIAD technique portrayed a superior accuracy value of 98.52% over the existing methods. © 2013 IEEE.","anomaly detection; autonomous vehicles; catch fish optimization; Explainable artificial intelligence; improved whale optimization algorithm","Adaptive boosting; Air cushion vehicles; Anomaly detection; Anthracite; Antiknock compounds; Cluster analysis; Coal preparation; Dimensionality reduction; Dynamic programming; Electrodialysis; Feature Selection; Genetic algorithms; Goal programming; Integer programming; Light trailers; Lignite; Magnetic levitation vehicles; Nonlinear programming; Oil fields; Oil sands; Orbital laboratories; Orbital transfer; Petroleum reservoirs; Sailing vessels; Satellites; Skidding; Template matching; Unmanned surface vehicles; Anomaly detection; Autonomous driving; Autonomous Vehicles; Catch fish optimization; Explainable artificial intelligence; Features selection; Improved whale optimization algorithm; Machine-learning; Optimisations; Optimization algorithms; Deep learning","A.A. Alhashmi; Northern Border University, College of Science, Department of Computer Science, Arar, 91431, Saudi Arabia; email: Asma.alhashmi@nbu.edu.sa","","Institute of Electrical and Electronics Engineers Inc.","21693536","","","","English","IEEE Access","Article","Final","All Open Access; Gold Open Access; Green Open Access","Scopus","2-s2.0-85214115995"
"Moeini H.; Torab F.M.","Moeini, Hamid (57194414087); Torab, Farhad Mohammad (15770074900)","57194414087; 15770074900","Comparing compositional multivariate outliers with autoencoder networks in anomaly detection at Hamich exploration area, east of Iran","2017","Journal of Geochemical Exploration","180","","","15","23","51","10.1016/j.gexplo.2017.05.008","https://www.scopus.com/pages/publications/85019968410?origin=resultslist","Department of Mining and Metallurgical Engineering, Yazd University, Yazd, Iran","Moeini H., Department of Mining and Metallurgical Engineering, Yazd University, Yazd, Iran; Torab F.M., Department of Mining and Metallurgical Engineering, Yazd University, Yazd, Iran","Newly presented machine learning methods based on Deep Belief Networks like autoencoders have opened a new window on anomaly identification in different fields of the science. They reconstruct the normal probability distribution pattern of the input data using stacks of Continuous Restricted Boltzmann Machines (CRBM) and thus determining the outliers. Therefore using this machine on geochemical samples taken in regional exploration scale, might be an acceptable way to delineate the multivariate anomalies and propose the next targets for detailed exploration. On the other hand, due to compositional nature of geochemical data, compositional data analysis (CoDa) has been developed to identify multivariate outliers or anomalies in recent years. A comparison between both methods has been made applying them on lithogeochemical samples of Hamich area in Southern Khorasan, East of Iran. The area was explored in details some years ago and veinlets of galena-sphalerite-pyrite at depth, based on the outcrops of Cu-Pb, were verified by additional core drillings. We used its final report to validate the results of both methods. They showed that the two completely different methods could get the same acceptable targets. However the CoDa approach needs less parameters and shows which elements are responsible for the anomalies. © 2017 Elsevier B.V.","Autoencoder; Compositional data; CRBM; Hamich; Lithogeochemical exploration","Iran; Khorasan; Geochemistry; Probability distributions; Statistics; Zinc sulfide; Auto encoders; Compositional data; Compositional data analysis; CRBM; Hamich; Machine learning methods; Normal probability distributions; Restricted boltzmann machine; copper; galena; geochemistry; lead; machine learning; mineral exploration; outcrop; pyrite; sphalerite; Learning systems","F.M. Torab; Department of Mining and Metallurgical Engineering, Yazd University, Yazd, Iran; email: fmtorab@yazd.ac.ir","","Elsevier B.V.","03756742","","","","English","J. Geochem. Explor.","Article","Final","All Open Access; Hybrid Gold Open Access","Scopus","2-s2.0-85019968410"
"Scalabrini A.; Musacchio M.; Silvestri M.; Rabuffi F.; Buongiorno M.F.; Salvini F.","Scalabrini, Alessia (59144268700); Musacchio, Massimo (23976814400); Silvestri, Malvina (23977355600); Rabuffi, Federico (57205596068); Buongiorno, Maria Fabrizia (6602158404); Salvini, Francesco (7003750464)","59144268700; 23976814400; 23977355600; 57205596068; 6602158404; 7003750464","Satellite Time-Series Analysis for Thermal Anomaly Detection in the Naples Urban Area, Italy","2024","Atmosphere","15","5","523","","","2","10.3390/atmos15050523","https://www.scopus.com/pages/publications/85194148165?origin=resultslist","Istituto Nazionale di Geofisica e Vulcanologia, Osservatorio Nazionale Terremoti, Via di Vigna Murata 605, Rome, 00143, Italy; Dipartimento di Scienze, Università degli Studi Roma Tre, Rome, 00146, Italy","Scalabrini A., Istituto Nazionale di Geofisica e Vulcanologia, Osservatorio Nazionale Terremoti, Via di Vigna Murata 605, Rome, 00143, Italy; Musacchio M., Istituto Nazionale di Geofisica e Vulcanologia, Osservatorio Nazionale Terremoti, Via di Vigna Murata 605, Rome, 00143, Italy; Silvestri M., Istituto Nazionale di Geofisica e Vulcanologia, Osservatorio Nazionale Terremoti, Via di Vigna Murata 605, Rome, 00143, Italy; Rabuffi F., Istituto Nazionale di Geofisica e Vulcanologia, Osservatorio Nazionale Terremoti, Via di Vigna Murata 605, Rome, 00143, Italy; Buongiorno M.F., Istituto Nazionale di Geofisica e Vulcanologia, Osservatorio Nazionale Terremoti, Via di Vigna Murata 605, Rome, 00143, Italy; Salvini F., Dipartimento di Scienze, Università degli Studi Roma Tre, Rome, 00146, Italy","Naples is the most densely populated Italian city (7744 inhabitants per km2). It is located in a particular geological context: the presence of Mt Vesuvius characterizes the eastern part, and the western part is characterized by the presence of the Phlegrean Fields, making Naples a high-geothermal-gradient region. This endogenous heat, combined with the anthropogenic heat due to intense urbanization, has defined Naples as an ideal location for Surface Urban Heat Island (SUHI) analysis. SUHI analysis was effectuated by acquiring the Land Surface Temperature (LST) over Naples municipality by processing Landsat 8 (L8) Thermal Infrared Sensor (TIRS) images in the 2013–2023 time series by employing Google Earth Engine (GEE). In GEE, two different approaches have been followed to analyze thermal images, starting from the Statistical Mono Window (SMW) algorithm, which computes the LST based on the brightness temperature (Tb), the emissivity value, and the atmospheric correction coefficients. The first one is used for the LST retrieval from daytime images; here, the emissivity component is derived using, firstly, the Normalized Difference Vegetation Index (NDVI) and then the Vegetation Cover Method (VCM), defining the Land Surface Emissivity (LSɛ), which considers solar radiation as the main source of energy. The second approach is used for the LST retrieval from nighttime images, where the emissivity is directly estimated from the Advance Spaceborne Thermal Emission Radiometer database (ASTER-GED), as, during nighttime without solar radiation, the main source of energy is the energy emitted by the Earth’s surface. From these two different algorithms, 123 usable daytime and nighttime LST images were downloaded from GEE and analyzed in Quantum GIS (QGIS). The results show that the SUHI is more concentrated in the eastern part, characterized by intense urbanization, as shown by the Corine Land Cover (CLC). At the same time, lower SUHI intensity is detected in the western part, defined by the Land Cover (LC) vegetated class. Also, in the analysis, we highlighted 40 spots (10 hotspots and 10 coldspots, both for daytime and nighttime collection) that present positive or negative temperature peaks for all the time series. Due to the huge amount of data, this work considered only the five representative spots that were most representative for SUHI analysis and determination of thermal anomalies in the urban environment. © 2024 by the authors.","Google Earth Engine; Land Surface Temperature; Landsat 8 (TIRS); Urban Heat Island","Campania [Italy]; Italy; Naples; Napoli [Campania]; Atmospheric temperature; Electromagnetic wave emission; Engines; Infrared detectors; Infrared radiation; Land surface temperature; Landforms; Radiometers; Solar radiation; Surface measurement; Surface properties; Temperature measurement; Time series; Time series analysis; Vegetation; Google earth engine; Google earths; Land surface temperature; LANDSAT; Landsat 8 (thermal infrared sensor); Surface urban heat islands; Thermal anomalies; Thermal infrared sensors; Times series; Urban heat island; atmospheric correction; brightness temperature; heat island; land surface; satellite data; satellite imagery; surface temperature; temperature anomaly; time series analysis; Landsat","A. Scalabrini; Istituto Nazionale di Geofisica e Vulcanologia, Rome, Osservatorio Nazionale Terremoti, Via di Vigna Murata 605, 00143, Italy; email: alessia.scalabrini@ingv.it","","Multidisciplinary Digital Publishing Institute (MDPI)","20734433","","","","English","Atmosphere","Article","Final","All Open Access; Gold Open Access; Green Open Access","Scopus","2-s2.0-85194148165"
"Akinyemi O.D.","Akinyemi, Olukayode D. (18233479400)","18233479400","Multivariate interrelatedness of geotechnical and petrophysical properties towards developing near-surface lithology clusters in a sedimentary terrain","2022","Bulletin of Engineering Geology and the Environment","81","7","258","","","4","10.1007/s10064-022-02755-3","https://www.scopus.com/pages/publications/85131263628?origin=resultslist","Department of Physics, Federal University of Agriculture, Abeokuta, Nigeria","Akinyemi O.D., Department of Physics, Federal University of Agriculture, Abeokuta, Nigeria","The study reports the approach of interrelating geotechnical and petrophysical parameters to develop near-surface lithology clusters in a sedimentary terrain. Field-based and laboratory-based geophysical, geotechnical, and petrophysical measurements were carried out with a view to finding correlations among related parameters, grouping the parameters into depth clusters, and determining trend correlations between field-acquired and laboratory-obtained parameters. Four agglomerate hierarchical cluster signatures were identified at depth 0–30 cm, three at 30–60 cm, and five at 0–90 cm. Principal component 1 retained 74% of data variation and differentiated the petrophysical parameters according to Poisson’s ratio (v) and velocity ratio (Vp/Vs). Principal component 2 explained another 14% of variability in the original responses and separated parameters based on elastic modulus (E) and clay fraction (C). Degree of correlation of Vp/Vs with porosity (Φ), sand fraction (S), C, unconfined compressive strength (U), and California bearing ratio (R) followed order Φ > S > C, and U > R. Trend correlation of shear velocity at 1 m showed good agreement (R2 = 0.992) between field and laboratory data with an amplification factor of 4.13 separating the corresponding values. Lithology determined from soil analysis agreed with that inferred from measured electrical resistivity while geotechnical, petrophysical, and geophysical spatial analysis supported site lithology configuration patterns. Thus, multivariate association of geotechnical and petrophysical parameters exhibited potentials for rapid and exploratory near-surface lithology mapping even at a regional scale. © 2022, The Author(s).","And geophysical properties; Geotechnical; Lithology clusters; Multivariate interrelatedness; Petrophysical; Sedimentary terrain; Spatial analysis","Compressive strength; Hierarchical systems; Laboratories; Lithology; Multivariant analysis; Petrophysics; Principal component analysis; Quality control; Sedimentology; Shear flow; Spatial variables measurement; And geophysical property; Geophysical properties; Geotechnical; Lithology cluster; Multivariate interrelatedness; Near surfaces; Petrophysical; Petrophysical parameters; Sedimentary terrain; Spatial analysis; cluster analysis; correlation; geotechnical property; lithology; multivariate analysis; principal component analysis; spatial analysis; terrain; Landforms","O.D. Akinyemi; Department of Physics, Federal University of Agriculture, Abeokuta, Nigeria; email: akinyemiod@funaab.edu.ng","","Springer Science and Business Media Deutschland GmbH","14359529","","","","English","Bull. Eng. Geol. Environ.","Article","Final","All Open Access; Hybrid Gold Open Access","Scopus","2-s2.0-85131263628"
"Krishnamurthy M.; Kayal A.; Ojha S.; Habib A.","Krishnamurthy, Manikanta (60723175400); Kayal, Arkajit (60723367000); Ojha, Shivam (57728244000); Habib, Anowarul (22950665400)","60723175400; 60723367000; 57728244000; 22950665400","One-class unsupervised deep autoencoder framework for multi-defect detection and localization in aluminum plates","2026","Results in Engineering","32","","111829","","","0","10.1016/j.rineng.2026.111829","https://www.scopus.com/pages/publications/105043756452?origin=resultslist","Department of Electronics and Electrical Engineering, Indian Institute of Technology, Guwahati, India; Department of Computer Science and Engineering, National Institute of Technology, Durgapur, India; Department of Civil Engineering, Indian Institute of Technology, Guwahati, India; Department of Physics and Technology, UiT, The Arctic University of Norway, 9037, Tromsø, Norway","Krishnamurthy M., Department of Electronics and Electrical Engineering, Indian Institute of Technology, Guwahati, India; Kayal A., Department of Computer Science and Engineering, National Institute of Technology, Durgapur, India; Ojha S., Department of Civil Engineering, Indian Institute of Technology, Guwahati, India; Habib A., Department of Physics and Technology, UiT, The Arctic University of Norway, 9037, Tromsø, Norway","Aluminum structures are widely used in lightweight engineering applications, where early and accurate damage detection is essential for structural integrity and cost-effective maintenance. This paper presents a one-class unsupervised anomaly detection framework for damage detection and localization in aluminum plates using scanning acoustic microscopy (SAM). High-resolution acoustic signals are preprocessed using Wiener filtering and normalization, then encoded using a deep autoencoder trained exclusively on healthy-state data to learn compact latent representations of normal structural behavior. Temporal evolution in the latent space is modeled using a computationally efficient feed-forward neural network, where the autoencoder is used exclusively as a latent feature extractor, and damage is identified through disruptions in latent temporal predictability rather than conventional reconstruction error, using robust Median-MAD thresholding. Experimental validation on specimens containing controlled single and multiple drilled defects demonstrated reliable localization performance, with diameter estimation errors below 20% and an overall mean IoU of approximately 0.83. Comparative and ablation analyses showed that latent-space temporal prediction and robust Median-MAD thresholding significantly improve localization accuracy and reduce false positives compared with conventional reconstruction-based and mainstream unsupervised anomaly detection methods. Additional robustness analyses demonstrated stable performance under moderate noise, gain variation, missing-pixel conditions, and spatial perturbations. By eliminating the need for labeled defect data, the proposed framework provides a robust, computationally efficient, and scalable solution for unsupervised structural health monitoring of aluminum components. © 2026 The Author(s).","Aluminum structures; Autoencoder; Damage detection; Deep learning; Feed-Forward sequence prediction; Non-Destructive evaluation; Structural health monitoring; Temporal modeling","Aluminum; Aluminum plating; Anomaly detection; Cost effectiveness; Defects; Neural networks; Nondestructive examination; Plates (structural components); Structural health monitoring; Unsupervised learning; Aluminium structures; Auto encoders; Deep learning; Feed forward; Feed-forward sequence prediction; Health monitoring; Non destructive evaluation; Sequence prediction; Structural health; Temporal models; Damage detection","A. Habib; Department of Physics and Technology, UiT, The Arctic University of Norway, 9037, Tromsø, Norway; email: anowarul.habib@uit.no","","Elsevier B.V.","25901230","","","","English","Result.  Eng.","Article","Final","All Open Access; Gold Open Access","Scopus","2-s2.0-105043756452"
"Qiu L.; Lu C.; Ding Z.; Wang Z.; Chen L.; Dong Y.; Chong Q.; Xia W.; Meng F.","Qiu, Ling (57663839600); Lu, Chuan (55842605500); Ding, Zupeng (44461179100); Wang, Zhaoyv (60189513300); Chen, Long (60017078100); Dong, Yintao (57205113751); Chong, Qinwan (57226738154); Xia, Wenlong (59347438600); Meng, Fankun (56388145000)","57663839600; 55842605500; 44461179100; 60189513300; 60017078100; 57205113751; 57226738154; 59347438600; 56388145000","Data-Driven Time-Series Modeling for Intelligent Extraction of Reservoir Development Indicators","2025","Energies","18","21","5753","","","0","10.3390/en18215753","https://www.scopus.com/pages/publications/105021455759?origin=resultslist","United Kingdom National Nuclear Laboratory (UKNNL), Chadwick House, Birchwood Park, Warrington, WA3 6AE, United Kingdom; CNOOC Research Institute Co., Ltd., Beijing, 100028, China; College of Petroleum Engineering, Yangtze University, Wuhan, 430100, China","Qiu L., United Kingdom National Nuclear Laboratory (UKNNL), Chadwick House, Birchwood Park, Warrington, WA3 6AE, United Kingdom, CNOOC Research Institute Co., Ltd., Beijing, 100028, China; Lu C., United Kingdom National Nuclear Laboratory (UKNNL), Chadwick House, Birchwood Park, Warrington, WA3 6AE, United Kingdom, CNOOC Research Institute Co., Ltd., Beijing, 100028, China; Ding Z., United Kingdom National Nuclear Laboratory (UKNNL), Chadwick House, Birchwood Park, Warrington, WA3 6AE, United Kingdom, CNOOC Research Institute Co., Ltd., Beijing, 100028, China; Wang Z., College of Petroleum Engineering, Yangtze University, Wuhan, 430100, China; Chen L., United Kingdom National Nuclear Laboratory (UKNNL), Chadwick House, Birchwood Park, Warrington, WA3 6AE, United Kingdom, CNOOC Research Institute Co., Ltd., Beijing, 100028, China; Dong Y., United Kingdom National Nuclear Laboratory (UKNNL), Chadwick House, Birchwood Park, Warrington, WA3 6AE, United Kingdom, CNOOC Research Institute Co., Ltd., Beijing, 100028, China; Chong Q., United Kingdom National Nuclear Laboratory (UKNNL), Chadwick House, Birchwood Park, Warrington, WA3 6AE, United Kingdom, CNOOC Research Institute Co., Ltd., Beijing, 100028, China; Xia W., College of Petroleum Engineering, Yangtze University, Wuhan, 430100, China; Meng F., College of Petroleum Engineering, Yangtze University, Wuhan, 430100, China","To address the challenges of large-scale production data, complex temporal dynamics, and the difficulty in extracting key reservoir performance indicators, this study proposes an intelligent time-series analytics approach, validated using an offshore oilfield case. The methodology integrates a cascaded outlier detection framework combining the 3-Sigma rule and the One-Class Support Vector Machine (OC-SVM). The 3-Sigma rule is first used for rapid statistical screening of extreme outliers, followed by OC-SVM for nonlinear anomaly detection, enhancing the accuracy of dynamic production data preprocessing. Key indicators—including initial production capacity, decline rate, water-cut trend, and recoverable reserves—are automatically extracted through hybrid modeling combining production decline analysis and waterflood characteristic curves. Algorithm reliability is rigorously evaluated using error metrics (SSE: Sum of Squared Errors, MSE: Mean Squared Error, MAE: Mean Absolute Error, RMSE: Root Mean Squared Error) and goodness-of-fit (R2). Experimental results demonstrate that the proposed method outperforms manual extraction, achieving <10% error in daily oil production and waterflood performance curve fitting, while significantly enhancing accuracy and automation. This framework provides a robust data−driven foundation for intelligent reservoir management. © 2025 by the authors.","outlier detection; production decline analysis; reservoir performance indicators; time−series analysis; waterflood characteristic curves","Anomaly detection; Data handling; Enhanced recovery; Errors; Extraction; Indicators (instruments); Mean square error; Offshore oil fields; Offshore oil well production; Oil field development; Optimization; Petroleum reservoir evaluation; Reservoir management; Reservoirs (water); Screening; Time series; Time series analysis; Well stimulation; Characteristic curve; Data driven; Outlier Detection; Performance indicators; Production decline analysis; Reservoir performance; Reservoir performance indicator; Time-series analysis; Water flood; Waterflood characteristic curve; Curve fitting","F. Meng; College of Petroleum Engineering, Yangtze University, Wuhan, 430100, China; email: mengfk@yangtzeu.edu.cn","","Multidisciplinary Digital Publishing Institute (MDPI)","19961073","","","","English","Energies","Article","Final","All Open Access; Gold Open Access; Green Open Access","Scopus","2-s2.0-105021455759"
"Ascott M.J.; Gooddy D.C.; Marchant B.; Kieboom N.; Bray H.; Gomes S.","Ascott, M.J. (56764516600); Gooddy, D.C. (6603438052); Marchant, B. (7004392044); Kieboom, N. (57219575050); Bray, H. (58942341900); Gomes, S. (59082006400)","56764516600; 6603438052; 7004392044; 57219575050; 58942341900; 59082006400","Regional scale evaluation of nitrate fluctuations in groundwater using cluster analysis and standardised hydrometeorological indices","2024","Journal of Hydrology","634","","131052","","","6","10.1016/j.jhydrol.2024.131052","https://www.scopus.com/pages/publications/85187959262?origin=resultslist","British Geological Survey, Maclean Building, Benson Lane, Crowmarsh Gifford, Oxfordshire, OX10 8BB, United Kingdom; Environment Agency, Horizon House, Deanery Road, Bristol, BS1 5AH, United Kingdom; Environment Agency, Rivers House, East Quay, Bridgwater, TA6 4YS, United Kingdom; Environment Agency, Orchard House, Endeavour Park, London Road, Addington, Kent, West Malling, ME19 5SH, United Kingdom","Ascott M.J., British Geological Survey, Maclean Building, Benson Lane, Crowmarsh Gifford, Oxfordshire, OX10 8BB, United Kingdom; Gooddy D.C., British Geological Survey, Maclean Building, Benson Lane, Crowmarsh Gifford, Oxfordshire, OX10 8BB, United Kingdom; Marchant B., British Geological Survey, Maclean Building, Benson Lane, Crowmarsh Gifford, Oxfordshire, OX10 8BB, United Kingdom; Kieboom N., Environment Agency, Horizon House, Deanery Road, Bristol, BS1 5AH, United Kingdom; Bray H., Environment Agency, Rivers House, East Quay, Bridgwater, TA6 4YS, United Kingdom; Gomes S., Environment Agency, Orchard House, Endeavour Park, London Road, Addington, Kent, West Malling, ME19 5SH, United Kingdom","Temporal fluctuations in nitrate in groundwater can result in concentrations temporarily exceeding drinking water standards. This can bring about the need for costly water treatment or blending. Despite this, the extent and potential controls on these fluctuations are poorly understood, particularly at regional to national scales. Applied to Southeast England (UK), here we develop the first application of cluster analysis and standardised hydrometeorological indices to evaluate nitrate fluctuations in groundwater at the regional scale. Hierarchical and K-means cluster analysis of 96 groundwater nitrate time series for the period 1995–2022 showed that nitrate time series can be divided into 4 clusters: (1) long term increasing trends (n = 23, mean trend = 0.26 mg NO3/l/a), (2) long term decreasing trends (n = 19, mean trend = − 0.65 mg NO3/l/a), (3) long term increasing trends with seasonal fluctuations (n = 24, mean trend = 0.29 mg NO3/l/a) and (4) long term increasing trends superimposed on near-decadal scale fluctuations (n = 30, mean trend = 0.22 mg NO3/l/a). Boreholes in cluster 1 appear to be deeper than boreholes in cluster 2. In comparison to shallower boreholes, deeper boreholes are likely to be intersecting longer groundwater flow systems where nitrate concentrations are affected by historic “legacy nitrate” leaching. There is weak spatial coherence in the clustering, with clusters 3 and 4 present in the South and North Downs respectively. Cross-correlation analysis between groundwater nitrate time series with precipitation and groundwater level indices showed that rapid seasonal fluctuations in nitrate concentrations in cluster 3 in the South Downs are associated with rapidly responding groundwater level fluctuation. This is likely due to the highly fractured and faulted nature of the Chalk aquifer in this area. This is in contrast with the slower near-decadal fluctuations in cluster 4 in the North Downs. The strongest correlations between groundwater levels and nitrate concentrations in cluster 3 occurred when cross-correlating at a lag of zero months, which would suggest that matrix diffusion is unlikely to be a significant control on nitrate seasonality. Seasonal fluctuations in nitrate concentrations are likely to be associated with a combination of piston displacement at the water table and changing groundwater flow paths to the borehole. Future climate change may change the magnitude and timing of seasonal fluctuations caused by these processes. The methodology developed here is generic and can be applied wherever there is a large body of groundwater nitrate time series data. © 2024 British Geological Survey © UKRI 2024","Groundwater; Nitrate; Standardised hydrometeorological indices; Time series analysis","England; South Downs; United Kingdom; Aquifers; Blending; Boreholes; Cluster analysis; Factor analysis; Groundwater flow; Groundwater resources; Multivariant analysis; Potable water; Time series analysis; Water treatment; Ground water level; Groundwater nitrates; Mean trends; Nitrate; Nitrate concentration; Regional scale; Seasonal fluctuations; Standardized hydrometeorological index; Time-series analysis; Times series; aquifer; climate change; cluster analysis; drinking water; groundwater flow; time series analysis; water table; water treatment; Nitrates","M.J. Ascott; British Geological Survey, Maclean Building, Benson Lane, Crowmarsh Gifford, Oxfordshire, OX10 8BB, United Kingdom; email: matta@bgs.ac.uk","","Elsevier B.V.","00221694","","JHYDA","","English","J. Hydrol.","Article","Final","All Open Access; Green Open Access; Hybrid Gold Open Access","Scopus","2-s2.0-85187959262"
"Mabadeje A.O.; Salazar J.J.; Ochoa J.; Garland L.; Pyrcz M.J.","Mabadeje, Ademide O. (57209021542); Salazar, Jose J. (57209823940); Ochoa, Jesus (55780498500); Garland, Lean (57346187100); Pyrcz, Michael J. (6507450938)","57209021542; 57209823940; 55780498500; 57346187100; 6507450938","A Machine Learning Workflow to Support the Identification of Subsurface Resource Analogs","2024","Energy Exploration and Exploitation","42","2","","603","625","3","10.1177/01445987231210966","https://www.scopus.com/pages/publications/85177641437?origin=resultslist","Hildebrand Department of Petroleum & Geosystems Engineering, The University of Texas at Austin, Austin, TX, United States; Facultad de Ingeniería en Ciencias de la Tierra, Escuela Superior Politécnica del Litoral, Guayaquil, Ecuador; Technology, Digital & Innovation, Equinor US, Houston, TX, United States; Exploration & Production international, Equinor ASA, Oslo, Norway; Department of Geological Sciences, The University of Texas at Austin, Austin, TX, United States","Mabadeje A.O., Hildebrand Department of Petroleum & Geosystems Engineering, The University of Texas at Austin, Austin, TX, United States; Salazar J.J., Facultad de Ingeniería en Ciencias de la Tierra, Escuela Superior Politécnica del Litoral, Guayaquil, Ecuador; Ochoa J., Technology, Digital & Innovation, Equinor US, Houston, TX, United States; Garland L., Exploration & Production international, Equinor ASA, Oslo, Norway; Pyrcz M.J., Hildebrand Department of Petroleum & Geosystems Engineering, The University of Texas at Austin, Austin, TX, United States, Department of Geological Sciences, The University of Texas at Austin, Austin, TX, United States","Identifying subsurface resource analogs from mature subsurface datasets is vital for developing new prospects due to often initial limited or absent information. Traditional methods for selecting these analogs, executed by domain experts, face challenges due to subsurface dataset's high complexity, noise, and dimensionality. This article aims to simplify this process by introducing an objective geostatistics-based machine learning workflow for analog selection. Our innovative workflow offers a systematic and unbiased solution, incorporating a new dissimilarity metric and scoring metrics, group consistency, and pairwise similarity scores. These elements effectively account for spatial and multivariate data relationships, measuring similarities within and between groups in reduced dimensional spaces. Our workflow begins with multidimensional scaling from inferential machine learning, utilizing our dissimilarity metric to obtain data representations in a reduced dimensional space. Following this, density-based spatial clustering of applications with noise identifies analog clusters and spatial analogs in the reduced space. Then, our scoring metrics assist in quantifying and identifying analogous data samples, while providing useful diagnostics for resource exploration. We demonstrate the efficacy of this workflow with wells from the Duvernay Formation and a test scenario incorporating various well types common in unconventional reservoirs, including infill, outlier, sparse, and centered wells. Through this application, we successfully identified and grouped analog clusters of test well samples based on geological properties and cumulative gas production, showcasing the potential of our proposed workflow for practical use in the field. © The Author(s) 2023.","analog selection; clustering analysis; Geostatistics; low-dimensional space; machine learning","Infill drilling; Petroleum prospecting; Analog selection; Analogue clusters; Clustering analysis; Geo-statistics; Identifications of subsurfaces; Low-dimensional spaces; Machine-learning; Reduced dimensional space; Scoring metrics; Work-flows; Machine learning","A.O. Mabadeje; Hildebrand Department of Petroleum & Geosystems Engineering, The University of Texas at Austin, Austin, United States; email: ademidemabadeje@utexas.edu","","SAGE Publications Inc.","01445987","","EEEXD","","English","Energy Explor Exploit","Article","Final","All Open Access; Gold Open Access; Green Open Access","Scopus","2-s2.0-85177641437"
"Liu C.; Huang H.; Hui F.; Zhang Z.; Cheng X.","Liu, Chong (57201260014); Huang, Huabing (57216494536); Hui, Fengming (57215375457); Zhang, Ziqian (57208602831); Cheng, Xiao (7401754355)","57201260014; 57216494536; 57215375457; 57208602831; 7401754355","Fine-resolution mapping of pan-arctic lake ice-off phenology based on dense sentinel-2 time series data","2021","Remote Sensing","13","14","2742","","","11","10.3390/rs13142742","https://www.scopus.com/pages/publications/85110814366?origin=resultslist","School of Geospatial Engineering and Science, Sun Yat-Sen University, Guangzhou, 510275, China; Southern Marine Science and Engineering Guangdong Laboratory (Zhuhai), Zhuhai, 519000, China","Liu C., School of Geospatial Engineering and Science, Sun Yat-Sen University, Guangzhou, 510275, China, Southern Marine Science and Engineering Guangdong Laboratory (Zhuhai), Zhuhai, 519000, China; Huang H., School of Geospatial Engineering and Science, Sun Yat-Sen University, Guangzhou, 510275, China, Southern Marine Science and Engineering Guangdong Laboratory (Zhuhai), Zhuhai, 519000, China; Hui F., School of Geospatial Engineering and Science, Sun Yat-Sen University, Guangzhou, 510275, China, Southern Marine Science and Engineering Guangdong Laboratory (Zhuhai), Zhuhai, 519000, China; Zhang Z., School of Geospatial Engineering and Science, Sun Yat-Sen University, Guangzhou, 510275, China; Cheng X., School of Geospatial Engineering and Science, Sun Yat-Sen University, Guangzhou, 510275, China, Southern Marine Science and Engineering Guangdong Laboratory (Zhuhai), Zhuhai, 519000, China","The timing of lake ice-off regulates biotic and abiotic processes in Arctic ecosystems. Due to the coarse spatial and temporal resolution of available satellite data, previous studies mainly focused on lake-scale investigations of melting/freezing, hindering the detection of subtle patterns within heterogeneous landscapes. To fill this knowledge gap, we developed a new approach for fine-resolution mapping of Pan-Arctic lake ice-off phenology. Using the Scene Classification Layer data derived from dense Sentinel-2 time series images, we estimated the pixel-by-pixel ice break-up end date information by seeking the transition time point when the pixel is completely free of ice. Applying this approach on the Google Earth Engine platform, we mapped the spatial distribution of the break-up end date for 45,532 lakes across the entire Arctic (except for Greenland) for the year 2019. The evaluation results suggested that our estimations matched well with both in situ measurements and an existing lake ice phenology product. Based on the generated map, we estimated that the average break-up end time of Pan-Arctic lakes is 172 ± 13.4 (measured in day of year) for the year 2019. The mapped lake ice-off phenology exhibits a latitudinal gradient, with a linear slope of 1.02 days per degree from 55◦N onward. We also demonstrated the importance of lake and landscape characteristics in affecting spring lake ice melting. The proposed approach offers new possibilities for monitoring the seasonal Arctic lake ice freeze–thaw cycle, benefiting the ongoing efforts of combating and adapting to climate change. © 2021 by the authors. Licensee MDPI, Basel, Switzerland.","Arctic lake; Dense time series; Ice-off phenology; Sentinel-2","Biology; Classification (of information); Climate change; Forestry; Lakes; Mapping; Pattern recognition; Petroleum reservoir evaluation; Pixels; Time series; Evaluation results; Heterogeneous landscapes; In-situ measurement; Landscape characteristic; Latitudinal gradients; Scene classification; Spatial and temporal resolutions; Time-series data; Ice","X. Cheng; School of Geospatial Engineering and Science, Sun Yat-Sen University, Guangzhou, 510275, China; email: chengxiao9@mail.sysu.edu.cn","","MDPI AG","20724292","","","","English","Remote Sens.","Article","Final","All Open Access; Gold Open Access; Green Open Access","Scopus","2-s2.0-85110814366"
"Martinez W.G.; Weese M.L.; Jones-Farmer L.A.","Martinez, Waldyn G. (56029625700); Weese, Maria L. (55752975300); Jones-Farmer, L. Allison (9279865500)","56029625700; 55752975300; 9279865500","A one-class peeling method for multivariate outlier detection with applications in phase I SPC","2020","Quality and Reliability Engineering International","36","4","","1272","1295","12","10.1002/qre.2629","https://www.scopus.com/pages/publications/85080031568?origin=resultslist","Department of Information Systems & Analytics, Miami University, Oxford, OH, United States","Martinez W.G., Department of Information Systems & Analytics, Miami University, Oxford, OH, United States; Weese M.L., Department of Information Systems & Analytics, Miami University, Oxford, OH, United States; Jones-Farmer L.A., Department of Information Systems & Analytics, Miami University, Oxford, OH, United States","In phase I of statistical process control (SPC), control charts are often used as outlier detection methods to assess process stability. Many of these methods require estimation of the covariance matrix, are computationally infeasible, or have not been studied when the dimension of the data, (Formula presented.), is large. We propose the one-class peeling (OCP) method, a flexible framework that combines statistical and machine learning methods to detect multiple outliers in multivariate data. The OCP method can be applied to phase I of SPC, does not require covariance estimation, and is well suited to high-dimensional data sets with a high percentage of outliers. Our empirical evaluation suggests that the OCP method performs well in high dimensions and is computationally more efficient and robust than existing methodologies. We motivate and illustrate the use of the OCP method in a phase I SPC application on a (Formula presented.), (Formula presented.) dimensional data set containing Wikipedia search results for National Football League (NFL) players, teams, coaches, and managers. The example data set and R functions, OCP.R and OCPLimit.R, to compute the respective OCP distances and thresholds are available in the supplementary materials. © 2020 The Authors. Quality and Reliability Engineering International published by John Wiley & Sons Ltd.","control chart; Gaussian kernel; high-dimensional data; kernel distance; one-class methods; support vector data description","Anomaly detection; Clustering algorithms; Control charts; Covariance matrix; Data description; Flowcharting; Human resource management; Learning systems; Petroleum reservoir evaluation; Statistics; Gaussian kernels; High dimensional data; Kernel distance; one-class methods; Support vector data description; Statistical process control","W.G. Martinez; Department of Information Systems & Analytics, Miami University, Oxford, United States; email: martinwg@miamioh.edu","","John Wiley and Sons Ltd","07488017","","QREIE","","English","Qual Reliab Eng Int","Article","Final","All Open Access; Hybrid Gold Open Access","Scopus","2-s2.0-85080031568"
"Ergene D.; Aksoy A.; Dilek Sanin F.","Ergene, Didar (6504528337); Aksoy, Ayşegül (7007041120); Dilek Sanin, F. (57208539986)","6504528337; 7007041120; 57208539986","Comprehensive analysis and modeling of landfill leachate","2022","Waste Management","145","","","48","59","38","10.1016/j.wasman.2022.04.030","https://www.scopus.com/pages/publications/85130636784?origin=resultslist","Department of Environmental Engineering, Middle East Technical University, Ankara, 06800, Turkey","Ergene D., Department of Environmental Engineering, Middle East Technical University, Ankara, 06800, Turkey; Aksoy A., Department of Environmental Engineering, Middle East Technical University, Ankara, 06800, Turkey; Dilek Sanin F., Department of Environmental Engineering, Middle East Technical University, Ankara, 06800, Turkey","Landfill leachate data compiled from 220 different landfills from 46 countries in Europe, Middle East, Asia, Africa, and America was analysed by multivariate statistical approaches. Data pre-treatment procedure such as handling of outliers, completion of missing data, and standardization of data was applied to prepare the raw data matrix for the complex statistical analyses including cluster and principal component analyses (PCA). Regression modeling was conducted to estimate leachate parameter values. Results show that usually inorganic parameters, if included in the PCA, dominated the first components indicating the highest correlations as well as accounting for majority of the variation in the data. Those highly correlated parameters in landfill leachate could be important in evaluation of their pathways into leachate in terms of transport and biodegradation mechanisms as well as their elimination potential from sampling and analytical procedures during monitoring activities at landfills. Some leachate parameters having significantly high concentrations, such as organics, salts, and some inorganics, impacted the formation of components in PCA. This in turn provides important information about the specific characteristics of leachate samples and the landfills to which they belong. © 2022 Elsevier Ltd","Cluster analysis; Data pre-treatment; Landfill leachate; Multivariate analysis; PCA; Regression modeling","Europe; Principal Component Analysis; Refuse Disposal; Waste Disposal Facilities; Water Pollutants, Chemical; Africa; Asia; Europe; Middle East; Biodegradation; Cluster analysis; Petroleum reservoir evaluation; Principal component analysis; Regression analysis; Analysis and models; Comprehensive analysis; Comprehensive modeling; Data pretreatments; Inorganics; Landfill leachates; Leachates; Multi variate analysis; Principal-component analysis; Regression modelling; cluster analysis; landfill; leachate; multivariate analysis; principal component analysis; standardization; waste disposal; waste management; article; biodegradation; cluster analysis; landfill leachate; principal component analysis; regression model; Europe; principal component analysis; waste disposal; waste disposal facility; water pollutant; Multivariant analysis","D. Ergene; Department of Environmental Engineering, Middle East Technical University, Ankara, 06800, Turkey; email: d.ergene@gmail.com","","Elsevier Ltd","0956053X","","WAMAE","35512555","English","Waste Manage.","Article","Final","All Open Access; Green Open Access","Scopus","2-s2.0-85130636784"
"Liao B.-Y.","Liao, Boi-Yee (60162524200)","60162524200","A Physically Constrained KPP–Rate-and-State Reaction–Diffusion Framework for Stable Large-Scale Modeling of Stress Evolution","2026","Electronics (Switzerland)","15","5","1131","","","0","10.3390/electronics15051131","https://www.scopus.com/pages/publications/105032723159?origin=resultslist","Department of Engineering Management, International College, Krirk University, Bangkok, 10220, Thailand","Liao B.-Y., Department of Engineering Management, International College, Krirk University, Bangkok, 10220, Thailand","The emergence of large-scale models and machine learning has transformed the modeling of complex nonlinear systems, such as postseismic stress evolution. However, purely data-driven approaches often lack interpretability and numerical stability, leading to physically inconsistent long-term predictions. This study addresses these limitations by introducing a coupled Kolmogorov–Petrovsky–Piskunov–Rate-and-State (KPP–RS) reaction–diffusion system as a rigorous physical prior for large-scale modeling of stress-driven dynamics. Using analytic semigroup theory and Banach’s fixed-point theorem, we establish the global existence and uniqueness of solutions, ensuring that the governing dynamics are mathematically well posed—a necessary prerequisite for stable learning-based frameworks. We further prove the global dissipativity of the system and identify a bounded absorbing set in the H1 phase space, which imposes intrinsic physical constraints and limits unphysical parameter exploration in large-scale optimization or black-box modeling. In addition, a Courant–Friedrichs–Lewy (CFL) stability condition is derived, providing a theoretical benchmark for time-step selection in numerical implementations, including physics-informed or hybrid neural architectures. This analytical framework supplies a mathematically controlled foundation for developing robust, interpretable, and stable pattern-recognition or time-series representations in complex geophysical systems. © 2026 by the author.","KPP–RS system; large-scale optimization; model interpretability; numerical stability; physics-informed machine learning; stress evolution","Convergence of numerical methods; Diffusion; Dynamics; Learning systems; Machine learning; Neural networks; Stability criteria; Interpretability; Kolmogorov; Kolmogorov–petrovsky–piskunov–rate-and-state system; Large-scale modeling; Large-scale optimization; Machine-learning; Model interpretability; Physic-informed machine learning; State reaction; Stress evolution; Pattern recognition systems","B.-Y. Liao; Department of Engineering Management, International College, Krirk University, Bangkok, 10220, Thailand; email: boi-yee.liao@krirk.ac.th","","Multidisciplinary Digital Publishing Institute (MDPI)","20799292","","","","English","Electronics (Switzerland)","Article","Final","All Open Access; Gold Open Access","Scopus","2-s2.0-105032723159"
"Wei X.; Liu Q.; Pan Z.","Wei, Xiaolong (60140008000); Liu, Qingjie (57203365188); Pan, Zhian (55319966700)","60140008000; 57203365188; 55319966700","Anomaly Detection in Borehole Strain Data with CNN and Frequency-Aware VAE","2025","Journal of Advanced Computational Intelligence and Intelligent Informatics","29","6","","1390","1401","3","10.20965/jaciii.2025.p1390","https://www.scopus.com/pages/publications/105022643552?origin=resultslist","Institute of Disaster Prevention, No.465, Xueyuan Street, Yanjiao High Tech Zone, Hebei, Sanhe, 065201, China","Wei X., Institute of Disaster Prevention, No.465, Xueyuan Street, Yanjiao High Tech Zone, Hebei, Sanhe, 065201, China; Liu Q., Institute of Disaster Prevention, No.465, Xueyuan Street, Yanjiao High Tech Zone, Hebei, Sanhe, 065201, China; Pan Z., Institute of Disaster Prevention, No.465, Xueyuan Street, Yanjiao High Tech Zone, Hebei, Sanhe, 065201, China","Earthquakes pose significant threats to human life and property, often triggering secondary disasters such as landslides, mudslides, and collapses. Although earthquake prediction remains a challenging global scientific problem, the study of seismic precursors plays a critical role. Earthquakes occur due to the instability and fracturing of underground rock layers when concentrated stress exceeds their strength limit. Borehole strainmeters provide direct observations of crustal strain, making pre-earthquake strain anomaly detection essential for precursor studies. In recent decades, variational autoencoders (VAEs) have been widely adopted for anomaly detection due to their powerful denoising capabilities. However, traditional VAE-based methods face difficulties in capturing both long-term heterogeneous patterns and fine-grained short-term trends simultaneously. To address this, we propose a new approach combining convolutional neural networks (CNN) with frequency-aware conditional VAE frameworks. The CNN extracts spatial dependencies among strain observation components, while frequency analysis improves temporal feature capture. By incorporating a target attention mechanism, our model selects the most relevant frequency-domain information to enhance reconstruction of both long-term and shortterm trends. Experimental results on borehole strain data show that our model outperforms state-of-the-art methods. These findings confirm the practical value of our approach in overcoming current VAE-based detection limitations and emphasize the importance of integrating spatial and frequency representations in seismic precursor studies. © Fuji Technology Press Ltd. This is an Open Access article distributed under the terms of the Creative Commons Attribution-NoDerivatives 4.0 International License (https://creativecommons.org/licenses/by-nd/4.0/)","convolutional neural network (CNN); frequency; seismic; variational autoencoder (VAE)","Anomaly detection; Boreholes; Convolution; Convolutional neural networks; Earthquake effects; Strain measurement; Variational techniques; Anomaly detection; Auto encoders; Convolutional neural network; Frequency; Human lives; Seismic; Seismic precursors; Strain data; Variational autoencoder; Frequency domain analysis","Q. Liu; Institute of Disaster Prevention, Sanhe, No.465, Xueyuan Street, Yanjiao High Tech Zone, Hebei, 065201, China; email: liuqingjie@cidp.edu.cn","","Fuji Technology Press","13430130","","","","English","J. Adv. Comput. Intell. Intelligent Informatics","Article","Final","All Open Access; Gold Open Access","Scopus","2-s2.0-105022643552"
"Silva J.W.L.; Santos M.D.; Oliveira G.P.","Silva, J.W.L. (57200690016); Santos, M.D. (57200640556); Oliveira, G.P. (57189712355)","57200690016; 57200640556; 57189712355","Generalized functionals for qualification of geological carbon storage injection sites","2024","International Journal of Greenhouse Gas Control","135","","104167","","","3","10.1016/j.ijggc.2024.104167","https://www.scopus.com/pages/publications/85195079573?origin=resultslist","TRIL Lab, Scientific Computing Department, Federal University of Paraíba, João Pessoa, Brazil; State University of Paraíba, José Lins do Rêgo Campus, João Pessoa, Brazil; Graduate Program in Mechanical Engineering, Federal University of Paraíba, João Pessoa, Brazil; Graduate Program in Informatics, Federal University of Paraíba, João Pessoa, Brazil","Silva J.W.L., TRIL Lab, Scientific Computing Department, Federal University of Paraíba, João Pessoa, Brazil, State University of Paraíba, José Lins do Rêgo Campus, João Pessoa, Brazil, Graduate Program in Mechanical Engineering, Federal University of Paraíba, João Pessoa, Brazil; Santos M.D., TRIL Lab, Scientific Computing Department, Federal University of Paraíba, João Pessoa, Brazil, Graduate Program in Mechanical Engineering, Federal University of Paraíba, João Pessoa, Brazil; Oliveira G.P., TRIL Lab, Scientific Computing Department, Federal University of Paraíba, João Pessoa, Brazil, Graduate Program in Mechanical Engineering, Federal University of Paraíba, João Pessoa, Brazil, Graduate Program in Informatics, Federal University of Paraíba, João Pessoa, Brazil","Many nations have pledged to reach carbon neutrality by 2050. Embarking on the decarbonization journey, they posited geological carbon storage (GCS) as a pivotal technology within the carbon capture, utilization, and storage (CCUS) framework. The CCUS chain operates to reduce “hard-to-abate” emissions at key sectors by capturing carbon dioxide (CO2), reusing it, transporting it, or disposing of it via injection into underground geological formations for permanent storage. Despite the global success of GCS ventures, mainly driven by the oil and gas industry, GCS initiatives are still in their early stages in several developing countries. In Brazil, for instance, a full setup covering precise storage capacity databases, potential CCUS clusters, national regulatory structure, and auxiliary computer-aided engineering is underway. Intended to push the frontier in the latter subject, this paper introduces mathematical models for qualifying underground CO2 storage sites. Our research explores a family of multivariate functionals endowed with underlying reservoir features and distinct weighting functions, thus envisioning two primary objectives. Firstly, it clarifies non-linear interactions between rock and fluid properties using quality indicators. Secondly, it evaluates geographical regions considering structural traps/caprocks settings. Backed by the Matlab Reservoir Simulation Toolbox (MRST) capabilities, the methodology is a subsidiary resource for identifying suitable injection and storage sites. A case study using the UNISIM-I-D model generated dozens of volumetric quality maps that point to unique potential storage sites. Numerical simulation experiments of injection comparing legacy and novel wells reveal storage surpluses improved by up to 50%. The paper seeks to establish foundational knowledge in GCS efficiency for general underground settings. One expects that these outcomes leverage well-repurposing perspectives and stimulate field appraisal actions to scale up GCS projects both in Brazil and worldwide. © 2024 Elsevier Ltd","Computational methods; Decarbonization; Geological carbon storage; Site selection","Brazil; Carbon capture; Carbon dioxide; Computer aided engineering; Decarbonization; Developing countries; Gas industry; Geology; MATLAB; Carbon neutralities; Carbon storage; Carbon utilization; Decarbonisation; Functionals; Geological carbon storage; Geological formation; Oil and Gas Industry; Storage capacity; Storage sites; carbon dioxide; carbon storage; numerical model; site selection; underground storage; Site selection","J.W.L. Silva; State University of Paraíba, José Lins do Rêgo Campus, João Pessoa, Brazil; email: wilker@servidor.uepb.edu.br","","Elsevier Ltd","17505836","","","","English","Int. J. Greenh. Gas Control","Article","Final","All Open Access; Green Open Access","Scopus","2-s2.0-85195079573"
"Jiao S.; Zhen N.","Jiao, Shusheng (36246190000); Zhen, Ning (60798370800)","36246190000; 60798370800","Episodic cluster headache with suspected giant cell arteritis, sinusitis-related headache, and dietary triggers: a case report","2026","Frontiers in Pain Research","7","","1884385","","","0","10.3389/fpain.2026.1884385","https://www.scopus.com/pages/publications/105047072504?origin=resultslist","Department of Neurology, Bethune International Peace Hospital, Hebei, Shijiazhuang, China; The Fifth Dispensed Outpatient Department, Bethune International Peace Hospital, Hebei, Shijiazhuang, China","Jiao S., Department of Neurology, Bethune International Peace Hospital, Hebei, Shijiazhuang, China; Zhen N., The Fifth Dispensed Outpatient Department, Bethune International Peace Hospital, Hebei, Shijiazhuang, China","Background – Cluster headache is a primary trigeminal autonomic cephalalgia characterized by severe, strictly unilateral orbital/periorbital pain with ipsilateral autonomic features. It is rare for a patient with cluster headache to have coexisting multiple headache disorders and experience unusual triggers. Case presentation – A 53-year-old male with a 14-year history of episodic cluster headache presented with his third cluster episode. He exhibited strictly unilateral left orbital/periorbital/temporal drilling pain [Visual Analogue Scale (VAS) 9–10/10], ipsilateral conjunctival injection, lacrimation, rhinorrhea, and agitation. Notably, during the second episode (2015), left maxillary sinusitis was identified and surgically treated, leading to immediate and complete headache resolution. During the current episode, physical examination revealed left temporal artery nodularity and tenderness—raising suspicion of giant cell arteritis. However, the erythrocyte sedimentation rate and C-reactive protein levels were within the normal range. Brain MRI/MRA revealed only nonspecific white matter changes, along with suspected wall thickening of the left superficial temporal artery. The patient declined temporal artery ultrasound, high-resolution MRI, and biopsy. In accordance with clinical guidelines, the patient was administered comprehensive treatment for cluster headache. Given the suspicion of giant cell arteritis, empirical prednisone was also initiated at a dose of 1 mg/kg/day. By day 3 of treatment, attack frequency had reduced from daily to 3–4 times per week, pain intensity decreased from VAS 10/10 to 3–6/10, attacks resolved within 30 min either spontaneously or after zolmitriptan, and temporal artery nodules had markedly diminished. Interestingly, during follow-up, the patient reported that ingestion of soy sauce or vinegar consistently triggered an unusual throat discomfort followed by headache within 30 min, whereas avoidance of these substances resulted in no attacks. The patient's strict avoidance of soy sauce and vinegar led to a marked reduction in headache frequency over a short period, ultimately resulting in a complete absence of headache episodes. He remains under follow-up. Conclusion – This case highlights an unusual concurrence of episodic cluster headache with suspected giant cell arteritis and possible sinusitis-related headache in a single patient. The potential role of soy sauce and vinegar as triggers for cluster headache warrants further validation with extended follow-up and a larger case series. © 2026 Jiao and Zhen.","cluster headache; giant cell arteritis; sinusitis-related headache; soy sauce; vinegar","","N. Zhen; The Fifth Dispensed Outpatient Department, Bethune International Peace Hospital, Shijiazhuang, Hebei, China; email: 1127891775@qq.com","","Frontiers Media SA","2673561X","","","","English","Front. Pain. Res.","Article","Final","All Open Access; Gold Open Access; Green Open Access","Scopus","2-s2.0-105047072504"
"Li W.; Liu Y.; Li X.; Deng B.; Zhao H.; Zhu L.; Zain U.","Li, Wei (56488838300); Liu, Yapeng (59145168800); Li, Xiang (60266432800); Deng, Bowen (60266393000); Zhao, Huan (57201367488); Zhu, Lun (56188655800); Zain, Ullah (60266367400)","56488838300; 59145168800; 60266432800; 60266393000; 57201367488; 56188655800; 60266367400","Research on an intelligent drilling parameter optimization method using sliding window segmentation based on the hydraulic-mechanical specific energy model","2026","PLOS ONE","21","1 January","e0339324","","","1","10.1371/journal.pone.0339324","https://www.scopus.com/pages/publications/105026519286?origin=resultslist","The Key Laboratory of Continental Shale Oil and Gas Accumulation and Efficient Development, Northeast Petroleum University, Heilongjiang, Daqing, China; College of Petroleum Engineering, Northeast Petroleum University, Heilongjiang, Daqing, China; National Engineering Research Center of Oil & Gas Drilling and Completion Technology, Heilongjiang, Daqing, China; CNOOC Jiangsu LNG Co.,Itd, Jiangsu, Yancheng, China; International Institute of Education, Liaoning Petrochemical University, Liaoning, Fushun, China","Li W., The Key Laboratory of Continental Shale Oil and Gas Accumulation and Efficient Development, Northeast Petroleum University, Heilongjiang, Daqing, China, College of Petroleum Engineering, Northeast Petroleum University, Heilongjiang, Daqing, China, National Engineering Research Center of Oil & Gas Drilling and Completion Technology, Heilongjiang, Daqing, China; Liu Y., The Key Laboratory of Continental Shale Oil and Gas Accumulation and Efficient Development, Northeast Petroleum University, Heilongjiang, Daqing, China, College of Petroleum Engineering, Northeast Petroleum University, Heilongjiang, Daqing, China, National Engineering Research Center of Oil & Gas Drilling and Completion Technology, Heilongjiang, Daqing, China; Li X., CNOOC Jiangsu LNG Co.,Itd, Jiangsu, Yancheng, China; Deng B., The Key Laboratory of Continental Shale Oil and Gas Accumulation and Efficient Development, Northeast Petroleum University, Heilongjiang, Daqing, China, College of Petroleum Engineering, Northeast Petroleum University, Heilongjiang, Daqing, China, National Engineering Research Center of Oil & Gas Drilling and Completion Technology, Heilongjiang, Daqing, China; Zhao H., The Key Laboratory of Continental Shale Oil and Gas Accumulation and Efficient Development, Northeast Petroleum University, Heilongjiang, Daqing, China, College of Petroleum Engineering, Northeast Petroleum University, Heilongjiang, Daqing, China, National Engineering Research Center of Oil & Gas Drilling and Completion Technology, Heilongjiang, Daqing, China; Zhu L., The Key Laboratory of Continental Shale Oil and Gas Accumulation and Efficient Development, Northeast Petroleum University, Heilongjiang, Daqing, China, College of Petroleum Engineering, Northeast Petroleum University, Heilongjiang, Daqing, China, National Engineering Research Center of Oil & Gas Drilling and Completion Technology, Heilongjiang, Daqing, China; Zain U., International Institute of Education, Liaoning Petrochemical University, Liaoning, Fushun, China","Optimizing drilling parameters is essential for improving drilling efficiency and reducing operational costs in oil and gas engineering. This study presents an intelligent optimization approach for drilling parameters based on a hydraulic–mechanical specific energy (MSE) model. A time-series data fusion framework integrating Savitzky–Golay filtering, random forest, and hybrid anomaly detection was established to incorporate hydraulic parameters into the MSE model. The model parameters were further refined by coupling the rate of penetration (ROP) equation with a backpropagation (BP) neural network, achieving prediction accuracies of 70% and 90%, respectively. Field validation using 7,231 datasets from four wells revealed that weight on bit, rotary speed, and flow rate are the dominant factors influencing mechanical specific energy. Moreover, the simulated annealing algorithm was employed to globally optimize key parameters, resulting in an average improvement of 43. 34% in drilling efficiency. Compared with conventional MSE-based approaches, the proposed method innovatively integrates sliding window segmentation with the hybrid MSE (HMSE) technique, significantly enhancing time-series data processing. The developed multi-objective optimization model demonstrates superior prediction accuracy and adaptability under field conditions, providing a practical and effective tool for intelligent drilling parameter optimization. © 2026 Li et al. This is an open access article distributed under the terms of the Creative Commons Attribution License, which permits unrestricted use, distribution, and reproduction in any medium, provided the original author and source are credited.","","Algorithms; Models, Theoretical; Neural Networks, Computer; Oil and Gas Fields; smart material; accuracy; algorithm; annular pressure loss; Article; artificial intelligence; back propagation neural network; classical Mechanical Specific Energy; clustering algorithm; compressive strength; conceptual framework; coupling reaction; coupling the rate of penetration; data preprocessing; data transmission; drill pressure; drillability index; drilling efficiency; drilling fluid density; energy conversion; energy reduction coefficient; flow rate; framework integrating Savitzky Golay filtering; fusion processing approach; hook load; hybrid anomaly detection; hydraulic conductivity; intelligent drilling parameter; k means clustering; machine learning; mechanical drilling rate; mechanical specific energy model; mechanics; model parameters; multiobjective optimization; multiple linear regression analysis; multiple outlier removal techniques; outlier detection; physical phenomena; prediction accuracy; process optimization; random forest; Rate of Penetration; reliability; research; revolution speed; root mean squared error; rotary speed; shear wave slowness; shear wave velocity; simulated annealing; sliding friction coefficient; sliding window segmentation; standpipe pressure; temperature; temporal analysis; validation study; weight on bit; weighted arithmetic mean operator; well depth; artificial neural network; oil and gas field; theoretical model","","","Public Library of Science","19326203","","POLNC","41481602","English","Plos One.","Article","Final","All Open Access; Gold Open Access; Green Open Access","Scopus","2-s2.0-105026519286"
"Bergsma E.W.J.; Klotz A.N.; Artigues S.; Graffin M.; Prenowitz A.; Delvit J.-M.; Almar R.","Bergsma, Erwin W. J. (57105312700); Klotz, Adrien N. (57524698200); Artigues, Stéphanie (36843783800); Graffin, Marcan (57797707200); Prenowitz, Anna (59257318700); Delvit, Jean-Marc (6505969352); Almar, Rafael (24466432000)","57105312700; 57524698200; 36843783800; 57797707200; 59257318700; 6505969352; 24466432000","Shoreliner: A Sub-Pixel Coastal Waterline Extraction Pipeline for Multi-Spectral Satellite Optical Imagery","2024","Remote Sensing","16","15","2795","","","32","10.3390/rs16152795","https://www.scopus.com/pages/publications/85201058772?origin=resultslist","CNES (French Space Agency), Earth Observation Lab, 18 Av. Edouard Belin, Toulouse, 31400, France; IRD-LEGOS (Research Institute Pour Le Developpement, Laboratoire d’Etudes en Geophysique et Oceanographie Spatiales), UMR-5566, 14 Av. Edouard Belin, Toulouse, 31400, France","Bergsma E.W.J., CNES (French Space Agency), Earth Observation Lab, 18 Av. Edouard Belin, Toulouse, 31400, France; Klotz A.N., CNES (French Space Agency), Earth Observation Lab, 18 Av. Edouard Belin, Toulouse, 31400, France, IRD-LEGOS (Research Institute Pour Le Developpement, Laboratoire d’Etudes en Geophysique et Oceanographie Spatiales), UMR-5566, 14 Av. Edouard Belin, Toulouse, 31400, France; Artigues S., CNES (French Space Agency), Earth Observation Lab, 18 Av. Edouard Belin, Toulouse, 31400, France; Graffin M., CNES (French Space Agency), Earth Observation Lab, 18 Av. Edouard Belin, Toulouse, 31400, France, IRD-LEGOS (Research Institute Pour Le Developpement, Laboratoire d’Etudes en Geophysique et Oceanographie Spatiales), UMR-5566, 14 Av. Edouard Belin, Toulouse, 31400, France; Prenowitz A., CNES (French Space Agency), Earth Observation Lab, 18 Av. Edouard Belin, Toulouse, 31400, France; Delvit J.-M., CNES (French Space Agency), Earth Observation Lab, 18 Av. Edouard Belin, Toulouse, 31400, France; Almar R., IRD-LEGOS (Research Institute Pour Le Developpement, Laboratoire d’Etudes en Geophysique et Oceanographie Spatiales), UMR-5566, 14 Av. Edouard Belin, Toulouse, 31400, France","Beach morphology can be observed over large spatio-temporal scales, and future shoreline positions can be predicted and coastal risk indicators can be derived by measuring satellite-derived instantaneous waterlines. Long-term satellite missions, such as Landsat and Sentinel-2, provide decades of freely available, high-resolution optical measurement datasets, enabling large-scale data collection and relatively high-frequency monitoring of sandy beaches. Satellite-Derived Shoreline (SDS) extraction methods are emerging and are increasingly being applied over large spatio-temporal scales. SDS generally consists of two steps: a mathematical relationship is applied to obtain a ratio index or pixel classification by machine-learning algorithms, and the land/sea boundary is then determined by edge detection. Indexes from lake waterline detection, such as AWEI or NDWI, are often transferred towards the shore without taking into account that these indexes are inherently affected by wave breaking. This can be overcome by using pixel classification to filter the indices, but this comes at a computational cost. In this paper, we carry out a thorough evaluation of the relationship between scene-dependent variables and waterline extraction accuracy, as well as a robust and efficient thresholding method for coastal land–water classification that optimises the index to satellite radiometry. The method developed for sandy beaches combines a new purpose-built multispectral index (SCoWI) with a refinement method of Otsu’s threshold to derive sub-pixel waterline positions. Secondly, we present a waterline extraction pipeline, called Shoreliner, which combines the SCoWI index and the extraction steps to produce standardised outputs. Implemented on the CNES High Performance Cluster (HPC), Shoreliner has been quantitatively validated at Duck, NC, USA, using simultaneous Sentinel-2 acquisitions and in situ beach surveys over a 3-year period. Out of six dates that have a satellite acquisition and an in situ survey, five dates have a sub-pixel RMS error of less than 10 m. This sub-pixel performance of the extraction processing demonstrates the ability of the proposed SDS extraction method to extract reliable, instantaneous and stable waterlines. In addition, preliminary work demonstrates the transferability of the method, initially developed for Sentinel-2 Level1C imagery, to Landsat imagery. When evaluated at Duck on the same day, Sentinel-2 and Landsat imagery several minutes apart provide similar results for the detected waterline, within the method’s precision. Future work includes global validation using Landsat’s 40 years of data in combination with the higher resolution Sentinel-2 data at different locations around the world. © 2024 by the authors.","coastal morphology; satellite-derived-waterline; Sentinel-2","Beaches; Extraction; Landsat; Large datasets; Learning algorithms; Morphology; Optical data processing; Petroleum reservoir evaluation; Pipelines; Pixels; Coastal morphology; Extraction method; High resolution; LANDSAT; Pixel classification; Sandy beach; Satellite-derived-waterline; Sentinel-2; Spatio-temporal scale; Sub-pixels; Machine learning","E.W.J. Bergsma; CNES (French Space Agency), Earth Observation Lab, Toulouse, 18 Av. Edouard Belin, 31400, France; email: erwin.bergsma@cnes.fr","","Multidisciplinary Digital Publishing Institute (MDPI)","20724292","","","","English","Remote Sens.","Article","Final","All Open Access; Gold Open Access; Green Open Access","Scopus","2-s2.0-85201058772"
"Azuma K.; Hashimoto Y.","Azuma, Keiya (60252551300); Hashimoto, Yasuhiro (56255017200)","60252551300; 56255017200","Anomaly Detection in Geothermal Steam Production Time Series Using Singular Spectrum Analysis †","2025","Engineering Proceedings","107","1","24","","","0","10.3390/engproc2025107024","https://www.scopus.com/pages/publications/105025649333?origin=resultslist","Graduate School of Computer Science and Engineering, University of Aizu, Fukushima, 965-0006, Japan","Azuma K., Graduate School of Computer Science and Engineering, University of Aizu, Fukushima, 965-0006, Japan; Hashimoto Y., Graduate School of Computer Science and Engineering, University of Aizu, Fukushima, 965-0006, Japan","Geothermal power generation offers a high availability factor and independence from weather conditions, yet steam production in geothermal wells often declines over time due to factors such as pressure depletion and scale deposition. To enable early detection of production anomalies and optimize maintenance, this paper proposes an anomaly detection framework based on Singular Spectrum Analysis (SSA). First, a Butterworth low-pass filter reduces high-frequency noise; then, SSA decomposes the time series, focusing on the largest singular value’s corresponding vectors. An anomaly score measures the deviation between current and historical singular vectors, and Non-Maximum Suppression (NMS) aggregates consecutive peaks to reduce false positives. We apply this method to 14 years of data from nine geothermal wells, comparing two threshold strategies: a unified threshold and well-specific thresholds. Results show that while a unified threshold simplifies deployment, individual thresholds can improve detection in certain wells, underscoring the impact of well characteristics and class imbalance. Our findings demonstrate that SSA-based anomaly detection, combined with NMS and threshold optimization, can effectively support maintenance decisions in geothermal power plants. © 2025 by the authors.","anomaly detection; geothermal power generation; singular spectrum analysis (SSA); time series analysis","","Y. Hashimoto; Graduate School of Computer Science and Engineering, University of Aizu, Fukushima, 965-0006, Japan; email: hashimo@u-aizu.ac.jp","","Multidisciplinary Digital Publishing Institute (MDPI)","26734591","","","","English","Eng. Proc.","Article","Final","All Open Access; Gold Open Access; Green Open Access","Scopus","2-s2.0-105025649333"
"Wang D.; Foster J.T.; Lu Y.; Rustamzade E.; Xiong H.; Thompson A.; Pyrcz M.J.","Wang, Dinghan (60514277900); Foster, John T (56334001400); Lu, Yingda (55506645800); Rustamzade, Elnara (58571307100); Xiong, Hongjie (57203326442); Thompson, Andrea (58209684300); Pyrcz, Michael J (6507450938)","60514277900; 56334001400; 55506645800; 58571307100; 57203326442; 58209684300; 6507450938","A comprehensive machine learning workflow for classifying production profiles in unconventional reservoirs","2026","Energy Exploration and Exploitation","44","4","","1806","1829","1","10.1177/01445987261433779","https://www.scopus.com/pages/publications/105033371325?origin=resultslist","Department of Petroleum and Geosystems Engineering, The University of Texas at Austin, Austin, TX, United States; Oden Institute for Computational Engineering and Sciences, The University of Texas at Austin, Austin, TX, United States; University Lands, Houston, TX, United States; Department of Earth and Planetary Sciences, The University of Texas at Austin, Austin, TX, United States","Wang D., Department of Petroleum and Geosystems Engineering, The University of Texas at Austin, Austin, TX, United States; Foster J.T., Department of Petroleum and Geosystems Engineering, The University of Texas at Austin, Austin, TX, United States, Oden Institute for Computational Engineering and Sciences, The University of Texas at Austin, Austin, TX, United States; Lu Y., Department of Petroleum and Geosystems Engineering, The University of Texas at Austin, Austin, TX, United States; Rustamzade E., Department of Petroleum and Geosystems Engineering, The University of Texas at Austin, Austin, TX, United States; Xiong H., University Lands, Houston, TX, United States; Thompson A., University Lands, Houston, TX, United States; Pyrcz M.J., Department of Petroleum and Geosystems Engineering, The University of Texas at Austin, Austin, TX, United States, Department of Earth and Planetary Sciences, The University of Texas at Austin, Austin, TX, United States","Accurate determination and prediction of production profile types in unconventional reservoirs is a critical task for optimizing petroleum exploration and development. While machine learning (ML) methods have been increasingly applied in petroleum engineering, a comprehensive and generalizable workflow for classifying and predicting production profiles remains lacking. To support unconventional reservoir decision-making, we propose an ML workflow integrating geological, completion, and production data. The workflow begins with univariate and multivariate analyses to explore data relationships, followed by feature selection using multiple ranking methods: maximum relevance–minimum redundancy, variance inflation factor, partial correlation coefficient, recursive feature elimination, and model-based random forest importance. This yields six key features selected from the initial dataset. K-Means clustering applied to a dataset of 189 Permian Basin wells identifies two distinct production patterns (high and low), with normalized oil production histories showing clear separation. Multidimensional scaling (MDS) is used to reduce feature dimensionality to two components while preserving pairwise sample distances, enabling improved visualization and interpretability. A random forest classification model trained on these MDS components achieves a higher test accuracy (97.5%) and stability (lower variance) compared to a reference model using the original high-dimensional features (95.0%) and the model using two principal components of principal component analysis (90.0%). This workflow facilitates the automated classification of production profiles and provides a data-driven foundation for optimizing completion designs in unconventional reservoir development. © The Author(s) 2026. This article is distributed under the terms of the Creative Commons Attribution 4.0 License (https://creativecommons.org/licenses/by/4.0/) which permits any use, reproduction and distribution of the work without further permission provided the original work is attributed as specified on the SAGE and Open Access page (https://us.sagepub.com/en-us/nam/open-access-at-sage).","classification model; decision-making; dimensionality reduction; feature ranking and selection; machine learning inference; machine learning prediction; Unconventional reservoirs","Classification (of information); Data visualization; Feature extraction; Gasoline; K-means clustering; Learning systems; Multivariant analysis; Oil well production; Petroleum industry; Petroleum prospecting; Petroleum reservoir engineering; Petroleum reservoirs; Principal component analysis; Resource valuation; Well stimulation; Classification models; Decisions makings; Dimensionality reduction; Feature ranking; Features selection; Machine learning inference; Machine learning prediction; Machine-learning; Ranking and selection; Unconventional reservoirs; Decision making","D. Wang; Department of Petroleum and Geosystems Engineering, The University of Texas at Austin, Austin, United States; email: wangdinghan0812@utexas.edu","","SAGE Publications Inc.","01445987","","EEEXD","","English","Energy Explor Exploit","Article","Final","All Open Access; Gold Open Access","Scopus","2-s2.0-105033371325"
"Chen G.; Wang X.; Zhao H.; Li X.; Zhao L.","Chen, Guijuan (55532312000); Wang, Xiao (59067067200); Zhao, Haiyang (55531976700); Li, Xue (58612040500); Zhao, Lixin (7404455532)","55532312000; 59067067200; 55531976700; 58612040500; 7404455532","High-Dimensional Mapping Entropy Method and Its Application in the Fault Diagnosis of Reciprocating Compressors","2023","Applied Sciences (Switzerland)","13","24","13084","","","2","10.3390/app132413084","https://www.scopus.com/pages/publications/85192361297?origin=resultslist","Mechanical Science and Engineering Institute, Northeast Petroleum University, Daqing, 163318, China","Chen G., Mechanical Science and Engineering Institute, Northeast Petroleum University, Daqing, 163318, China; Wang X., Mechanical Science and Engineering Institute, Northeast Petroleum University, Daqing, 163318, China; Zhao H., Mechanical Science and Engineering Institute, Northeast Petroleum University, Daqing, 163318, China; Li X., Mechanical Science and Engineering Institute, Northeast Petroleum University, Daqing, 163318, China; Zhao L., Mechanical Science and Engineering Institute, Northeast Petroleum University, Daqing, 163318, China","The effectiveness of feature extraction is a critical aspect of fault diagnosis for petrochemical machinery and equipment. Traditional entropy analysis methods are prone to disruption by noise, parameter sensitivity, and sudden entropy variations. This study establishes a high-dimensional mapping entropy (HDME) method characterized by robust noise resistance, addressing the issues of parameter sensitivity and inadequate noise suppression inherent in traditional feature extraction methodologies. A mapping theory of high-dimensional space based on kernel function pattern recognition is proposed, which reassembles the sample vector after phase space reconstruction of time series. The multi-scale high-dimensional mapping entropy (MHDME) and refined composite multi-scale high-dimensional mapping entropy (RCMHDME) algorithms are further studied based on the idea of refined composite multi-scale. Application to simulated signals shows that the suggested methods reduce parameter sensitivity and enhance entropy smoothness. The development of a methodology to identify faults through MHDME is proposed. This approach integrates signal preprocessing and intelligent preference techniques to achieve pattern recognition of reciprocating compressor bearings in various wear conditions. Moreover, the identification findings demonstrate that the suggested approach can effectively extract the characteristics of the signal and accurately distinguish the effects caused by different faults. © 2023 by the authors.","fault diagnosis; feature extraction; high-dimensional mapping entropy; reciprocating compressors; sample entropy","","H. Zhao; Mechanical Science and Engineering Institute, Northeast Petroleum University, Daqing, 163318, China; email: zhaohaiyang2003@126.com","","Multidisciplinary Digital Publishing Institute (MDPI)","20763417","","","","English","Appl. Sci.","Article","Final","All Open Access; Gold Open Access; Green Open Access","Scopus","2-s2.0-85192361297"
"Chien C.-C.; Jenkins W.F., II; Gerstoft P.; Zumberge M.; Mellors R.","Chien, Chih-Chieh (58043575200); Jenkins, William F. (57272836000); Gerstoft, Peter (7003479114); Zumberge, Mark (6701650582); Mellors, Robert (57203254568)","58043575200; 57272836000; 7003479114; 6701650582; 57203254568","Automatic classification with an autoencoder of seismic signals on a distributed acoustic sensing cable","2023","Computers and Geotechnics","155","","105223","","","15","10.1016/j.compgeo.2022.105223","https://www.scopus.com/pages/publications/85145650071?origin=resultslist","Scripps Institution of Oceanography, University of California San Diego, La Jolla, CA, United States","Chien C.-C., Scripps Institution of Oceanography, University of California San Diego, La Jolla, CA, United States; Jenkins W.F., II, Scripps Institution of Oceanography, University of California San Diego, La Jolla, CA, United States; Gerstoft P., Scripps Institution of Oceanography, University of California San Diego, La Jolla, CA, United States; Zumberge M., Scripps Institution of Oceanography, University of California San Diego, La Jolla, CA, United States; Mellors R., Scripps Institution of Oceanography, University of California San Diego, La Jolla, CA, United States","This study probes the association between fluid injection in enhanced geothermal systems and certain kinds of seismicity that may result from hydraulic fracturing occurring at depth using unsupervised machine learning. In April and May 2019, a distributed acoustic sensing borehole array at the Frontier Observatory for Research in Geothermal Energy site near Milford, Utah recorded seismic data during hydraulic injection stimulation of a nearby well. Using an autoencoder, a type of deep neural network, we reduce the dimensionality of spectrograms of the detected signals to a lower-dimensional latent feature space with just nine dimensions. Next, Gaussian mixture model clustering is performed on this latent feature space, assigning each detected signal to one of 7 classes. For each signal class, we examine spatiotemporal distributions of the clustered results and find that total detections exhibit a bimodal distribution with respect to channel depth. The shallow mode occurs between 250 and 500 m, and the deep mode is centered around 750 m. In the temporal distribution, clustering results show the two best-clustered signal classes exhibit weak or no correlation with injection-related activities. More generally, we demonstrate the ability to discern not just when and where signals are detected, but also what kind, thus enabling rapid and targeted data exploration and providing constraints on source mechanisms. © 2022 The Author(s)","Convolutional autoencoder network; Distributed acoustic sensing; Gaussian mixture model","United States; Utah; Clustering algorithms; Feature extraction; Gaussian distribution; Geothermal fields; Geothermal wells; Hydraulic fracturing; Image segmentation; Learning systems; Seismic waves; Seismology; Signal detection; Acoustic sensing; Auto encoders; Automatic classification; Convolutional autoencoder network; Distributed acoustic sensing; Feature space; Gaussian Mixture Model; Seismic signals; Signal class; Signal-on; artificial neural network; classification; enhanced geothermal system; fluid injection; Gaussian method; geothermal energy; seismic data; seismicity; Deep neural networks","C.-C. Chien; Scripps Institution of Oceanography, University of California San Diego, La Jolla, United States; email: cchien@ucsd.edu","","Elsevier Ltd","0266352X","","CGEOE","","English","Comput. Geotech.","Article","Final","All Open Access; Hybrid Gold Open Access","Scopus","2-s2.0-85145650071"
"Osheter T.; Campisi Pinto S.; Randieri C.; Perrotta A.; Linder C.; Weisman Z.","Osheter, Tatiana (57608839100); Campisi Pinto, Salvatore (55270332200); Randieri, Cristian (6506825031); Perrotta, Andrea (58119236800); Linder, Charles (7006218953); Weisman, Zeev (6603928151)","57608839100; 55270332200; 6506825031; 58119236800; 7006218953; 6603928151","Semi-Autonomic AI LF-NMR Sensor for Industrial Prediction of Edible Oil Oxidation Status","2023","Sensors","23","4","2125","","","16","10.3390/s23042125","https://www.scopus.com/pages/publications/85148969322?origin=resultslist","Phyto-Lipid Biotech Lab (PLBL), Department of Biotechnology Engineering, Ben Gurion University of the Negev, Beer Sheva, 8499000, Israel; eCampus University, Via Isimbardi, 10, Novedrate, 22060, Italy","Osheter T., Phyto-Lipid Biotech Lab (PLBL), Department of Biotechnology Engineering, Ben Gurion University of the Negev, Beer Sheva, 8499000, Israel; Campisi Pinto S., Phyto-Lipid Biotech Lab (PLBL), Department of Biotechnology Engineering, Ben Gurion University of the Negev, Beer Sheva, 8499000, Israel; Randieri C., eCampus University, Via Isimbardi, 10, Novedrate, 22060, Italy; Perrotta A., eCampus University, Via Isimbardi, 10, Novedrate, 22060, Italy; Linder C., Phyto-Lipid Biotech Lab (PLBL), Department of Biotechnology Engineering, Ben Gurion University of the Negev, Beer Sheva, 8499000, Israel; Weisman Z., Phyto-Lipid Biotech Lab (PLBL), Department of Biotechnology Engineering, Ben Gurion University of the Negev, Beer Sheva, 8499000, Israel","The evaluation of an oil’s oxidation status during industrial production is highly important for monitoring the oil’s purity and nutritional value during production, transportation, storage, and cooking. The oil and food industry is seeking a real-time, non-destructive, rapid, robust, and low-cost sensor for nutritional oil’s material characterization. Towards this goal, a 1H LF-NMR relaxation sensor application based on the chemical and structural profiling of non-oxidized and oxidized oils was developed. This study dealt with a relatively large-scale oil oxidation database, which included crude data of a 1H LF-NMR relaxation curve, and its reconstruction into T1 and T2 spectral fingerprints, self-diffusion coefficient D, and conventional standard chemical test results. This study used a convolutional neural network (CNN) that was trained to classify T2 relaxation curves into three ordinal classes representing three different oil oxidation levels (non-oxidized, partial oxidation, and high level of oxidation). Supervised learning was used on the T2 signals paired with the ground-truth labels of oxidation values as per conventional chemical lab oxidation tests. The test data results (not used for training) show a high classification accuracy (95%). The proposed AI method integrates a large training set, an LF-NMR sensor, and a machine learning program that meets the requirements of the oil and food industry and can be further developed for other applications. © 2023 by the authors.","chemical standards of oil oxidation; CNN; data mining; machine learning; pattern recognition; self-diffusion; T<sub>2</sub> relaxation curve","Autonomic Nervous System; Cooking; Industry; Machine Learning; Magnetic Resonance Imaging; Application programs; Costs; Data mining; Diffusion in liquids; Digital storage; Machine learning; Oils and fats; Pattern recognition; Petroleum transportation; Chemical standard of oil oxidation; Chemical standards; Convolutional neural network; Food industries; Machine-learning; Oil industries; Oil oxidation; Relaxation curves; Self-diffusions; T2 relaxation curve; autonomic nervous system; cooking; industry; machine learning; nuclear magnetic resonance imaging; Oxidation","Z. Weisman; Phyto-Lipid Biotech Lab (PLBL), Department of Biotechnology Engineering, Ben Gurion University of the Negev, Beer Sheva, 8499000, Israel; email: zeev.wiesman@gmail.com","","MDPI","14248220","","","36850723","English","Sensors","Article","Final","All Open Access; Gold Open Access; Green Open Access","Scopus","2-s2.0-85148969322"
"Sad C.M.S.; da Silva M.; dos Santos F.D.; Pereira L.B.; Corona R.R.B.; Silva S.R.C.; Portela N.A.; Castro E.V.R.; Filgueiras P.R.; Lacerda V., Jr","Sad, Cristina M.S. (45161720500); da Silva, Mayara (57201596937); dos Santos, Francine D. (56730169400); Pereira, Laine B. (57200175348); Corona, Rayane R.B. (57201660668); Silva, Samantha R.C. (56106028800); Portela, Natália A. (56950977800); Castro, Eustáquio V.R. (7006005533); Filgueiras, Paulo R. (36052984700); Lacerda, Valdemar (6506684280)","45161720500; 57201596937; 56730169400; 57200175348; 57201660668; 56106028800; 56950977800; 7006005533; 36052984700; 6506684280","Multivariate data analysis applied in the evaluation of crude oil blends","2019","Fuel","239","","","421","428","15","10.1016/j.fuel.2018.11.045","https://www.scopus.com/pages/publications/85056446817?origin=resultslist","Laboratory of Research and Methodologies Development for Petroleum Analysis, Chemistry Department, Federal University of Espírito Santo, Av. Fernando Ferrari, 514, Goiabeiras, P.O. Box: 29075-910, Vitória, ES, Brazil","Sad C.M.S., Laboratory of Research and Methodologies Development for Petroleum Analysis, Chemistry Department, Federal University of Espírito Santo, Av. Fernando Ferrari, 514, Goiabeiras, P.O. Box: 29075-910, Vitória, ES, Brazil; da Silva M., Laboratory of Research and Methodologies Development for Petroleum Analysis, Chemistry Department, Federal University of Espírito Santo, Av. Fernando Ferrari, 514, Goiabeiras, P.O. Box: 29075-910, Vitória, ES, Brazil; dos Santos F.D., Laboratory of Research and Methodologies Development for Petroleum Analysis, Chemistry Department, Federal University of Espírito Santo, Av. Fernando Ferrari, 514, Goiabeiras, P.O. Box: 29075-910, Vitória, ES, Brazil; Pereira L.B., Laboratory of Research and Methodologies Development for Petroleum Analysis, Chemistry Department, Federal University of Espírito Santo, Av. Fernando Ferrari, 514, Goiabeiras, P.O. Box: 29075-910, Vitória, ES, Brazil; Corona R.R.B., Laboratory of Research and Methodologies Development for Petroleum Analysis, Chemistry Department, Federal University of Espírito Santo, Av. Fernando Ferrari, 514, Goiabeiras, P.O. Box: 29075-910, Vitória, ES, Brazil; Silva S.R.C., Laboratory of Research and Methodologies Development for Petroleum Analysis, Chemistry Department, Federal University of Espírito Santo, Av. Fernando Ferrari, 514, Goiabeiras, P.O. Box: 29075-910, Vitória, ES, Brazil; Portela N.A., Laboratory of Research and Methodologies Development for Petroleum Analysis, Chemistry Department, Federal University of Espírito Santo, Av. Fernando Ferrari, 514, Goiabeiras, P.O. Box: 29075-910, Vitória, ES, Brazil; Castro E.V.R., Laboratory of Research and Methodologies Development for Petroleum Analysis, Chemistry Department, Federal University of Espírito Santo, Av. Fernando Ferrari, 514, Goiabeiras, P.O. Box: 29075-910, Vitória, ES, Brazil; Filgueiras P.R., Laboratory of Research and Methodologies Development for Petroleum Analysis, Chemistry Department, Federal University of Espírito Santo, Av. Fernando Ferrari, 514, Goiabeiras, P.O. Box: 29075-910, Vitória, ES, Brazil; Lacerda V., Jr, Laboratory of Research and Methodologies Development for Petroleum Analysis, Chemistry Department, Federal University of Espírito Santo, Av. Fernando Ferrari, 514, Goiabeiras, P.O. Box: 29075-910, Vitória, ES, Brazil","In this paper, monitoring of the physicochemical properties of crude oil blends during production stages is described. The data of the properties of crude oil blends were obtained by laboratory characterization, and then analyzed by principal component analysis (PCA), hierarchical cluster analysis (HCA), and Mahanalobis distance. Thus, the quality of the blends was monitored quickly with simple multivariate tools. The results indicate that a change in the contribution of different wells in the blends caused a change in the profile. The PCA demonstrated that in each period, the physicochemical properties in the blends contributed to verifying the spread of the data. The blends could be organized by HCA, and it was possible to identify outlier samples with different quality standards for the oil. This information is important because it allows checking the changes in the oil profile, which helps in making adjustments to improve the quality of the final product in the primary process. © 2018 Elsevier Ltd","Blend; Crude oil; Multivariate analysis; Outlier detection","Blending; Cluster analysis; Crude oil; Hierarchical systems; Multivariant analysis; Principal component analysis; Statistics; Hierarchical cluster analysis; Multi variate analysis; Multivariate data analysis; Multivariate tools; Outlier Detection; Physicochemical property; Production stage; Quality standard; Petroleum analysis","V. Lacerda; Laboratory of Research and Methodologies Development for Petroleum Analysis, Chemistry Department, Federal University of Espírito Santo, Vitória, Av. Fernando Ferrari, 514, Goiabeiras, P.O. Box: 29075-910, Brazil; email: vljuniorqui@gmail.com","","Elsevier Ltd","00162361","","FUELA","","English","Fuel","Article","Final","All Open Access; Bronze Open Access","Scopus","2-s2.0-85056446817"
"Penkrot M.L.; Jaeger J.M.; Cowan E.A.; St-Onge G.; LeVay L.","Penkrot, Michelle L. (57203284310); Jaeger, John M. (7102052533); Cowan, Ellen A. (57203068652); St-Onge, Guillaume (6603925461); LeVay, Leah (56297659100)","57203284310; 7102052533; 57203068652; 6603925461; 56297659100","Multivariate modeling of glacimarine lithostratigraphy combining scanning XRF, multisensory core properties, and CT imagery: IODP Site U1419","2018","Geosphere","14","4","","1935","1960","18","10.1130/GES01635.1","https://www.scopus.com/pages/publications/85051141506?origin=resultslist","Department of Geological Sciences, University of Florida, Gainesville, 32611-2120, FL, United States; Department of Geological and Environmental Sciences, Appalachian State University, Boone, 28608, NC, United States; Institut des sciences de la mer de Rimouski (ISMER), Canada Research Chair in Marine Geology, Université du Québec à Rimouski and GEOTOP, Rimouski, G5L 3A1, QC, Canada; International Ocean Discovery Program, Texas A and M University, College Station, 77845, TX, United States","Penkrot M.L., Department of Geological Sciences, University of Florida, Gainesville, 32611-2120, FL, United States; Jaeger J.M., Department of Geological Sciences, University of Florida, Gainesville, 32611-2120, FL, United States; Cowan E.A., Department of Geological and Environmental Sciences, Appalachian State University, Boone, 28608, NC, United States; St-Onge G., Institut des sciences de la mer de Rimouski (ISMER), Canada Research Chair in Marine Geology, Université du Québec à Rimouski and GEOTOP, Rimouski, G5L 3A1, QC, Canada; LeVay L., International Ocean Discovery Program, Texas A and M University, College Station, 77845, TX, United States","Marine sediments preserve archives of glacier behavior from many proxies, with lithofacies analysis providing direct evidence of glacial extent and dynamics. Many of these lithofacies have corresponding physical and geochemical properties that may be identified through quantitative, nondestructive logging properties. This study applies supervised and unsupervised classification to downcore logging data to attempt to model temperate glacimarine facies, which are independently identified via visual lithofacies analysis based on core photographs, digital X-radiography, and computed tomography scans. We test the limits of these methods by modeling both broad glacial and interglacial and small-scale variations in Late Pleistocene (< 60,000 yr) glacier extent leading into the Holocene deglaciation for a temperate ice stream at Integrated Ocean Drilling Program Site U1419 in the Gulf of Alaska. Multi-meter-scale mud and diamict lithofacies interpreted as non-glacial versus glacial conditions can be modeled with both methods using downcore physical property logging data (b* color reflectance, magnetic susceptibility, and natural gamma-ray activity) augmented with scanning X-ray fluorescence (XRF) elemental abundance (Ca, Zr, Si, K, Rb, and Al). Physical properties are most useful for delineating decimeter-meter-scale variations in composition and clay content, whereas scanning XRF elements best capture differences in sand versus clay content and composition at decimeter-centimeter scales. Neither classification technique can model the observed small-scale variations in diamict facies using elemental abundance from higher-resolution scanning XRF or from physical properties. Comparison of unsupervised cluster model results with observed lithofacies allows for identification of three different glacial conditions at Site U1419-ice-proximal, fluctuating, and retreating. For small-scale variations in glacial extent, cluster model results are best used as complementary data to image-based lithofacies identification rather than as a replacement. © 2018 The Authors.","","Gulf of Alaska; Pacific Ocean; Gamma rays; Glacial geology; Magnetic susceptibility; Mud logging; Scanning; Software testing; Submarine geology; X ray radiography; Classification technique; Computed tomography scan; Geochemical properties; Integrated ocean drilling programs; Lithofacies analysis; Lithofacies identification; Multivariate modeling; Supervised and unsupervised classification; core logging; glaciomarine deposit; lithofacies; lithostratigraphy; multivariate analysis; Pleistocene-Holocene boundary; supervised classification; tomography; unsupervised classification; X-ray fluorescence; Computerized tomography","M.L. Penkrot; Department of Geological Sciences, University of Florida, Gainesville, 32611-2120, United States; email: mpenkrot@ufl.edu","","Geological Society of America","1553040X","","","","English","Geosphere","Article","Final","All Open Access; Gold Open Access","Scopus","2-s2.0-85051141506"
"Li M.; Wang Y.; Chen Z.; Zhao J.","Li, Meng (57222424744); Wang, Yanxue (36615986500); Chen, Zhigang (57193501517); Zhao, Jie (57222424387)","57222424744; 36615986500; 57193501517; 57222424387","Intelligent fault diagnosis for rotating machinery based on potential energy feature and adaptive transfer affinity propagation clustering","2021","Measurement Science and Technology","32","9","094012","","","7","10.1088/1361-6501/abfef5","https://www.scopus.com/pages/publications/85109450511?origin=resultslist","School of Mechanical-Electronic and Vehicle Engineering, Beijing University of Civil Engineering and Architecture, Beijing, 100044, China; Beijing Key Laboratory of Performance Guarantee on Urban Rail Transit Vehicles, Beijing University of Civil Engineering and Architecture, Beijing, 100044, China; Beijing Engineering Research Center of Monitoring for Construction Safety, Beijing, 100044, China","Li M., School of Mechanical-Electronic and Vehicle Engineering, Beijing University of Civil Engineering and Architecture, Beijing, 100044, China; Wang Y., School of Mechanical-Electronic and Vehicle Engineering, Beijing University of Civil Engineering and Architecture, Beijing, 100044, China, Beijing Key Laboratory of Performance Guarantee on Urban Rail Transit Vehicles, Beijing University of Civil Engineering and Architecture, Beijing, 100044, China; Chen Z., School of Mechanical-Electronic and Vehicle Engineering, Beijing University of Civil Engineering and Architecture, Beijing, 100044, China, Beijing Engineering Research Center of Monitoring for Construction Safety, Beijing, 100044, China; Zhao J., School of Mechanical-Electronic and Vehicle Engineering, Beijing University of Civil Engineering and Architecture, Beijing, 100044, China","To identify fault types with a small amount of unlabeled fault data of rotating machinery, an intelligent fault diagnosis algorithm based on the potential energy feature and adaptive transfer affinity propagation clustering was proposed in this work. The algorithm can extract potential energy features from the intrinsic mode functions of a vibration signal using complete ensemble empirical mode decomposition with adaptive noise. An adaptive transfer judgment model is established from the source domain data after sensitive features extraction and self-weight analysis. The model can adjust the parameters according to the different target domains with unlabeled data. The effectiveness of the proposed intelligent fault diagnosis for roller bearings has been verified on different test-rigs, compared with the traditional classification techniques.  © 2021 IOP Publishing Ltd.","Affinity propagation clustering; Intelligent diagnosis; Potential energy feature; Transfer learning","Computer aided diagnosis; Failure analysis; Molecular physics; Potential energy; Roller bearings; Rotating machinery; Signal processing; Affinity propagation clustering; Classification technique; Ensemble empirical mode decomposition; Intelligent fault diagnosis; Intrinsic Mode functions; Sensitive features; Unlabeled data; Vibration signal; Fault detection","Y. Wang; School of Mechanical-Electronic and Vehicle Engineering, Beijing University of Civil Engineering and Architecture, Beijing, 100044, China; email: Yan.Xue.Wang@gmail.com","","IOP Publishing Ltd","09570233","","MSTCE","","English","Meas. Sci. Technol.","Article","Final","All Open Access; Bronze Open Access","Scopus","2-s2.0-85109450511"
"Addai M.O.","Addai, Millicent Obeng (56520305300)","56520305300","Groundwater pollution assessment using statistical and index based methods in the Wassa area Ghana and its implications for human health","2025","Discover Environment","3","1","170","","","8","10.1007/s44274-025-00380-x","https://www.scopus.com/pages/publications/105018110697?origin=resultslist","Department of Geography Education, University of Education, Winneba, Ghana","Addai M.O., Department of Geography Education, University of Education, Winneba, Ghana","Groundwater extraction in southern Ghana has gained importance because various environmental conditions, including Artisanal Small-scale Gold Mining (ASGM) operations and agricultural practices, along with urban development, have damaged surface water reservoirs. This study statistically and index-wise assessed the quality of 150 groundwater samples from the Wassa area using multivariate techniques and contamination indices, including the Pollution Index of Groundwater (PIG), Fluoride Pollution Index (FPI), and Nitrate Pollution Index (NPI). The borehole water analysis included physicochemical parameters that underwent three methods: Principal Component Analysis (PCA), Hierarchical Cluster Analysis (HCA) and correlation assessments to map the pollution origins and geochemical regulation. The findings regarding pH measurement demonstrated an average value of 6.94 (range: 5.73–8.45), producing mildly acidic water conditions that match WHO guidelines (6.5–8.5). Total dissolved solids (TDS) averaged 155.97 mg/L (range: 6.51–382 mg/L), and total hardness (TH) averaged 60.56 mg/L, with 62.96% of samples exceeding the 100 mg/L desirable limit. All examined groundwater samples met the WHO standards based on analytical tests of TDS, EC, alkalinity, Na+, Ca2+, Mg2+ and Cl−, SO42−, though 3.7% of samples showed fluoride levels above 1.0 mg/L and 1.98% exhibited significant nitrate contamination. PIG values indicated generally low to moderate contamination, with a mean of 0.18 (< 1 for 100% of samples), while the mean FPI of 1.67 classified most samples as low fluoride risk. The health risk assessment performed using USEPA guidelines showed that children experienced the highest non-carcinogenic risks, with 24.75% of samples exceeding THI = 1, compared to 7.92% in women and 4.95% in men. Research findings confirmed the roles of natural factors and human activities in degrading groundwater quality, therefore demanding specific monitoring and policy measures to prevent long-term health problems in mining areas. © The Author(s) 2025.","Galamsey; Groundwater pollution; Human health risk assessment; Pollution Indices","Alkalinity; Analytical geochemistry; Groundwater; Health risks; Hierarchical clustering; Hierarchical systems; Hydrochemistry; Nitrates; Principal component analysis; Reservoirs (water); Risk assessment; River pollution; Urban growth; Environmental conditions; Fluoride pollution; Galamsey; Groundwater extraction; Human health; Human health risk assessment; Pollution assessment; Pollution index; Small scale; Total dissolved solids; Groundwater pollution","M.O. Addai; Department of Geography Education, University of Education, Winneba, Ghana; email: moaddai@uew.edu.gh","","Springer Nature","27319431","","","","English","Discov. Environ.","Article","Final","All Open Access; Gold Open Access; Green Open Access","Scopus","2-s2.0-105018110697"
"Caggiano A.; Nele L.","Caggiano, Alessandra (55769702300); Nele, Luigi (6602777206)","55769702300; 6602777206","Artificial neural networks for tool wear prediction based on sensor fusion monitoring of CFRP/CFRP stack drilling","2018","International Journal of Automation Technology","12","3","","275","281","26","10.20965/ijat.2018.p0275","https://www.scopus.com/pages/publications/85049084708?origin=resultslist","Fraunhofer Joint Laboratory of Excellence on Advanced Production Technology, P.Le Tecchio 80, Naples, 80125, Italy; Department of Industrial Engineering, University of Naples Federico II, Naples, Italy; Department of Chemical, Materials and Industrial Production Engineering, University of Naples Federico II, Naples, Italy","Caggiano A., Fraunhofer Joint Laboratory of Excellence on Advanced Production Technology, P.Le Tecchio 80, Naples, 80125, Italy, Department of Industrial Engineering, University of Naples Federico II, Naples, Italy; Nele L., Department of Chemical, Materials and Industrial Production Engineering, University of Naples Federico II, Naples, Italy","An intelligent sensor monitoring procedure was implemented to monitor the drilling of carbon fiber reinforced plastic (CFRPVCFRI) stacks used in the assembly of aircraft fuselage panels: the signals from these sensors were then used to develop an artificial neural network-based cognitive paradigm to predict tool wear, which would allow on-line decision making regarding tool replacement. A multiple sensor system, capable of acquiring signals relative to thrust force, torque, and acoustic emission RMS. was employed during experimental drilling tests, under different rotational speed and feed conditions. Advanced sensor signal processing techniques, including signal conditioning and segmentation, as well as statistical feature extraction and data fusion, were implemented on the acquired signals. Selected statistical features extracted from the multiple sensor signals in the time domain were combined via sensor fusion techniques to construct sensor fusion pattern vectors. These were then fed to artificial neural networks for pattern recognition. with the goal of finding correlations which would allow the prediction of the corresponding tool wear. The tool wear prediction performed by the artificial neural network can be utilized to support decision making at the appropriate time for worn tool replacement. Which is extremely useful for drilling automation. As well as for estimating the quality of the drilled holes. © 2018, Fuji Technology Press. All rights reserved.","Artificial neural network; Composite material; Drilling; Sensor monitoring; Tool wear prediction","Acoustic emission testing; Carbon fiber reinforced plastics; Composite materials; Decision making; Drilling; Fiber reinforced plastics; Forecasting; Fuselages; Infill drilling; Neural networks; Pattern recognition; Sensor data fusion; Signal processing; Time domain analysis; Wear of materials; Drilling automation; Intelligent sensors; Multiple sensor systems; On-line decision makings; Sensor monitoring; Statistical feature extractions; Statistical features; Tool wear; Cutting tools","A. Caggiano; Fraunhofer Joint Laboratory of Excellence on Advanced Production Technology, Naples, P.Le Tecchio 80, 80125, Italy; email: alessandra.caggiano@unina.it","","Fuji Technology Press","18817629","","","","English","Int. J. Autom. Technol.","Article","Final","All Open Access; Gold Open Access","Scopus","2-s2.0-85049084708"
"Al-Aizari A.R.; Wang L.; Gao D.; Beck H.","Al-Aizari, Ali R. (57218891242); Wang, Lichun (55545037900); Gao, Di (60579256900); Beck, Hylke (23011510400)","57218891242; 55545037900; 60579256900; 23011510400","Evident Dependence of Dynamics of Baseflow on Groundwater Across the Contiguous United States","2026","Water Resources Research","62","4","e2025WR042225","","","1","10.1029/2025WR042225","https://www.scopus.com/pages/publications/105035693152?origin=resultslist","Institute of Surface-Earth System Science, School of Earth System Science, Tianjin University, Tianjin, China; Critical Zone Observatory of Bohai Coastal Region, Tianjin University, Tianjin, China; Tianjin Key Laboratory of Earth Critical Zone Science and Sustainable Development in Bohai Rim, Tianjin, China; Physical Science and Engineering Division, King Abdullah University of Science and Technology, Thuwal, Saudi Arabia","Al-Aizari A.R., Institute of Surface-Earth System Science, School of Earth System Science, Tianjin University, Tianjin, China; Wang L., Institute of Surface-Earth System Science, School of Earth System Science, Tianjin University, Tianjin, China, Critical Zone Observatory of Bohai Coastal Region, Tianjin University, Tianjin, China, Tianjin Key Laboratory of Earth Critical Zone Science and Sustainable Development in Bohai Rim, Tianjin, China; Gao D., Institute of Surface-Earth System Science, School of Earth System Science, Tianjin University, Tianjin, China; Beck H., Physical Science and Engineering Division, King Abdullah University of Science and Technology, Thuwal, Saudi Arabia","Understanding baseflow dynamics is essential for sustainable ecosystem and water resource management. While most studies have documented climate-baseflow relationships at regional scales, observational evidence of how groundwater influences baseflow dynamics across different spatiotemporal scales remains limited, substantially constraining mechanistic understanding. To address this gap, we conducted a systematic continental-scale analysis of groundwater-baseflow linkages across 18 major US watersheds from 1980 to 2020. We analyzed daily discharge from 7,016 stations and estimated baseflow using a recursive digital filter. We also identified 470 paired shallow groundwater well-gauge sites within 5-km proximity to evaluate hydraulic connectivity across multiple time scales. Key findings were as follows: (a) Annual baseflow trends revealed pronounced east-west spatial clustering, with predominantly increasing trends in eastern watersheds and decreasing trends in western watersheds. (b) Seasonal analysis indicated strong synchronicity between groundwater level fluctuations and baseflow dynamics, with matched trend directions from 68.75% (fall) to 92.86% (summer) of paired sites. Spearman correlations further demonstrated robust positive seasonal relationships (ρ = 0.686–0.791, all p < 0.005). (c) At the monthly scale, linear regression and Spearman correlation analyses showed weak associations between baseflow and climate variables (R2 = 0.02–0.31), but substantially stronger associations with upstream groundwater levels (R2 = 0.61–0.95). (d) At the daily scale, strong associations between baseflow dynamics and groundwater levels (R2 = 0.63–0.95) further support direct hydraulic connectivity between groundwater and river systems. Collectively, these findings indicate that groundwater is the dominant control on baseflow temporal variability across multiple timescales, whereas climate influences may emerge at annual or longer time scales due to groundwater travel times and long system memory. Our results underscore the importance of groundwater monitoring for improving baseflow prediction and water resources management. © 2026. The Author(s).","baseflow; climate; contiguous United States; discharge; groundwater; groundwater-surface water interaction","Discharge (fluid mechanics); Ecosystems; Groundwater resources; Petroleum reservoir evaluation; Rivers; Surface discharges; Travel time; Water conservation; Water management; Watersheds; Baseflows; Climate; Contiguous united state; Discharge; Ground water level; Ground water/surface water interactions; Hydraulic connectivity; Multiple time scale; Spearman correlation; Water resources management; Groundwater","L. Wang; Institute of Surface-Earth System Science, School of Earth System Science, Tianjin University, Tianjin, China; email: wanglichun@tju.edu.cn","","John Wiley and Sons Inc","00431397","","WRERA","","English","Water Resour. Res.","Article","Final","All Open Access; Gold Open Access; Green Open Access","Scopus","2-s2.0-105035693152"
"Ahmad I.; Neshat M.; Garrido A.; Garrido I.","Ahmad, Irfan (57466592700); Neshat, Mehdi (25654357600); Garrido, Aitor (7102279659); Garrido, Izaskun (57821878100)","57466592700; 25654357600; 7102279659; 57821878100","Optimization of control-oriented AI models for real-time platform pitch prediction in hybrid wind-wave offshore systems","2025","Energy Reports","14","","","2670","2685","2","10.1016/j.egyr.2025.09.006","https://www.scopus.com/pages/publications/105016852977?origin=resultslist","Automatic Control Group - ACG, Inst. of Research and Development of Processes - IIDP, Department of Automatic Control and Systems, Engineering School of Bilbao – EIB/BIE, University of the Basque Country, UPV/EHU, Rafael Moreno 3, Bilbao, 48013, Spain; Faculty of Engineering and Information Technology, University of Technology Sydney, Ultimo, Sydney, 2007, NSW, Australia","Ahmad I., Automatic Control Group - ACG, Inst. of Research and Development of Processes - IIDP, Department of Automatic Control and Systems, Engineering School of Bilbao – EIB/BIE, University of the Basque Country, UPV/EHU, Rafael Moreno 3, Bilbao, 48013, Spain; Neshat M., Faculty of Engineering and Information Technology, University of Technology Sydney, Ultimo, Sydney, 2007, NSW, Australia; Garrido A., Automatic Control Group - ACG, Inst. of Research and Development of Processes - IIDP, Department of Automatic Control and Systems, Engineering School of Bilbao – EIB/BIE, University of the Basque Country, UPV/EHU, Rafael Moreno 3, Bilbao, 48013, Spain; Garrido I., Automatic Control Group - ACG, Inst. of Research and Development of Processes - IIDP, Department of Automatic Control and Systems, Engineering School of Bilbao – EIB/BIE, University of the Basque Country, UPV/EHU, Rafael Moreno 3, Bilbao, 48013, Spain","This study presents a control-oriented deep learning framework for real-time prediction of platform pitch motion in hybrid offshore wind-wave systems. The core contribution lies in a hybrid CNN-LSTM architecture augmented with time–frequency features derived from the fourier synchrosqueezed transform (FSST). This integrated design enables simultaneous spatial pattern recognition, temporal sequence modeling, and spectral enrichment, capturing complex nonlinear dynamics inherent to multivariate time series data. Trained on high-fidelity OpenFAST simulation data, the proposed model achieves a root mean square error (RMSE) of 0.26 degrees with an inference latency of 15 ms, outperforming conventional physics-based and standalone neural models by a factor of 6.4. Robustness is demonstrated across diverse operating conditions, with sensitivity analyses confirming stable predictive performance under varying wave heights, wind speeds, and control inputs. In addition to accuracy, the study addresses deployment feasibility on embedded hardware, model interpretability, and readiness for integration with model predictive control (MPC) architectures. Key limitations, such as generalizability to extreme conditions and explainability, are critically examined, offering a roadmap for future enhancements. By bridging simulation-based learning with real-time control demands, this work advances the applicability of deep learning in offshore renewable energy platforms. It provides a scalable, low-latency, and accurate solution for intelligent vibration mitigation and next-generation control of floating hybrid systems. © 2025 The Authors","CNN; Deep learning; FSST; Hybrid systems; LSTM; Offshore wind; Platform pitch; Predictive modeling; Real-time control; Wave energy","Drilling platforms; Dynamics; Interactive computer systems; Learning systems; Mean square error; Model predictive control; Offshore oil well production; Pattern recognition; Predictive control systems; Real time control; Sensitivity analysis; Simulation platform; Time and motion study; Water waves; Deep learning; Fourier; Fourier synchrosqueezed transform; LSTM; Offshore winds; Platform pitch; Predictive models; Real-time control; Wave energy; Wind wave; Deep learning; Hybrid systems","I. Ahmad; Automatic Control Group - ACG, Inst. of Research and Development of Processes - IIDP, Department of Automatic Control and Systems, Engineering School of Bilbao – EIB/BIE, University of the Basque Country, UPV/EHU, Bilbao, Rafael Moreno 3, 48013, Spain; email: irfan.ahmad@ehu.eus","","Elsevier Ltd","23524847","","","","English","Energy Rep.","Article","Final","All Open Access; Gold Open Access","Scopus","2-s2.0-105016852977"
"Aoki M.; Yamamoto Y.; Tokumitsu R.; Uchiyama Y.; Takai N.","Aoki, Masashi (60339687400); Yamamoto, Yu (55376250800); Tokumitsu, Ryoichi (37089600100); Uchiyama, Yasuo (42462572300); Takai, Nobuo (36132459900)","60339687400; 55376250800; 37089600100; 42462572300; 36132459900","Investigating the origin of azimuthal site-response variability using KiK-net data: a twofold spectral ratio approach","2026","Earth, Planets and Space","78","1","161","","","0","10.1186/s40623-026-02494-9","https://www.scopus.com/pages/publications/105045561030?origin=resultslist","Taisei Advanced Center of Technology, Taisei Corporation, Yokohama, 245-0051, Japan; Faculty of Engineering, Hokkaido University, Sapporo, 060-8628, Japan","Aoki M., Taisei Advanced Center of Technology, Taisei Corporation, Yokohama, 245-0051, Japan; Yamamoto Y., Taisei Advanced Center of Technology, Taisei Corporation, Yokohama, 245-0051, Japan; Tokumitsu R., Taisei Advanced Center of Technology, Taisei Corporation, Yokohama, 245-0051, Japan; Uchiyama Y., Taisei Advanced Center of Technology, Taisei Corporation, Yokohama, 245-0051, Japan; Takai N., Faculty of Engineering, Hokkaido University, Sapporo, 060-8628, Japan","Surface-to-borehole spectral ratios (SBSRs) observed at vertical arrays often exhibit substantial event-to-event variability, even for weak motions within the nominally linear range. This variability matters, because one-dimensional (1D) site-response analysis assumes a stable transfer function for a given site, whereas empirical SBSRs often depend on event and arrival direction. If the origin of this directional variability is not understood, some of the variability commonly absorbed into ergodic ground-motion model (GMM) residuals may reflect unresolved but repeatable site behavior. Here we investigate whether the azimuthal dependence of SBSRs in Japan’s Kiban–Kyoshin network (KiK-net) records is more consistent with shared regional path effects or with local site behavior. Using 152,352 records from 6973 earthquakes at 693 KiK-net stations, we first summarize directional SBSR variability with frequency-dependent statistics, Gaussian mixture clustering of SBSR peaks, and multivariate analysis of variance, and show that back-azimuth organizes the variability more strongly than geometric incidence angle. We then reformulate the twofold spectral ratio (TSR) framework for nearby vertical-array station pairs and use this reformulation to define a dual-twofold spectral ratio (DTR), which links the operational comparison of surface TSRs and borehole TSRs to the physical comparison of interevent SBSR fluctuations between stations. Because the main inference is based on the DTR framework and on the agreement between surface TSR and borehole TSR, rather than on direct interpretation of individual spectral peaks, the analysis is less sensitive to noise, pseudoresonance, and other unstable event-specific spectral features. After total-least-squares-based quality control, surface TSRs and borehole TSRs remain positively correlated over 1–10 Hz for 283 station pairs, whereas the interstation correlation of SBSR fluctuations remains weak for both earthquake-pair datasets. Case studies further show that strongly negative correlations arise mainly when the assumptions of the TSR framework break down. These results suggest that, within the analyzed nearby-pair set, the dominant azimuthal SBSR variability is chiefly local and site-specific at the station scale rather than a shared regional path effect. The implications for non-ergodic GMM development are discussed as motivation for future residual-based studies. © The Author(s) 2026.","Azimuthal variation; KiK-net; Site amplification; Site-specific variability; Surface-to-borehole spectral ratio; Twofold spectral ratio","azimuth; empirical analysis; ground motion; one-dimensional modeling; spectral analysis","M. Aoki; Taisei Advanced Center of Technology, Taisei Corporation, Yokohama, 245-0051, Japan; email: aokmss00@pub.taisei.co.jp","","Springer Science and Business Media Deutschland GmbH","13438832","","","","English","Earth Planets Space","Article","Final","All Open Access; Gold Open Access; Green Open Access","Scopus","2-s2.0-105045561030"
"Satybaldina D.; Baydeldinov M.; Issainova A.; Alseitov O.; Konyrkhanova A.; Akhmetova Z.; Seilov S.","Satybaldina, Dina (57193740669); Baydeldinov, Marat (58614271900); Issainova, Aliya (57197726838); Alseitov, Olzhas (58634560900); Konyrkhanova, Assem (57194623313); Akhmetova, Zhanar (56274281300); Seilov, Shakhmaran (57193681396)","57193740669; 58614271900; 57197726838; 58634560900; 57194623313; 56274281300; 57193681396","Artificial Olfactory System for Distinguishing Oil-Contaminated Soils","2023","WSEAS Transactions on Environment and Development","19","","","951","960","3","10.37394/232015.2023.19.89","https://www.scopus.com/pages/publications/85173521965?origin=resultslist","Department of Information Security, L.N. Gumilyov, Eurasian National University, 2, Satpayev str, Astana, 010008, Kazakhstan","Satybaldina D., Department of Information Security, L.N. Gumilyov, Eurasian National University, 2, Satpayev str, Astana, 010008, Kazakhstan; Baydeldinov M., Department of Information Security, L.N. Gumilyov, Eurasian National University, 2, Satpayev str, Astana, 010008, Kazakhstan; Issainova A., Department of Information Security, L.N. Gumilyov, Eurasian National University, 2, Satpayev str, Astana, 010008, Kazakhstan; Alseitov O., Department of Information Security, L.N. Gumilyov, Eurasian National University, 2, Satpayev str, Astana, 010008, Kazakhstan; Konyrkhanova A., Department of Information Security, L.N. Gumilyov, Eurasian National University, 2, Satpayev str, Astana, 010008, Kazakhstan; Akhmetova Z., Department of Information Security, L.N. Gumilyov, Eurasian National University, 2, Satpayev str, Astana, 010008, Kazakhstan; Seilov S., Department of Information Security, L.N. Gumilyov, Eurasian National University, 2, Satpayev str, Astana, 010008, Kazakhstan","Oil-contaminated soils are a major environmental problem for Kazakhstan. Oil spills or leaks lead to profound changes in the physical and agrochemical properties of the soil and the accumulation of hazardous substances. Whilst there are many remote sensing techniques and complex laboratory methods for oil spill detection, developing simple, reliable, and inexpensive tools for detecting the presence of pollutants in the soil is a relevant research task. The study aims to research the possibilities of an electronic nose combining a chemical sensor array with pattern recognition techniques to distinguish volatile organic compounds from several types of hydrocarbon soil pollutants. An electronic nose system was assembled in our laboratory. It includes eight gas metal oxide sensors, a humidity and temperature sensor, an analog-digital processing unit, and a data communication unit. We measured changes in the electrical conductivity of sensors in the presence of volatile organic compounds released from oil and petroleum products and samples of contaminated and uncontaminated soils. The list of experimental samples includes six types of soils corresponding to different soil zones of Kazakhstan, crude oil from three oil fields in Kazakhstan, and five types of locally produced fuel oil (including gasoline, kerosene, diesel fuel, engine oil, and used engine oil). We used principal component analysis to statistically process multidimensional sensor data, feature extraction, and collect the volatile fingerprint dataset. Pattern recognition using machine learning algorithms made it possible to classify digital fingerprints of samples with an average accuracy of about 92%. The study results show that electronic nose sensors are sensitive to soil hydrocarbon content. The proposed approach based on machine olfaction is a fast, accurate, and inexpensive method for detecting oil spills and leaks, and it can complement remote sensing methods based on computer vision. © 2023, World Scientific and Engineering Academy and Society. All rights reserved.","artificial olfaction; crude oil; electronic nose; environment; machine learning; petroleum-derived products; pollution; sensor; soil; volatile organic compounds","","","","World Scientific and Engineering Academy and Society","17905079","","","","English","WSEAS Trans. Environ. Dev.","Article","Final","All Open Access; Gold Open Access","Scopus","2-s2.0-85173521965"
"Muhammad S.; Frewac R.; Hayman A.","Muhammad, Syahidah (57023337600); Frewac, Russell (55907146100); Hayman, Alan (7006453117)","57023337600; 55907146100; 7006453117","Forensic differentiation of diesel fuels using hydrocarbon isotope fingerprints","2013","Central European Geology","56","1","","19","37","7","10.1556/CEuGeol.56.2013.1.3","https://www.scopus.com/pages/publications/84886711183?origin=resultslist","University of Otago, Otago Department of Chemistry, Dunedin 9054, P.O. Box 56, New Zealand; University Sains School of Industrial Technology Minden, 11800 Pulau Pinang, Malaysia; FAO/IAEA Division of Nuclear Techniques in Food and Agriculture, Vienna, Austria","Muhammad S., University of Otago, Otago Department of Chemistry, Dunedin 9054, P.O. Box 56, New Zealand, University Sains School of Industrial Technology Minden, 11800 Pulau Pinang, Malaysia; Frewac R., University of Otago, Otago Department of Chemistry, Dunedin 9054, P.O. Box 56, New Zealand, FAO/IAEA Division of Nuclear Techniques in Food and Agriculture, Vienna, Austria; Hayman A., University of Otago, Otago Department of Chemistry, Dunedin 9054, P.O. Box 56, New Zealand","Compound-specific isotope analysis (CSIA) is fast becoming an important tool to provide chemical evidence in a forensic investigation. Attempts to trace environmental oil spills were successful where isotopic values were particularly distinct. However, difficulties arise when a large dataset is analyzed and the isotopic differences between samples are subtle. Thus, this study intends to demonstrate any linkages between diesel fuels in a large number of datasets where subtlety in the isotopic values is accentuated by the near single-point source of origin. Diesel fuels were obtained from various locations in the South Island of New Zealand. Aliquots of these samples were diluted with n-pentane and subsequently analyzed with gas chromatography-isotope ratio mass spectrometry (GC-IRMS) for carbon and hydrogen isotope values. The data obtained were subjected to principal component analysis (PCA) and hierarchical clustering. A wide range of delta;13C and δ2H values were determined for the ubiquitous alkane compounds (the greatest values being -4.5‰ and -40‰, respectively). Based on the isotopic character of the alkanes it is suggested that diesel fuels from different locations were distinguishable and that the key components in the differentiation are the δ2H values of the shorter chain-length alkanes. However, while the stable isotope measurements may provide information to classify a sample at a broad scale, much more detailed information is required on the temporal and spatial variability of diesel compositions. Conclusively, the subtle differences of the stable isotope values within the alkanes of different diesel fuels highlighted the power of CSIA as a means of differentiating petroleum products of different origins, even more so when two or more stable isotopes data are combined. This paper shows that CSIA when used in tandem with multivariate statistical methods can be a collection of tools for source apportionment of hydrocarbons by demonstrating a straightforward approach, thus eliminating lengthy analytical processes.","Alkane; Compound-specific isotope analysis (CSIA); Diesel fuel; Hierarchical clustering; Principal component analysis (PCA)","New Zealand; South Island; analytical hierarchy process; diesel; forensic science; gas chromatography; hydrocarbon; isotopic composition; mass spectrometry; oil spill; principal component analysis; spatial variation; stable isotope; temporal variation","","","","17893348","","","","English","Cent. Eur. Geol.","Article","Final","All Open Access; Bronze Open Access","Scopus","2-s2.0-84886711183"
"Zhang X.; Qiu M.; Tao S.; Ge X.; Wang M.","Zhang, Xin (57077122400); Qiu, Mulan (57614727800); Tao, Shikang (57219421461); Ge, Xuesheng (59554237300); Wang, Min (55553730675)","57077122400; 57614727800; 57219421461; 59554237300; 55553730675","OPDNet: An Offshore Platform Detection Network Based on Bitemporal Bimodal Remote-Sensing Images and a Pseudo-Siamese Structure","2025","IEEE Journal of Selected Topics in Applied Earth Observations and Remote Sensing","18","","","6409","6421","5","10.1109/JSTARS.2025.3539674","https://www.scopus.com/pages/publications/86000436602?origin=resultslist","Qilu Aerospace Information Research Institute, Jinan, 250132, China; Aerospace Information Research Institute, Chinese Academy of Sciences, Beijing, 100101, China; Key Laboratory of Virtual Geographic Environment, Nanjing Normal University, Ministry of Education, Nanjing, 210023, China; School of Geography, Nanjing Normal University, Nanjing, 210023, China","Zhang X., Qilu Aerospace Information Research Institute, Jinan, 250132, China, Aerospace Information Research Institute, Chinese Academy of Sciences, Beijing, 100101, China; Qiu M., Key Laboratory of Virtual Geographic Environment, Nanjing Normal University, Ministry of Education, Nanjing, 210023, China, School of Geography, Nanjing Normal University, Nanjing, 210023, China; Tao S., Key Laboratory of Virtual Geographic Environment, Nanjing Normal University, Ministry of Education, Nanjing, 210023, China, School of Geography, Nanjing Normal University, Nanjing, 210023, China; Ge X., Qilu Aerospace Information Research Institute, Jinan, 250132, China; Wang M., Key Laboratory of Virtual Geographic Environment, Nanjing Normal University, Ministry of Education, Nanjing, 210023, China, School of Geography, Nanjing Normal University, Nanjing, 210023, China","In medium-resolution remote-sensing images, offshore platforms are easily confused with other offshore objects, such as ships and offshore wind power equipment. In this study, an object detection network named OPDNet, which is based on a two-branch pseudo-Siamese structure, is proposed to accurately position and extract offshore platforms. OPDNet utilizes paired yet unsynchronized optical and radar images derived from the Sentinel 1 and 2 satellites as its inputs, leveraging the complementary nature of bitemporal and multimodal image data to compensate for the limitations inherent in single-modal images. On this basis, the feature extraction and classification capabilities of the network are improved for small objects by fusing a C2f feature pyramid integrated with the CloAttention module, context attention module, and space-depth convolution modules. Experiments show that OPDNet yields significant object detection accuracy improvements over the comparative unimodal single-phase and unimodal multiphase methods, with an average precision value of 94.60% and an F1-score of 87.83%. Thus, OPDNet provides a powerful solution for large-scale remote-sensing-based offshore platform monitoring.  © 2025 IEEE.","Multimodal; multitemporal; object detection; offshore platforms; pseudo-Siamese structure","Cutting tools; Drilling platforms; Detection networks; Multi-modal; Multi-temporal; Network-based; Objects detection; Off shore platforms; Offshores; Pseudo-siamese structure; Remote sensing images; Unimodal; image classification; offshore structure; optical method; pattern recognition; radar; remote sensing; Sentinel; Offshore oil well production","M. Qiu; Key Laboratory of Virtual Geographic Environment, Nanjing Normal University, Ministry of Education, Nanjing, 210023, China; email: 231301028@njnu.edu.cn","","Institute of Electrical and Electronics Engineers Inc.","19391404","","","","English","IEEE J. Sel. Top. Appl. Earth Obs. Remote Sens.","Article","Final","All Open Access; Gold Open Access; Green Open Access","Scopus","2-s2.0-86000436602"
"Holtzman B.K.; Paté A.; Paisley J.; Waldhauser F.; Repetto D.","Holtzman, Benjamin K. (9338124800); Paté, Arthur (56157231100); Paisley, John (35810949000); Waldhauser, Felix (7005648741); Repetto, Douglas (59016325300)","9338124800; 56157231100; 35810949000; 7005648741; 59016325300","Machine learning reveals cyclic changes in seismic source spectra in Geysers geothermal field","2018","Science Advances","4","5","eaao2929","","","90","10.1126/sciadv.aao2929","https://www.scopus.com/pages/publications/85047480631?origin=resultslist","Lamont-Doherty Earth Observatory, Columbia University, Palisades, 10964, NY, United States; Department of Electrical Engineering, Data Science Institute, Columbia University, New York, 10025, NY, United States","Holtzman B.K., Lamont-Doherty Earth Observatory, Columbia University, Palisades, 10964, NY, United States; Paté A., Lamont-Doherty Earth Observatory, Columbia University, Palisades, 10964, NY, United States; Paisley J., Department of Electrical Engineering, Data Science Institute, Columbia University, New York, 10025, NY, United States; Waldhauser F., Lamont-Doherty Earth Observatory, Columbia University, Palisades, 10964, NY, United States; Repetto D., Lamont-Doherty Earth Observatory, Columbia University, Palisades, 10964, NY, United States","The earthquake rupture process comprises complex interactions of stress, fracture, and frictional properties. New machine learning methods demonstrate great potential to reveal patterns in time-dependent spectral properties of seismic signals and enable identification of changes in faulting processes. Clustering of 46,000 earthquakes of 0.3 < ML < 1.5 from the Geysers geothermal field (CA) yields groupings that have no reservoir-scale spatial patterns but clear temporal patterns. Events with similar spectral properties repeat on annual cycles within each cluster and track changes in the water injection rates into the Geysers reservoir, indicating that changes in acoustic properties and faulting processes accompany changes in thermomechanical state. The methods open new means to identify and characterize subtle changes in seismic source properties, with applications to tectonic and geothermal seismicity. Copyright © 2018 The Authors.","","Acoustic properties; Artificial intelligence; Earthquakes; Faulting; Geothermal fields; Geysers; Oil well flooding; Water injection; Earthquake rupture process; Frictional properties; Geysers geothermal fields; Machine learning methods; Spectral properties; Temporal pattern; Thermomechanical state; Water injection rate; Learning systems","B.K. Holtzman; Lamont-Doherty Earth Observatory, Columbia University, Palisades, 10964, United States; email: benh@ldeo.columbia.edu","","American Association for the Advancement of Science","23752548","","","29806015","English","Sci. Adv.","Article","Final","All Open Access; Gold Open Access; Green Open Access","Scopus","2-s2.0-85047480631"
"Maghsoudi S.; Eaton D.W.; Davidsen J.","Maghsoudi, Samira (55735598700); Eaton, David W. (14019286500); Davidsen, Jörn (22940276600)","55735598700; 14019286500; 22940276600","Nontrivial clustering of microseismicity induced by hydraulic fracturing","2016","Geophysical Research Letters","43","20","","10,672","10,679","26","10.1002/2016GL070983","https://www.scopus.com/pages/publications/84992316860?origin=resultslist","Department of Geoscience, University of Calgary, Calgary, AB, Canada; Complexity Science Group, Department of Physics and Astronomy, University of Calgary, Calgary, AB, Canada","Maghsoudi S., Department of Geoscience, University of Calgary, Calgary, AB, Canada, Complexity Science Group, Department of Physics and Astronomy, University of Calgary, Calgary, AB, Canada; Eaton D.W., Department of Geoscience, University of Calgary, Calgary, AB, Canada; Davidsen J., Complexity Science Group, Department of Physics and Astronomy, University of Calgary, Calgary, AB, Canada","For induced microseismicity associated with hydraulic fracturing, the frequency-magnitude distribution is typically characterized by a falloff with increasing magnitude that is significantly faster than for seismicity along active fault systems. This characteristic may arise from a break in scale invariance, possibly due to mechanical layering that typifies fine-grained sedimentary rocks in many shale gas and tight oil reservoirs. The latter would imply the presence of spatiotemporal magnitude correlations. Using three microseismic catalogs for well stimulations in widely separated locations with varying hydraulic-fracturing methods, we show that events with similar magnitudes indeed tend to cluster in space and time. In addition, we show that the interevent time distribution can be described by a universal functional form characterized by two power laws. One exponent can be related to the presence of interevent triggering as in aftershock sequences and is a consequence of the Omori-Utsu law. The other one is a reflection of the intrinsic spatial variation in the microseismic response rates. Taken together, these features are indicative of nontrivial spatiotemporal clustering of induced microseismicity and, hence, of direct relevance for time-dependent seismic hazard assessment. ©2016. American Geophysical Union. All Rights Reserved.","clustering; hydraulic fracturing; microseismicity","Hydraulic fracturing; Petroleum reservoir engineering; Seismic waves; Shale; Shale oil; Well stimulation; Aftershock sequence; clustering; Frequency-magnitude distribution; Hydraulic fracturing methods; Microseismic response; Microseismicity; Seismic hazard assessment; Spatio-temporal clustering; active fault; aftershock; cluster analysis; fine grained sediment; frequency-magnitude distribution; hydraulic fracturing; induced seismicity; sedimentary rock; seismic reflection; seismicity; shale gas; spatial variation; Induced Seismicity","J. Davidsen; Complexity Science Group, Department of Physics and Astronomy, University of Calgary, Calgary, Canada; email: davidsen@phas.ucalgary.ca","","Blackwell Publishing Ltd","00948276","","GPRLA","","English","Geophys. Res. Lett.","Article","Final","All Open Access; Bronze Open Access","Scopus","2-s2.0-84992316860"
"Wright O.; Olopade C.O.; Aifah A.A.; Fagbemi T.; Hade E.M.; Mishra S.; Onakomaiya D.O.; Kanneh N.; Chen W.; Colvin C.L.; Ogunyemi R.; Sogbossi E.; Erinosho E.; Ojengbede O.; Taiwo O.; Johnson M.A.; Vedanthan R.; Wall S.; Lwelunmor J.; Idris O.; Ogedegbe G.","Wright, Ololade (57190871217); Olopade, Christopher O. (6701595420); Aifah, Angela A. (55807557900); Fagbemi, Temiloluwa (58111424500); Hade, Erinn M. (8598715800); Mishra, Shivani (58278602400); Onakomaiya, Deborah O. (57206770661); Kanneh, Nafesa (58242577000); Chen, Weixi (59479691600); Colvin, Calvin L. (57219923290); Ogunyemi, Riyike (59479829200); Sogbossi, Emeryc (59479829300); Erinosho, Eniola (57220578029); Ojengbede, Oladosu (6602512811); Taiwo, Olalekan (36005130500); Johnson, Michael A. (57199171666); Vedanthan, Rajesh (24823609000); Wall, Stephen (8885129800); Lwelunmor, Juliet (59255081900); Idris, Olajide (6603925710); Ogedegbe, Gbenga (6602960850)","57190871217; 6701595420; 55807557900; 58111424500; 8598715800; 58278602400; 57206770661; 58242577000; 59479691600; 57219923290; 59479829200; 59479829300; 57220578029; 6602512811; 36005130500; 57199171666; 24823609000; 8885129800; 59255081900; 6603925710; 6602960850","Community mobilisation for adoption of clean cookstoves and clean fuel to reduce household air pollution and blood pressure in Lagos, Nigeria: protocol for a cluster-randomised trial","2025","BMJ Open ","15","9","e098483","","","1","10.1136/bmjopen-2024-098483","https://www.scopus.com/pages/publications/105015692875?origin=resultslist","Lagos State University College of Medicine, Lagos, Nigeria; Lagos State University, Lagos, Nigeria; University of Chicago, Departments of Family Medicine and Medicine, Chicago, IL, United States; Department of Population Health, NYU Grossman School of Medicine, New York, NY, United States; Institute for Excellence in Health Equity, NYU Grossman School of Medicine, New York, NY, United States; Vilcek Institute of Graduate Biomedical Sciences, NYU Grossman School of Medicine, New York, NY, United States; Department of Epidemiology, Columbia University Mailman School of Public Health, New York, NY, United States; Ministry of Health, Lagos State Government, Lagos, Nigeria; University of Ibadan, Ibadan, Nigeria; Berkeley Air Monitoring Group Inc, Berkeley, CA, United States; Ronald O. Perelman Department of Emergency Medicine, NYU Grossman School of Medicine, New York, NY, United States; Division of Infectious Diseases, Washington University School of Medicine in St.Louis, St. Louis, MO, United States","Wright O., Lagos State University College of Medicine, Lagos, Nigeria, Lagos State University, Lagos, Nigeria; Olopade C.O., University of Chicago, Departments of Family Medicine and Medicine, Chicago, IL, United States; Aifah A.A., Department of Population Health, NYU Grossman School of Medicine, New York, NY, United States, Institute for Excellence in Health Equity, NYU Grossman School of Medicine, New York, NY, United States; Fagbemi T., Lagos State University College of Medicine, Lagos, Nigeria, Lagos State University, Lagos, Nigeria; Hade E.M., Department of Population Health, NYU Grossman School of Medicine, New York, NY, United States; Mishra S., Institute for Excellence in Health Equity, NYU Grossman School of Medicine, New York, NY, United States; Onakomaiya D.O., Department of Population Health, NYU Grossman School of Medicine, New York, NY, United States, Institute for Excellence in Health Equity, NYU Grossman School of Medicine, New York, NY, United States, Vilcek Institute of Graduate Biomedical Sciences, NYU Grossman School of Medicine, New York, NY, United States; Kanneh N., Institute for Excellence in Health Equity, NYU Grossman School of Medicine, New York, NY, United States; Chen W., Department of Population Health, NYU Grossman School of Medicine, New York, NY, United States; Colvin C.L., Department of Epidemiology, Columbia University Mailman School of Public Health, New York, NY, United States; Ogunyemi R., Lagos State University College of Medicine, Lagos, Nigeria, Lagos State University, Lagos, Nigeria; Sogbossi E., Institute for Excellence in Health Equity, NYU Grossman School of Medicine, New York, NY, United States; Erinosho E., Ministry of Health, Lagos State Government, Lagos, Nigeria; Ojengbede O., University of Ibadan, Ibadan, Nigeria; Taiwo O., University of Ibadan, Ibadan, Nigeria; Johnson M.A., Berkeley Air Monitoring Group Inc, Berkeley, CA, United States; Vedanthan R., Department of Population Health, NYU Grossman School of Medicine, New York, NY, United States, Institute for Excellence in Health Equity, NYU Grossman School of Medicine, New York, NY, United States; Wall S., Institute for Excellence in Health Equity, NYU Grossman School of Medicine, New York, NY, United States, Ronald O. Perelman Department of Emergency Medicine, NYU Grossman School of Medicine, New York, NY, United States; Lwelunmor J., Division of Infectious Diseases, Washington University School of Medicine in St.Louis, St. Louis, MO, United States; Idris O., Ministry of Health, Lagos State Government, Lagos, Nigeria; Ogedegbe G., Department of Population Health, NYU Grossman School of Medicine, New York, NY, United States, Institute for Excellence in Health Equity, NYU Grossman School of Medicine, New York, NY, United States","Introduction In Africa, 75% of households are exposed to household air pollution (HAP), a key contributor to cardiovascular disease (CVD). In Nigeria, 90 million households rely on solid fuels for cooking, and 40% of adults have hypertension. Though clean fuel and clean stove (CF-CS) technologies can reduce HAP and CVD risk, their adoption in Africa remains limited. Methods and analysis Using the Exploration, Preparation, Implementation and Sustainment framework, this cluster-randomised controlled trial evaluates the implementation and effectiveness of a community mobilisation (CM) strategy versus a self-directed condition (i.e., receipt of information on CF-CS use without CM) on adoption of CF-CS technologies and systolic blood pressure (SBP) reduction among 1248 adults from 624 households across 32 peri-urban communities in Lagos, Nigeria. The primary outcome is CF-CS adoption at 12 months; secondary outcomes are SBP reduction at 12 months and sustainability of CF-CS use at 24 months. Adoption is assessed via objective monitoring of stove usage with temperature-triggered iButton sensors. SBP is assessed in 2 adults per household using validated automated blood pressure monitor. Generalised linear mixed-effects regression models will be used to assess study outcomes, accounting for clustering at the level of the peri-urban communities (unit of randomisation) and households. To date, randomisation is completed, and a total of 1248 households have enrolled in the study. The final completion of the study is expected in June 2026. Ethics and dissemination The study was approved by the Institutional Review Boards (IRB) of NYU Grossman School of Medicine (primary IRB of record; protocol ID: i21-00586; Version 6.0 approved on 4 June 2024), and Lagos State University Teaching Hospital (protocol ID: LREC 06/10/1621). Written consent was obtained from all participants. Findings will inform scalable and culturally appropriate strategies for reducing HAP and CVD risk in low-resource settings. Results will be disseminated through peer-reviewed publications, conference presentations and stakeholder engagements. © Author(s) (or their employer(s)) 2025. Re-use permitted under CC BY-NC. No commercial re-use. See rights and permissions. Published by BMJ Group.","Cardiovascular Disease; Community Participation; Randomized Controlled Trial","Adult; Air Pollution, Indoor; Blood Pressure; Community Participation; Cooking; Family Characteristics; Female; Humans; Hypertension; Male; Nigeria; Randomized Controlled Trials as Topic; bioethanol; fuel; liquefied petroleum gas; adult; air pollution; Article; blood pressure; clinical trial protocol; community care; community mobilization; controlled study; cooking; household; human; Nigeria; randomized controlled trial; systolic blood pressure; urban population; adverse event; community participation; devices; family structure; female; hypertension; indoor air pollution; male; prevention and control; procedures; randomized controlled trial (topic)","G. Ogedegbe; Department of Population Health, NYU Grossman School of Medicine, New York, United States; email: Olugbenga.Ogedegbe@nyulangone.org","","BMJ Publishing Group","20446055","","","40935430","English","BMJ Open","Article","Final","All Open Access; Gold Open Access; Green Open Access","Scopus","2-s2.0-105015692875"
"Rada Giacaman C.A.; Schoof C.","Rada Giacaman, Camilo Andrés (53981886600); Schoof, Christian (6602663060)","53981886600; 6602663060","Channelized, distributed, and disconnected: Spatial structure and temporal evolution of the subglacial drainage under a valley glacier in the Yukon","2023","Cryosphere","17","2","","761","787","17","10.5194/tc-17-761-2023","https://www.scopus.com/pages/publications/85148852742?origin=resultslist","Department of Earth, Ocean and Atmospheric Sciences, University of British Columbia, 2207 Main Mall, Vancouver, BC, Canada; Centro de Investigación GAIA Antártica, Universidad de Magallanes, Avenida Bulnes, Punta Arenas, 01855, Chile","Rada Giacaman C.A., Department of Earth, Ocean and Atmospheric Sciences, University of British Columbia, 2207 Main Mall, Vancouver, BC, Canada; Schoof C., Centro de Investigación GAIA Antártica, Universidad de Magallanes, Avenida Bulnes, Punta Arenas, 01855, Chile","The subglacial drainage system is one of the main controls on basal sliding but remains only partially understood. Here we expand the analysis of the 8-year dataset of borehole observations on a small, alpine polythermal valley glacier in the Yukon Territory. We presented this dataset in , where we described the seasonal evolution of the drainage system and underlined the importance of hydraulic isolation at the glacier bed. These borehole observations constitute a unique dataset, both due to the length of the records and the density of the observations, with up to 157 simultaneously working pressure sensors. Now, to explore the spatial structure of the drainage system and its seasonal progression, we automatically cluster boreholes based on similarities in their water pressure records and follow their evolution through the melt season. Some of these borehole clusters show water pressure variations that suggest they are part of a drainage system connected to the surface meltwater supply, while others show features consistent with hydraulic isolation. The distribution of connected and isolated boreholes suggests that the distributed drainage system we observe comprises a network of small conduits with spacings smaller than the borehole bottom diameter (approximately 25-50ĝ€¯cm). Within these hydraulically connected areas, pressure phase lags, and amplitude attenuation rarely shows the behaviour expected in a diffusive system. This observation suggests that the diffusivity distribution in such areas presents a fine structure at scales smaller than our minimum borehole spacing of 15ĝ€¯m. However, at a glacier-wide scale, we observe that hydraulic connections are ubiquitous in some regions of the bed and permanently absent in others, suggesting large contrasts in diffusivity. Within disconnected areas, boreholes often show small-amplitude water pressure variations associated with horizontal normal stress transfers. Such stress transfers seem to play a more important role than previously considered for controlling the effective pressure distribution at the bed. Through the melt season, the evolution of borehole clusters suggests that the diurnal meltwater supply promotes the growth of the low-efficiency drainage systems found early in the season while stimulating the shrinkage and fragmentation of the more efficient drainage systems that appear later in the season. Therefore, an increase in drainage efficiency is associated with the growth of disconnected areas. Our observations support the traditional view of a distributed drainage system early in the melt season that gradually evolves into a progressively more channelized system. However, the most notable difference is the highly heterogeneous distribution of diffusivity that our results suggest and the robust support for disconnected areas. The extent of disconnected areas could be an essential control of basal speed variations. It is possible that even relatively small disconnected areas could have a disproportionate effect on basal speed.  © Copyright: ","","Canada; Yukon Territory; drainage basin; glacier; seasonal variation; subglacial environment","C.A. Rada Giacaman; Department of Earth, Ocean and Atmospheric Sciences, University of British Columbia, Vancouver, 2207 Main Mall, Canada; email: camilo@rada.cl","","Copernicus Publications","19940416","","","","English","Cryosphere","Article","Final","All Open Access; Gold Open Access; Green Open Access","Scopus","2-s2.0-85148852742"
"Schoenball M.; Baujard C.; Kohl T.; Dorbath L.","Schoenball, M. (35318779400); Baujard, C. (15831138100); Kohl, T. (56505651900); Dorbath, L. (55883965700)","35318779400; 15831138100; 56505651900; 55883965700","The role of triggering by static stress transfer during geothermal reservoir stimulation","2012","Journal of Geophysical Research: Solid Earth","117","9","B09307","","","59","10.1029/2012JB009304","https://www.scopus.com/pages/publications/84866993525?origin=resultslist","Institute for Applied Geoscience, Karlsruhe Institute of Technology, D-76131 Karlsruhe, Kaiserstr. 12, Germany; GEOWATT AG, Zürich, Switzerland; Ecole et Observatoire des Sciences de la Terre, University Louis Pasteur, Strasbourg, France","Schoenball M., Institute for Applied Geoscience, Karlsruhe Institute of Technology, D-76131 Karlsruhe, Kaiserstr. 12, Germany, GEOWATT AG, Zürich, Switzerland; Baujard C., GEOWATT AG, Zürich, Switzerland; Kohl T., Institute for Applied Geoscience, Karlsruhe Institute of Technology, D-76131 Karlsruhe, Kaiserstr. 12, Germany; Dorbath L., Ecole et Observatoire des Sciences de la Terre, University Louis Pasteur, Strasbourg, France","During creation of an Enhanced Geothermal System, massive fluid injections are conducted to induce fracture shear which generates reservoir permeability. In this study we analyze coseismic static stress transfer caused by induced seismic events during a stimulation at the European research project at Soultz-sous-Forêts (Alsace, France). For this purpose we developed an efficient method to calculate coseismic static stress changes from an elliptical slip distribution on a circular fracture using superposition of rectangular sources, which enables us to apply an analytical solution for fast computation. This method is applied on a data set of 715 focal mechanisms derived from seismic recordings of the stimulation of the well GPK2 to calculate temporal evolution of static stress transfer. We find that the resulting structure of coseismic stress changes can be divided into three parts: a quiet zone where no spreading of seismicity occurs, an active zone within the created reservoir with ongoing fracturing and a process zone where the growth of the reservoir occurs. Static stress changes in the active zone are of the order of 1 MPa, both positive and negative, but may exceed this value considerably on a local scale. Analysis of stress changes from a cluster of events that occurred after shut-in lets us conclude that triggering by coseismic static stress changes is possible for some events. Our analysis shows that triggering by static stress transfer plays a minor role for injection induced seismicity in a volumetric reservoir, whereas it can be quite effective for rupture propagation along single large fault zones. © 2012. American Geophysical Union. All Rights Reserved.","","coseismic process; fault zone; focal mechanism; fracture; geothermal system; permeability; seismicity; shear; stress","M. Schoenball; Institute for Applied Geoscience, Karlsruhe Institute of Technology, D-76131 Karlsruhe, Kaiserstr. 12, Germany; email: martin.schoenball@kit.edu","","Blackwell Publishing Ltd","21699313","","","","English","J. Geophys. Res. B Solid Earth","Article","Final","All Open Access; Green Open Access","Scopus","2-s2.0-84866993525"
"Kubek D.; Więcek P.","Kubek, Daniel (57006580900); Więcek, Paweł (57192112339)","57006580900; 57192112339","Hybrid Demand Forecasting in Fuel Supply Chains: ARIMA with Non-Homogeneous Markov Chains and Feature-Conditioned Evaluation","2025","Energies","18","22","6044","","","2","10.3390/en18226044","https://www.scopus.com/pages/publications/105023199972?origin=resultslist","Faculty of Civil Engineering, Cracow University of Technology, Krakow, 31-155, Poland","Kubek D., Faculty of Civil Engineering, Cracow University of Technology, Krakow, 31-155, Poland; Więcek P., Faculty of Civil Engineering, Cracow University of Technology, Krakow, 31-155, Poland","In the context of growing data availability and increasing complexity of demand patterns in retail fuel distribution, selecting effective forecasting models for large collections of time series is becoming a key operational challenge. This study investigates the effectiveness of a hybrid forecasting approach combining ARIMA models with dynamically updated Markov Chains. Unlike many existing studies that focus on isolated or small-scale experiments, this research evaluates the hybrid model across a full set of approximately 150 time series collected from multiple petrol stations, without pre-clustering or manual selection. A comprehensive set of statistical and structural features is extracted from each time series to analyze their relation to forecast performance. The results show that the hybrid ARIMA–Markov approach significantly outperforms both individual statistical models and commonly applied machine learning methods in many cases, particularly for non-stationary or regime-shifting series. In 100% of cases, the hybrid model reduced the error compared to both baseline models—the median RMSE improvement over ARIMA was 13.03%, and 15.64% over the Markov model, with statistical significance confirmed by the Wilcoxon signed-rank test. The analysis also highlights specific time series features—such as entropy, regime shift frequency, and autocorrelation structure—as strong indicators of whether hybrid modeling yields performance gains. Feature-conditioning analyses (e.g., lag-1 autocorrelation, volatility, entropy) explain when hybridization helps, enabling a feature-aware workflow that selectively deploys model components and narrows parameter searches. The greatest benefits of applying the hybrid model were observed for time series characterized by high variability, moderate entropy of differences, and a well-defined temporal dependency structure—the correlation values between these features and the improvement in hybrid performance relative to ARIMA and Markov models reached 0.55–0.58, ensuring adequate statistical significance. Such approaches are particularly valuable in enterprise environments dealing with thousands of time series, where automated model configuration becomes essential. The findings position interpretable, adaptive hybrids as a practical default for short-horizon demand forecasting in fuel supply chains and, more broadly, in energy-use applications characterized by heterogeneous profiles and evolving regimes. © 2025 by the authors.","adaptive Markov chains; ARIMA model; hybrid prediction model; sustainable planning","Artificial intelligence; Autocorrelation; Autoregressive moving average model; Chains; Entropy; Fuel systems; Learning systems; Markov chains; Prediction models; Supply chains; Time series; Time series analysis; Adaptive markov chain; ARIMA models; Demand forecasting; Fuel supply; Hybrid model; Hybrid prediction models; Markov modeling; Statistical significance; Sustainable planning; Times series; Forecasting","D. Kubek; Faculty of Civil Engineering, Cracow University of Technology, Krakow, 31-155, Poland; email: daniel.kubek@pk.edu.pl","","Multidisciplinary Digital Publishing Institute (MDPI)","19961073","","","","English","Energies","Article","Final","All Open Access; Gold Open Access; Green Open Access","Scopus","2-s2.0-105023199972"
"Asfha D.T.; Latiff A.H.A.; Soleimani H.; Arshad A.R.M.; Rashid A.; Yogi I.B.S.; Otchere D.A.; Mousa A.; Dhiaulhaq R.R.","Asfha, Dejen Teklu (58662311900); Latiff, Abdul Halim Abdul (56199905400); Soleimani, Hassan (55556142100); Arshad, Abdul Rahim Md (57203411100); Rashid, Alidu (57881871100); Yogi, Ida Bagus Suananda (57194329637); Otchere, Daniel Asante (57221376883); Mousa, Ahmed (60543262800); Dhiaulhaq, Rifqi Roid (60432659300)","58662311900; 56199905400; 55556142100; 57203411100; 57881871100; 57194329637; 57221376883; 60543262800; 60432659300","Real-Time Sand Transport Detection in an Offshore Hydrocarbon Well Using Distributed Acoustic Sensing-Based VSP Technology: Field Data Analysis and Operational Insights","2026","Technologies","14","3","175","","","3","10.3390/technologies14030175","https://www.scopus.com/pages/publications/105034259014?origin=resultslist","Centre for Subsurface Seismic Imaging (CSI), Geoscience Department, Universiti Teknologi PETRONAS, Seri Iskandar, 32610, Malaysia; Department of Geoscience, Universiti Teknologi PETRONAS, Seri Iskandar, 32610, Malaysia; Institute for Computational & Data Sciences, The Pennsylvania State University, University Park, 16802, PA, United States; Penn State Health Milton S. Hershey Medical Center, 500 University Dr, Hershey, 17033, PA, United States","Asfha D.T., Centre for Subsurface Seismic Imaging (CSI), Geoscience Department, Universiti Teknologi PETRONAS, Seri Iskandar, 32610, Malaysia, Department of Geoscience, Universiti Teknologi PETRONAS, Seri Iskandar, 32610, Malaysia; Latiff A.H.A., Centre for Subsurface Seismic Imaging (CSI), Geoscience Department, Universiti Teknologi PETRONAS, Seri Iskandar, 32610, Malaysia, Department of Geoscience, Universiti Teknologi PETRONAS, Seri Iskandar, 32610, Malaysia; Soleimani H., Department of Geoscience, Universiti Teknologi PETRONAS, Seri Iskandar, 32610, Malaysia; Arshad A.R.M., Centre for Subsurface Seismic Imaging (CSI), Geoscience Department, Universiti Teknologi PETRONAS, Seri Iskandar, 32610, Malaysia; Rashid A., Centre for Subsurface Seismic Imaging (CSI), Geoscience Department, Universiti Teknologi PETRONAS, Seri Iskandar, 32610, Malaysia; Yogi I.B.S., Centre for Subsurface Seismic Imaging (CSI), Geoscience Department, Universiti Teknologi PETRONAS, Seri Iskandar, 32610, Malaysia; Otchere D.A., Institute for Computational & Data Sciences, The Pennsylvania State University, University Park, 16802, PA, United States, Penn State Health Milton S. Hershey Medical Center, 500 University Dr, Hershey, 17033, PA, United States; Mousa A., Centre for Subsurface Seismic Imaging (CSI), Geoscience Department, Universiti Teknologi PETRONAS, Seri Iskandar, 32610, Malaysia; Dhiaulhaq R.R., Centre for Subsurface Seismic Imaging (CSI), Geoscience Department, Universiti Teknologi PETRONAS, Seri Iskandar, 32610, Malaysia","Sand production in an offshore hydrocarbon wells poses significant operational and integrity challenges, particularly in deviated wells, where complex flow geometries intensify particle transport and erosion risks. The traditional sand-monitoring method utilizes stationary acoustic sensors attached to the production flowline at the surface. However, these sensors provide limited spatial coverage and intermittent measurements, restricting their ability to detect early sanding onset or precisely localize sanding intervals. By combining with vertical seismic profiling (VSP), Distributed Acoustic Sensing (DAS) delivers continuous, high-density data along the entire length of the wellbore and is increasingly recognized as a powerful diagnostic tool for real-time downhole monitoring. This study presents a field application of DAS-VSP for detecting and characterizing sand transport in a deviated offshore production well equipped with 350 distributed fiber-optic channels spanning 0–1983 m true vertical depth (TVD) at 8 m spacing. A multistage workflow was developed, including SEGY ingestion and shot merging, channel and time window selection, trace normalization, and low-pass filtering below 20 Hz. Multi-domain signal analysis, such as RMS energy, spike-based time-domain attributes, FFT, PSD spectral characterization, and time–frequency decomposition, were used to isolate the characteristic im-pulsive low-frequency (<20 Hz) signatures associated with sand impact. An adaptive thresholding and event-clustering scheme was then applied to discriminate sanding bursts from background noise and integrate their acoustic energy over depth. The processed DAS section revealed distinct, depth-localized sand ingress zones within the production interval (1136–1909 m TVD). The derived sand log provided a quantitative measure of sand intensity variations along the deviated wellbore, with normalized RMS amplitudes ranging from 0.039 to 1.000 a.u., a mean value of 0.235 a.u., and 137 analyzed channels within the production interval. These results indicate that sand production is highly clustered within discrete depth intervals, offering new insights into sand–fluid interactions during steady-state flow. Overall, the findings confirm that DAS-VSP enables continuous real-time monitoring of the sanding behavior with a far greater depth resolution than conventional tools. This approach supports proactive sand management strategies, enhances well-integrity decision-making, and underscores the potential of DAS to evolve into a standard surveillance technology for hydrocarbon production wells. © 2026 by the authors.","distributed acoustic sensing; hydrocarbon wells; sand production monitoring; vertical seismic profiling; well integrity; well production optimization","Deflected boreholes; Frequency domain analysis; Hydrocarbons; Offshore oil well production; Offshore technology; Oil field equipment; Sand; Seismology; Signal analysis; Well stimulation; Acoustic sensing; Distributed acoustic sensing; Hydrocarbon well; Production monitoring; Production optimization; Sand production; Sand production monitoring; Vertical seismic profiling; Well integrity; Well production; Well production optimization; Low pass filters","D.T. Asfha; Centre for Subsurface Seismic Imaging (CSI), Geoscience Department, Universiti Teknologi PETRONAS, Seri Iskandar, 32610, Malaysia; email: dejen_22010091@utp.edu.my; D.A. Otchere; Institute for Computational & Data Sciences, The Pennsylvania State University, University Park, 16802, United States; email: ascotjnr@yahoo.com","","Multidisciplinary Digital Publishing Institute (MDPI)","22277080","","","","English","Technol.","Article","Final","All Open Access; Gold Open Access; Green Open Access","Scopus","2-s2.0-105034259014"
"Niemz P.; Cesca S.; Heimann S.; Grigoli F.; Von Specht S.; Hammer C.; Zang A.; Dahm T.","Niemz, Peter (57216788637); Cesca, Simone (23033807100); Heimann, Sebastian (23492488600); Grigoli, Francesco (54893159000); Von Specht, Sebastian (57203090624); Hammer, Conny (35271988800); Zang, Arno (6602137857); Dahm, Torsten (55232297500)","57216788637; 23033807100; 23492488600; 54893159000; 57203090624; 35271988800; 6602137857; 55232297500","Full-waveform-based characterization of acoustic emission activity in a mine-scale experiment: A comparison of conventional and advanced hydraulic fracturing schemes","2020","Geophysical Journal International","222","1","","189","206","40","10.1093/gji/ggaa127","https://www.scopus.com/pages/publications/85086876348?origin=resultslist","GFZ German Research Centre for Geosciences, Potsdam, Germany; Institute of Geosciences, University of Potsdam, Potsdam, Germany; Swiss Seismological Service, ETH-Zurich, Zurich, Switzerland; Earthquake-Disaster and Risk Evaluation and Management (E-DREaM) Center, National Central University, Taiwan","Niemz P., GFZ German Research Centre for Geosciences, Potsdam, Germany, Institute of Geosciences, University of Potsdam, Potsdam, Germany; Cesca S., GFZ German Research Centre for Geosciences, Potsdam, Germany; Heimann S., GFZ German Research Centre for Geosciences, Potsdam, Germany; Grigoli F., Swiss Seismological Service, ETH-Zurich, Zurich, Switzerland; Von Specht S., GFZ German Research Centre for Geosciences, Potsdam, Germany, Earthquake-Disaster and Risk Evaluation and Management (E-DREaM) Center, National Central University, Taiwan; Hammer C., Swiss Seismological Service, ETH-Zurich, Zurich, Switzerland; Zang A., GFZ German Research Centre for Geosciences, Potsdam, Germany, Institute of Geosciences, University of Potsdam, Potsdam, Germany; Dahm T., GFZ German Research Centre for Geosciences, Potsdam, Germany, Institute of Geosciences, University of Potsdam, Potsdam, Germany","Understanding fracturing processes and the hydromechanical relation to induced seismicity is a key question for enhanced geothermal systems (EGS). Commonly massive fluid injection, predominately causing hydroshearing, are used in large-scale EGS but also hydraulic fracturing approaches were discussed. To evaluate the applicability of hydraulic fracturing techniques in EGS, six in situ, multistage hydraulic fracturing experiments with three different injection schemes were performed under controlled conditions in crystalline rock at the Äspö Hard Rock Laboratory (Sweden). During the experiments the near-field ground motion was continuously recorded by 11 piezoelectric borehole sensors with a sampling rate of 1 MHz. The sensor network covered a volume of 30×30×30 m around a horizontal, 28-m-long injection borehole at a depth of 410 m. To extract and characterize massive, induced, high-frequency acoustic emission (AE) activity from continuous recordings, a semi-automated workflow was developed relying on full waveform based detection, classification and location procedures. The approach extended the AE catalogue from 196 triggered events in previous studies to more than 19 600 located AEs. The enhanced catalogue, for the first time, allows a detailed analysis of induced seismicity during single hydraulic fracturing experiments, including the individual fracturing stages and the comparison between injection schemes. Beside the detailed study of the spatio-temporal patterns, event clusters and the growth of seismic clouds, we estimate relative magnitudes and b-values of AEs for conventional, cyclic progressive and dynamic pulse injection schemes, the latter two being fatigue hydraulic fracturing techniques. While the conventional fracturing leads to AE patterns clustered in planar regions, indicating the generation of a single main fracture plane, the cyclic progressive injection scheme results in a more diffuse, cloud-like AE distribution, indicating the activation of a more complex fracture network. For a given amount of hydraulic energy (pressure multiplied by injected volume) pumped into the system, the cyclic progressive scheme is characterized by a lower rate of seismicity, lower maximum magnitudes and significantly larger b-values, implying an increased number of small events relative to the large ones. To our knowledge, this is the first direct comparison of high resolution seismicity in a mine-scale experiment induced by different hydraulic fracturing schemes. © 2020 The Author(s) 2020. Published by Oxford University Press on behalf of The Royal Astronomical Society.","Fracture and flow; Induced seismicity; Spatial analysis; Statistical methods; Time-series analysis","Aspo; Sodermanland; Sweden; Sweden; Boreholes; Fracture; Geothermal fields; Hydraulic fracturing; Induced Seismicity; Sensor networks; Controlled conditions; Enhanced geothermal systems; Fracturing process; Fracturing techniques; High frequency acoustics; Maximum magnitudes; Near field ground motion; Spatiotemporal patterns; acoustic emission; comparative study; enhanced geothermal system; experimental study; hydraulic fracturing; hydromechanics; induced seismicity; trigger mechanism; waveform analysis; Acoustic emission testing","P. Niemz; GFZ German Research Centre for Geosciences, Potsdam, Germany; email: pniemz@gfz-potsdam.de","","Oxford University Press","0956540X","","","","English","Geophys. J. Int.","Article","Final","All Open Access; Bronze Open Access; Green Open Access","Scopus","2-s2.0-85086876348"
"Rodriguez-Corcho A.F.; Rojas-Agramonte Y.; Barrera-Gonzalez J.A.; Marroquin-Gomez M.P.; Bonilla-Correa S.; Izquierdo-Camacho D.; Delgado-Balaguera S.M.; Cartwright-Buitrago D.; Muñoz-Granados M.D.; Carantón-Mateus W.G.; Corrales-García A.; Laverde-Martinez A.F.; Cuervo-Gómez A.; Rodriguez-Ruiz M.A.; Marin-Jaramillo J.P.; Salazar-Cuellar N.; Esquivel-Arenales L.C.; Daroca M.E.; Carvajal A.S.; Perea-Pescador A.M.; Solano-Acosta J.D.; Diaz S.; Guillen A.; Bayona G.; Cardona-Molina A.; Eglington B.; Montes C.","Rodriguez-Corcho, Andres F. (57210286952); Rojas-Agramonte, Yamirka (36174436600); Barrera-Gonzalez, Johana A. (57226664451); Marroquin-Gomez, Maria P. (57226668812); Bonilla-Correa, Sarah (57226673855); Izquierdo-Camacho, David (57226664811); Delgado-Balaguera, Sofia M. (57226666488); Cartwright-Buitrago, David (57226677804); Muñoz-Granados, Maria D. (57221745256); Carantón-Mateus, William G. (57226674607); Corrales-García, Alejandro (57215011160); Laverde-Martinez, Andrés F. (57226661198); Cuervo-Gómez, Aura (57195953470); Rodriguez-Ruiz, Marco A. (57226677412); Marin-Jaramillo, Juan P. (57226657913); Salazar-Cuellar, Nicole (57226678008); Esquivel-Arenales, Laura C. (57226659945); Daroca, Maria E. (57226682699); Carvajal, A. Sofía (57226657747); Perea-Pescador, Ana M. (57226666745); Solano-Acosta, Juan D. (57226678146); Diaz, Sergio (57226681577); Guillen, Alejandro (57226670187); Bayona, German (6603285267); Cardona-Molina, Agustín (57194568671); Eglington, Bruce (6701385049); Montes, Camilo (35109522000)","57210286952; 36174436600; 57226664451; 57226668812; 57226673855; 57226664811; 57226666488; 57226677804; 57221745256; 57226674607; 57215011160; 57226661198; 57195953470; 57226677412; 57226657913; 57226678008; 57226659945; 57226682699; 57226657747; 57226666745; 57226678146; 57226681577; 57226670187; 6603285267; 57194568671; 6701385049; 35109522000","The Colombian geochronological database (CGD)","2022","International Geology Review","64","12","","1635","1669","17","10.1080/00206814.2021.1954556","https://www.scopus.com/pages/publications/85112337830?origin=resultslist","Departamento De Geociencias, Universidad De Los Andes, Bogotá, Colombia; School of Geography, Earth and Atmospheric Sciences, University of Melbourne, Melbourne, Australia; Christian-Albrechts-Universität Zu Kiel, Institut Für Geowissenschaften, Kiel, Germany; Institut Für Geowissenschaften, Johannes Gutenberg-Universität, Mainz, Germany; Earthquake Science Center, Menlo Park, CA, United States; Servicio Geológico Colombiano, dirección de Geociencias, grupo Mapa Geológico de Colombia, Bogotá, Colombia; Departamento De Mineralogía Y Petrología, Universidad De Granada, Granada, Spain; Department of Engineering, Iceland School of Energy – Reykjavik University, Reykjavík, Iceland; Department of Earth and Environmental Sciences, University of Rochester, Rochester, NY, United States; Universität Freiburg, Institut Für Geo- Und Umweltnaturwissenschaften, Freiburg i.Br, Germany; department fur geo- und umweltwissenshaften, Ludwig Maximilians Universität, Geschwister-Scholl-Platz 1, München, Germany; NEOIL Exploration S A S, Bogotá, Colombia; Department of Geoscience, University of Oslo, Oslo, Norway; Facultad De Ingenerìas Y Arquitectura, Universidad De Pamplona, Km 1 Vía Bucaramanga Ciudad Universitaria, Pamplona, Colombia; Corporación Geológica ARES, Bogotá, Colombia; Departamento dee Procesos Y Energía, Facultad de Minas, Universidad Nacional, Medellín, Colombia; Saskatchewan Isotope Laboratory, Department of Geological Sciences, 114 Science Place, University of Saskatchewan, Saskatoon, Canada; Departamento De Física Y Geociencias Uninorte, Barranquilla, Colombia; School of Geosciences, University of Sydney, Madsen building, Camperdown, 2006,, NSW, Australia","Rodriguez-Corcho A.F., Departamento De Geociencias, Universidad De Los Andes, Bogotá, Colombia, School of Geography, Earth and Atmospheric Sciences, University of Melbourne, Melbourne, Australia, School of Geosciences, University of Sydney, Madsen building, Camperdown, 2006,, NSW, Australia; Rojas-Agramonte Y., Departamento De Geociencias, Universidad De Los Andes, Bogotá, Colombia, Christian-Albrechts-Universität Zu Kiel, Institut Für Geowissenschaften, Kiel, Germany, Institut Für Geowissenschaften, Johannes Gutenberg-Universität, Mainz, Germany; Barrera-Gonzalez J.A., Departamento De Geociencias, Universidad De Los Andes, Bogotá, Colombia, Earthquake Science Center, Menlo Park, CA, United States; Marroquin-Gomez M.P., Departamento De Geociencias, Universidad De Los Andes, Bogotá, Colombia, Servicio Geológico Colombiano, dirección de Geociencias, grupo Mapa Geológico de Colombia, Bogotá, Colombia; Bonilla-Correa S., Departamento De Geociencias, Universidad De Los Andes, Bogotá, Colombia, Departamento De Mineralogía Y Petrología, Universidad De Granada, Granada, Spain; Izquierdo-Camacho D., Departamento De Geociencias, Universidad De Los Andes, Bogotá, Colombia, Departamento De Mineralogía Y Petrología, Universidad De Granada, Granada, Spain; Delgado-Balaguera S.M., Departamento De Geociencias, Universidad De Los Andes, Bogotá, Colombia; Cartwright-Buitrago D., Departamento De Geociencias, Universidad De Los Andes, Bogotá, Colombia, Departamento De Mineralogía Y Petrología, Universidad De Granada, Granada, Spain; Muñoz-Granados M.D., Departamento De Geociencias, Universidad De Los Andes, Bogotá, Colombia, Earthquake Science Center, Menlo Park, CA, United States; Carantón-Mateus W.G., Departamento De Geociencias, Universidad De Los Andes, Bogotá, Colombia; Corrales-García A., Departamento De Geociencias, Universidad De Los Andes, Bogotá, Colombia; Laverde-Martinez A.F., Departamento De Geociencias, Universidad De Los Andes, Bogotá, Colombia, Department of Engineering, Iceland School of Energy – Reykjavik University, Reykjavík, Iceland; Cuervo-Gómez A., Departamento De Geociencias, Universidad De Los Andes, Bogotá, Colombia, Department of Earth and Environmental Sciences, University of Rochester, Rochester, NY, United States; Rodriguez-Ruiz M.A., Departamento De Geociencias, Universidad De Los Andes, Bogotá, Colombia, Universität Freiburg, Institut Für Geo- Und Umweltnaturwissenschaften, Freiburg i.Br, Germany; Marin-Jaramillo J.P., Departamento De Geociencias, Universidad De Los Andes, Bogotá, Colombia, department fur geo- und umweltwissenshaften, Ludwig Maximilians Universität, Geschwister-Scholl-Platz 1, München, Germany; Salazar-Cuellar N., Departamento De Geociencias, Universidad De Los Andes, Bogotá, Colombia; Esquivel-Arenales L.C., Departamento De Geociencias, Universidad De Los Andes, Bogotá, Colombia; Daroca M.E., Departamento De Geociencias, Universidad De Los Andes, Bogotá, Colombia, NEOIL Exploration S A S, Bogotá, Colombia; Carvajal A.S., Departamento De Geociencias, Universidad De Los Andes, Bogotá, Colombia; Perea-Pescador A.M., Departamento De Geociencias, Universidad De Los Andes, Bogotá, Colombia; Solano-Acosta J.D., Departamento De Geociencias, Universidad De Los Andes, Bogotá, Colombia, Departamento De Mineralogía Y Petrología, Universidad De Granada, Granada, Spain; Diaz S., Departamento De Geociencias, Universidad De Los Andes, Bogotá, Colombia, Department of Geoscience, University of Oslo, Oslo, Norway; Guillen A., Facultad De Ingenerìas Y Arquitectura, Universidad De Pamplona, Km 1 Vía Bucaramanga Ciudad Universitaria, Pamplona, Colombia; Bayona G., Corporación Geológica ARES, Bogotá, Colombia; Cardona-Molina A., Departamento dee Procesos Y Energía, Facultad de Minas, Universidad Nacional, Medellín, Colombia; Eglington B., Saskatchewan Isotope Laboratory, Department of Geological Sciences, 114 Science Place, University of Saskatchewan, Saskatoon, Canada; Montes C., Departamento De Física Y Geociencias Uninorte, Barranquilla, Colombia","Geochronological databases are powerful tools for characterizing the crustal evolution and the age spectra of a region and allow comparison with other areas at a regional scale. In this contribution, we present the Colombian Geochronological Database (CGD), which contains a curated compilation of ca. 67,406 individual published U-Th-Pb, K-Ar, Ar-Ar, Rb-Sr, Sm-Nd, Lu-Hf, Fission-track, U-Th-He, and Re-Os mineral and whole rock ages that are reported in the published literature. Each date includes geographic coordinates, geological setting, petrologic and chemical information extracted from the respective publications. The structure of the database provides a powerful interface for constructing queries and allows searching and extracting information on geographic domains, provinces, stratigraphic units, isotopic systems, date interpretations, references, etc. This information establishes a framework for regional and global geological interpretations with geochronological, stratigraphic, structural and palaeogeographic implications. With the present effort we present to the geoscience community a clear insight, from a regional perspective, to the geology and tectonics of Colombia since Precambrian times. The comparison of all (detrital and magmatic) single zircon U-Pb dates from the Colombian (Gondwana sourced) geochronological database with the Global and North American (Laurentia sourced) databases provides a temporal constraint on the evolution of the South American continent. U-Pb zircon ages in Colombia define 13 peak clusters centred at 1767, 1530, 1325, 1178, 1007, 605,540, 468, 271, 237, 182, 76 and 10 Ma but of those, only few have a good correlation in all three databases: 1007 (Grenvillian/Orinoquian/Putumayo Orogeny), 605 (Braziliano/Pan-African Orogeny), 468 (Famatinian/Taconic Orogeny), and 182 Ma (Break-up of Pangea) zircon peaks. This correlation suggests that some tectonic events in Colombia are global and might represent crustal production and preservation while the other peaks might just represent local arc magmatic events. © 2021 Informa UK Limited, trading as Taylor & Francis Group.","colombia; database; geochronology; kde; South america","Colombia; age determination; database; geochronology; paleogeography; rhenium-osmium dating; thorium; uranium-lead dating","Y. Rojas-Agramonte; Departamento De Geociencias, Universidad De Los Andes, Bogotá, Colombia; email: yamirka.rojas@ifg.uni-kiel.de","","Taylor and Francis Ltd.","00206814","","","","English","Int. Geol. Rev.","Article","Final","All Open Access; Green Open Access","Scopus","2-s2.0-85112337830"
"Zhang H.; Grossmann I.E.; McKinnon K.; Knudsen B.R.; Nava R.G.; Tomasgard A.","Zhang, Hongyu (57313566200); Grossmann, Ignacio E. (7102750465); McKinnon, Ken (7004557976); Knudsen, Brage Rugstad (55375567300); Nava, Rodrigo Garcia (57894105500); Tomasgard, Asgeir (6507151595)","57313566200; 7102750465; 7004557976; 55375567300; 57894105500; 6507151595","Integrated investment, retrofit and abandonment energy system planning with multi-timescale uncertainty using stabilised adaptive Benders decomposition","2025","European Journal of Operational Research","325","2","","261","280","8","10.1016/j.ejor.2025.04.005","https://www.scopus.com/pages/publications/105003970323?origin=resultslist","Department of Industrial Economics and Technology Management, Norwegian University of Science and Technology, Høgskoleringen 1, Trondheim, 7491, Norway; School of Mathematical Sciences, University of Southampton, Building 54, Highfield Campus, Southampton, SO14 3ZH, United Kingdom; Department of Chemical Engineering, Carnegie Mellon University, 5000 Forbes Avenue, Pittsburgh, 15213, PA, United States; School of Mathematics, The University of Edinburgh, James Clerk Maxwell Building, Peter Guthrie Tait Road, Edinburgh, EH9 3FD, United Kingdom; SINTEF Energy Research, Kolbjørn Hejes vei 1B, Trondheim, 7491, Norway","Zhang H., Department of Industrial Economics and Technology Management, Norwegian University of Science and Technology, Høgskoleringen 1, Trondheim, 7491, Norway, School of Mathematical Sciences, University of Southampton, Building 54, Highfield Campus, Southampton, SO14 3ZH, United Kingdom; Grossmann I.E., Department of Chemical Engineering, Carnegie Mellon University, 5000 Forbes Avenue, Pittsburgh, 15213, PA, United States; McKinnon K., School of Mathematics, The University of Edinburgh, James Clerk Maxwell Building, Peter Guthrie Tait Road, Edinburgh, EH9 3FD, United Kingdom; Knudsen B.R., SINTEF Energy Research, Kolbjørn Hejes vei 1B, Trondheim, 7491, Norway; Nava R.G., School of Mathematics, The University of Edinburgh, James Clerk Maxwell Building, Peter Guthrie Tait Road, Edinburgh, EH9 3FD, United Kingdom; Tomasgard A., Department of Industrial Economics and Technology Management, Norwegian University of Science and Technology, Høgskoleringen 1, Trondheim, 7491, Norway","We propose the REORIENT (REnewable resOuRce Investment for the ENergy Transition) model for energy systems planning with the following novelties: (1) integrating capacity expansion, retrofit and abandonment planning, and (2) using multi-horizon stochastic mixed-integer linear programming with multi-timescale uncertainty. We apply the model to the European energy system considering: (a) investment in new hydrogen infrastructures, (b) capacity expansion of the European power system, (c) retrofitting oil and gas infrastructures in the North Sea region for hydrogen production and distribution, and abandoning existing infrastructures, and (d) long-term uncertainty in oil and gas prices and short-term uncertainty in time series parameters. We utilise the structure of multi-horizon stochastic programming and propose a stabilised adaptive Benders decomposition to solve the model efficiently. We first conduct a sensitivity analysis on retrofitting costs of oil and gas infrastructures. We then compare the REORIENT model with a conventional investment planning model regarding costs and investment decisions. Finally, the computational performance of the algorithm is presented. The results show that: (1) when the retrofitting cost is below 20% of the cost of building new ones, retrofitting is economical for most of the existing pipelines, (2) platform clusters keep producing oil due to the massive profit, and the clusters are abandoned in the last investment stage, (3) compared with a traditional investment planning model, the REORIENT model yields 24% lower investment cost in the North Sea region, and (4) the enhanced Benders algorithm is up to 6.8 times faster than the level method stabilised adaptive Benders. © 2025 The Authors","Large-scale mixed-integer linear programming; Multi-horizon stochastic programming; OR in energy; Retrofit of energy systems; Stochastic programming","Dynamic programming; Integer linear programming; Integer programming; Linear programming; Mixed-integer linear programming; Nonlinear programming; Retrofitting; Sensitivity analysis; Stochastic models; Stochastic systems; Energy systems; Integer Linear Programming; Large-scale mixed-integer linear programming; Large-scales; Mixed integer linear; Multi-horizon stochastic programming; OR in energy; Retrofit of energy system; Stochastics; Stochastic programming","H. Zhang; Department of Industrial Economics and Technology Management, Norwegian University of Science and Technology, Trondheim, Høgskoleringen 1, 7491, Norway; email: hongyu.zhang@soton.ac.uk","","Elsevier B.V.","03772217","","EJORD","","English","Eur J Oper Res","Article","Final","All Open Access; Green Open Access; Hybrid Gold Open Access","Scopus","2-s2.0-105003970323"
"Rabbani A.; Banks J.; Brinsky J.; Palombi D.","Rabbani, Arif (57194191458); Banks, Jonathan (57197629415); Brinsky, Jordan (57777362800); Palombi, Dan (35096570400)","57194191458; 57197629415; 57777362800; 35096570400","Multivariate and geochemical analyses of brines in Devonian strata of the Western Canada Sedimentary Basin for geothermal energy development","2022","Geothermics","105","","102498","","","5","10.1016/j.geothermics.2022.102498","https://www.scopus.com/pages/publications/85133289920?origin=resultslist","NBK Institute of Mining Engineering, University of British Columbia, Vancouver, BC, Canada; Department of Earth and Atmospheric Sciences, University of Alberta, Edmonton, AB, Canada; Alberta Geological Survey, Alberta Energy Regulator, Edmonton, AB, Canada","Rabbani A., NBK Institute of Mining Engineering, University of British Columbia, Vancouver, BC, Canada, Department of Earth and Atmospheric Sciences, University of Alberta, Edmonton, AB, Canada; Banks J., Department of Earth and Atmospheric Sciences, University of Alberta, Edmonton, AB, Canada; Brinsky J., Alberta Geological Survey, Alberta Energy Regulator, Edmonton, AB, Canada; Palombi D., Alberta Geological Survey, Alberta Energy Regulator, Edmonton, AB, Canada","Geothermal favorability maps in the Western Canada Sedimentary Basin (WCSB) are focused on depth and temperature. The transfer of mass and heat by a geothermal system, however, depends on the brine's transport and thermodynamic properties, which are predominantly controlled by its solute geochemistry. As an ongoing attempt to identify, map, and model potential geothermal reservoirs in sedimentary formations in the WCSB, we collect brine samples from various databases and perform rigorous quality control to identify representative formation waters from the carbonate platforms and reefs of the Leduc and Swan Hills formations, and the sandstone of the Granite Wash and Gilwood formations. We carry out multivariate analysis on 1963 representative samples using major chemical components, i.e., sodium, potassium, calcium, magnesium, chloride, bicarbonate, sulfate, and brine's pH. Principal component and cluster analyses identify distinguishable hydrogeochemical groups and the corresponding influential constituents. We then examine the direct influence of fluid chemistry on the engineering aspects of geothermal energy development in terms of parasitic loads and geochemical risks. The high salinities and associated high densities in one of the groups generate significant parasitic loads, e.g., greater than 55% at 110 °C. The geochemical modeling in each group demonstrates the potential scaling risks of dolomite, calcite, and brucite. The geochemical approaches presented here can be applied to geothermal energy development in sedimentary basins around the world. © 2022 Elsevier Ltd","Formation water; Geochemical modeling; Geothermal energy; Multivariate analysis; Parasitic loads; Western Canada Sedimentary Basin","Western Canada Sedimentary Basin; Calcite; Chemical analysis; Cluster analysis; Geothermal fields; Geothermal wells; Hydrochemistry; Magnesium compounds; Multivariant analysis; Potassium chloride; Principal component analysis; Quality control; Settling tanks; Sulfur compounds; Sustainable development; Devonians; Energy development; Formation water; Geochemical analysis; Geochemical models; Geothermal systems; Multi variate analysis; Parasitic loads; Thermodynamics property; Western canada sedimentary basins; brine; Devonian; formation water; geochemistry; geothermal energy; geothermal system; modeling; multivariate analysis; Sedimentology","A. Rabbani; NBK Institute of Mining Engineering, University of British Columbia, Vancouver, Canada; email: arif.rabbani@ubc.ca","","Elsevier Ltd","03756505","","GTMCA","","English","Geothermics","Article","Final","All Open Access; Hybrid Gold Open Access","Scopus","2-s2.0-85133289920"
"Tian R.; Wang L.; Jiang Y.; Lin J.; Zhang L.; Zhou X.","Tian, Ruyun (57200420296); Wang, Longxu (57205617358); Jiang, Yuanjie (57215003709); Lin, Jun (56666219300); Zhang, Linhang (8229940000); Zhou, Xiaohua (57211525212)","57200420296; 57205617358; 57215003709; 56666219300; 8229940000; 57211525212","Wireless Multi-Hop Energy-Efficient System for High-Density Seismic Array","2020","IEEE Access","8","","8978871","26054","26066","14","10.1109/ACCESS.2020.2971083","https://www.scopus.com/pages/publications/85079683391?origin=resultslist","College of Instrumentation and Electrical Engineering, Jilin University, Changchun, 130061, China; Key Laboratory of Geophysical Exploration Equipment, Ministry of Education, Jilin University, Changchun, 130061, China","Tian R., College of Instrumentation and Electrical Engineering, Jilin University, Changchun, 130061, China; Wang L., College of Instrumentation and Electrical Engineering, Jilin University, Changchun, 130061, China; Jiang Y., College of Instrumentation and Electrical Engineering, Jilin University, Changchun, 130061, China; Lin J., College of Instrumentation and Electrical Engineering, Jilin University, Changchun, 130061, China, Key Laboratory of Geophysical Exploration Equipment, Ministry of Education, Jilin University, Changchun, 130061, China; Zhang L., College of Instrumentation and Electrical Engineering, Jilin University, Changchun, 130061, China, Key Laboratory of Geophysical Exploration Equipment, Ministry of Education, Jilin University, Changchun, 130061, China; Zhou X., College of Instrumentation and Electrical Engineering, Jilin University, Changchun, 130061, China, Key Laboratory of Geophysical Exploration Equipment, Ministry of Education, Jilin University, Changchun, 130061, China","High-density seismic array method has attracted enormous interest in geophysical methods, and it is an advanced seismic observation technology which is of great significance in oil and gas resource detection and underground space exploration. However, designing a portable sensor node that prolongs the lifetime and equips wireless monitoring system to improve construction efficiency has been still a challenge for the high-density seismic array method. In this paper, a portable energy-efficient wireless sensor node and a hybrid communication system that content themselves with complex terrain, large-scale and reliable transmission are proposed to tackle the restrictions of high-density seismic survey. A Wi-Fi communication system based on the star network structure at the core network layer and a ZigBee communication system based on wireless multi-hop structure in the extended network layer form the hybrid communication system. In order to balance the energy of nodes in the extended network and prolong the network lifetime, this paper proposes a multi-hop variable weight routing method (MVWRM). The method selects the cluster-head node and the multi-hop route by changing the weight of the residual energy of the node and the weight of the distance at different periods. Then, a series of simulations and experiments are carried out for verification. The experiments show that the proposed sensor node suggest good performance in equivalent noise level ( 0.8μV @500Hz, PGA = 1), total harmonic distortion (124dB). Simulation results and performance analysis validate that the effectiveness of the proposed MVWRM can extend about 10% of the node lifetime. © 2013 IEEE.","Energy-efficient; high-density seismic array; multi-hop; wireless sensor networks","Energy efficiency; Energy resources; Network layers; Petroleum prospecting; Seismic prospecting; Seismology; Sensor nodes; Space research; Wireless sensor networks; Zigbee; Construction efficiency; Energy efficient; Energy efficient systems; Multihop; Reliable transmission; Seismic arrays; Total harmonic distortion (THD); Wireless monitoring system; Wi-Fi","L. Zhang; College of Instrumentation and Electrical Engineering, Jilin University, Changchun, 130061, China; email: linxing@jlu.edu.cn","","Institute of Electrical and Electronics Engineers Inc.","21693536","","","","English","IEEE Access","Article","Final","All Open Access; Gold Open Access; Green Open Access","Scopus","2-s2.0-85079683391"
"Yang D.; Lu J.; Zhou Y.; Dong H.","Yang, Dandi (57216826077); Lu, Jingyi (57216481791); Zhou, Yina (57216824039); Dong, Hongli (15727216900)","57216826077; 57216481791; 57216824039; 15727216900","Establishment of leakage detection model for oil and gas pipeline based on VMD-MD-1DCNN","2022","Engineering Research Express","4","2","025051","","","16","10.1088/2631-8695/ac769e","https://www.scopus.com/pages/publications/85133780064?origin=resultslist","SANYA Offshore Oil & Gas Research Institute, Northeast Petroleum University, Hainan, Sanya, 572024, China; Artificial Intelligence Energy Research Institute, Northeast Petroleum University, Heilongjiang, Daqing, 163318, China","Yang D., SANYA Offshore Oil & Gas Research Institute, Northeast Petroleum University, Hainan, Sanya, 572024, China, Artificial Intelligence Energy Research Institute, Northeast Petroleum University, Heilongjiang, Daqing, 163318, China; Lu J., SANYA Offshore Oil & Gas Research Institute, Northeast Petroleum University, Hainan, Sanya, 572024, China, Artificial Intelligence Energy Research Institute, Northeast Petroleum University, Heilongjiang, Daqing, 163318, China; Zhou Y., SANYA Offshore Oil & Gas Research Institute, Northeast Petroleum University, Hainan, Sanya, 572024, China, Artificial Intelligence Energy Research Institute, Northeast Petroleum University, Heilongjiang, Daqing, 163318, China; Dong H., SANYA Offshore Oil & Gas Research Institute, Northeast Petroleum University, Hainan, Sanya, 572024, China, Artificial Intelligence Energy Research Institute, Northeast Petroleum University, Heilongjiang, Daqing, 163318, China","In order to solve the problem of recognition error caused by noise interference in oil and gas pipeline signal and traditional pipeline leakage detection relies on expert experience to extract features manually, an oil and gas pipeline leakage detection model based on deep learning is proposed in this paper. The model consists of data preprocessing part and pattern recognition part. Firstly, a signal denoising algorithm based on variational mode decomposition (VMD) and Manhattan distance (MD) is proposed to reduce the error caused by data quality in the subsequent pattern recognition process. Secondly, combined with the one-dimensional and temporal characteristics of pipeline signal, the signal denoised by VMD-MD algorithm is used as the input of one-dimensional convolution neural network (1DCNN) in deep learning, then the data features are learned independently through the characteristics of network structure. Finally, the network structure and parameters are optimized and analyzed to build the optimal pipeline leakage detection model according to the experiment. The experimental results show that, compared with other existing models, the ensemble VMD-MD-1DCNN model has a better improvement in each evaluation index, which verifies the effectiveness of its application in pipeline leakage detection. © 2022 IOP Publishing Ltd.","data driven; deep learning; one-dimensional convolution neural network; pipeline leakage detection; variational mode decomposition algorithm","Convolution; Deep learning; Leak detection; Learning algorithms; Learning systems; Pattern recognition; Signal denoising; Convolution neural network; Data driven; Decomposition algorithm; Deep learning; Detection models; Manhattan distance; One-dimensional; One-dimensional convolution neural network; Pipeline leakage detection; Variational mode decomposition algorithm; Variational mode decomposition","J. Lu; SANYA Offshore Oil & Gas Research Institute, Northeast Petroleum University, Sanya, Hainan, 572024, China; email: ljywdm@126.com","","Institute of Physics","26318695","","","","English","Eng. Res. Exp.","Article","Final","All Open Access; Hybrid Gold Open Access","Scopus","2-s2.0-85133780064"
"Sunkari E.D.; Nkansah J.; Adams S.J.","Sunkari, Emmanuel Daanoba (57193416023); Nkansah, Joshua (59336321900); Adams, Salaam Jansbaka (58552837000)","57193416023; 59336321900; 58552837000","Geochemical exploration for tantalum in coltan-rich pegmatites at Bewadze-Mankoadze area of the Kibi-Winneba Belt, southern Ghana: Constraints from exploratory data analysis","2024","Heliyon","10","18","e38176","","","3","10.1016/j.heliyon.2024.e38176","https://www.scopus.com/pages/publications/85204472376?origin=resultslist","Department of Geological Engineering, Faculty of Geosciences and Environmental Studies, University of Mines and Technology, P.O. Box 237, Tarkwa, Ghana; Department of Chemical Sciences, Faculty of Science, University of Johannesburg, P.O. Box 524, Auckland Park 2006, Johannesburg, South Africa; School of Natural and Environmental Sciences, University of Environment and Sustainable Development, PMB –Somanya, Eastern Region, Ghana; School of Nuclear and Allied Sciences, College of Basic and Applied Sciences, University of Ghana, P.O. Box LG 80, Legon – Accra, Ghana","Sunkari E.D., Department of Geological Engineering, Faculty of Geosciences and Environmental Studies, University of Mines and Technology, P.O. Box 237, Tarkwa, Ghana, Department of Chemical Sciences, Faculty of Science, University of Johannesburg, P.O. Box 524, Auckland Park 2006, Johannesburg, South Africa; Nkansah J., Department of Geological Engineering, Faculty of Geosciences and Environmental Studies, University of Mines and Technology, P.O. Box 237, Tarkwa, Ghana; Adams S.J., School of Natural and Environmental Sciences, University of Environment and Sustainable Development, PMB –Somanya, Eastern Region, Ghana, School of Nuclear and Allied Sciences, College of Basic and Applied Sciences, University of Ghana, P.O. Box LG 80, Legon – Accra, Ghana","The Bewadze-Mankoadze pegmatites in the Kibi-Winneba Belt of Ghana host several columbite group minerals (WGM) and wodginite group minerals (WGM) as well as other rare and radioactive elements such as uraninite and cesium. In this study, petrographic studies of rock samples from pegmatite outcrops and statistical analysis of the major and minor elements were conducted to identify the pathfinder elements of a new tantalum deposit in the area. Ten samples were obtained from each town for whole-rock geochemistry and thin sections were prepared from some of the samples taken for petrographic analysis. The petrographic analyses showed the presence of quartz, K-feldspars, plagioclase, muscovite, spodumene, albite, tourmaline, columbite group minerals, and montebrasite, which indicate that the studied samples are granitic pegmatites. The geochemical data of the 10 samples obtained from each town showed high concentrations of Cr, Cs, Rb, Sm, and Ta. The Ta concentrations ranged from 10.5 to 773 ppm with an average value of 260 ppm. Q-Q plots showed outliers and variations from the dataset's normal distribution, which were fixed by centred log-ratio transformation and demonstrated to be normal by the Kolmogorov-Smirnov test and Shapiro-Wilk test for normality. Spearman correlation revealed that Sc, Ga, Nb, and Cs showed a moderate to strong correlation with Ta. Factor analysis indicated elemental association of Ta with Cs, Zn, Nb, MgO, Sc, Ga, and V. Three (3) multi-element relationships were discovered by hierarchical cluster analysis: (1) As, La, Hf, CaO, U, Co, Pb, Ce, Ba and Na2O, (2) V, Nb, Ta, Ga, Sc, Cr, Cu, Nb and MgO, and (3) Ni, SiO2, Cs, Zn, Sm, Rb, K2O, Y, Th, Al2O3 and Fe2O3. Hence, a comparison of the results of the multivariate statistics established Sc, Ga, Nb, and Cs as the pathfinders of tantalum in the Bewadze-Mankoadze area. Geochemical anomalies involving these elements can be observed in the south-western portion of the study area, according to single and multi-element halo mapping. It is therefore recommended that exploration activities for tantalum mineralization should focus on the south-western part of the study area, where the anomalies of the pathfinder elements are located. © 2024 The Authors","Geochemical anomalies; Multivariate statistical analysis; Pathfinder elements; Pegmatites; Tantalum","","E.D. Sunkari; Department of Geological Engineering, Faculty of Geosciences and Environmental Studies, University of Mines and Technology, Tarkwa, P.O. Box 237, Ghana; email: edsunkari@umat.edu.gh","","Elsevier Ltd","24058440","","","","English","Heliyon","Article","Final","All Open Access; Gold Open Access; Green Open Access","Scopus","2-s2.0-85204472376"
"Dong S.; Zhang J.; Qin C.; Duan Y.; Li C.; Chi C.; Zhang Z.","Dong, Shanzhi (59916466300); Zhang, Jie (59525445000); Qin, Changfeng (59525238900); Duan, Yu (59229534200); Li, Chenyang (58639130800); Chi, Chengquan (57204508379); Zhang, Zhichao (56389224400)","59916466300; 59525445000; 59525238900; 59229534200; 58639130800; 57204508379; 56389224400","Research on the extraction of pre-seismic anomalies in borehole strain data of the Maduo earthquake based on the SVMD-Informer model","2025","Natural Hazards and Earth System Sciences","25","9","","3603","3618","1","10.5194/nhess-25-3603-2025","https://www.scopus.com/pages/publications/105017440367?origin=resultslist","School of Information Science and Technology, Hainan Normal University, Haikou, 571158, China; Key Laboratory of Data Science and Smart Education, Hainan Normal University, Ministry of Education, Haikou, 571158, China","Dong S., School of Information Science and Technology, Hainan Normal University, Haikou, 571158, China, Key Laboratory of Data Science and Smart Education, Hainan Normal University, Ministry of Education, Haikou, 571158, China; Zhang J., School of Information Science and Technology, Hainan Normal University, Haikou, 571158, China, Key Laboratory of Data Science and Smart Education, Hainan Normal University, Ministry of Education, Haikou, 571158, China; Qin C., School of Information Science and Technology, Hainan Normal University, Haikou, 571158, China, Key Laboratory of Data Science and Smart Education, Hainan Normal University, Ministry of Education, Haikou, 571158, China; Duan Y., School of Information Science and Technology, Hainan Normal University, Haikou, 571158, China, Key Laboratory of Data Science and Smart Education, Hainan Normal University, Ministry of Education, Haikou, 571158, China; Li C., School of Information Science and Technology, Hainan Normal University, Haikou, 571158, China, Key Laboratory of Data Science and Smart Education, Hainan Normal University, Ministry of Education, Haikou, 571158, China; Chi C., School of Information Science and Technology, Hainan Normal University, Haikou, 571158, China, Key Laboratory of Data Science and Smart Education, Hainan Normal University, Ministry of Education, Haikou, 571158, China; Zhang Z., School of Information Science and Technology, Hainan Normal University, Haikou, 571158, China, Key Laboratory of Data Science and Smart Education, Hainan Normal University, Ministry of Education, Haikou, 571158, China","Earthquake is a major natural disaster triggered by the accumulation and release of crustal stress, and the accurate extraction of pre-seismic anomaly signals is crucial to improve the earthquake prediction capability. In this study, an anomaly detection method for borehole strain data based on the combination of Segmented Variational Modal Decomposition (SVMD) and Informer network is proposed, and a pre-seismic anomaly extraction study is carried out for the 2021 Maduo Ms 7.4 earthquake in Qinghai. The SVMD method effectively solves the memory limitation problem of traditional Variational Modal Decomposition (VMD) when dealing with large-scale data through the sliding-window mechanism, and at the same time maintains the correlation between the data. The Informer network significantly reduces the computational complexity of the long-series prediction and realizes the high-precision one-time long-time series prediction by utilizing its ProbSparse self-attention mechanism and self-attention distillation. By analyzing the borehole strain data from the Menyuan station, this study identifies the accelerated anomaly accumulation phenomenon in the two stages before the Maduo earthquake: in the first stage, the number of anomalous days shows an accelerated growth starting from about 3 months before the earthquake (13 February 2021); in the second stage, the anomalous accumulation tendency is further intensified since the second month before the earthquake (the end of March 2021), and the accumulation curve shows a typical S-shape growth characteristic. The results are highly consistent with the time windows of the index of microwave radiation anomaly (IMRA), outward long-wave radiation (OLR) and geoelectric field anomalies, and with the subsurface-to-atmosphere multilayer anomalies (e.g., Benionff strain, CO concentration, electron concentration anomalies), which indicate that the borehole strain anomalies are closely related to the gestation process of the Maduo earthquake. This study provides a new method for the extraction of pre-seismic anomalies based on machine learning, and provides an important basis for understanding earthquake precursors. © Author(s) 2025.","","China; Qinghai; algorithm; anomaly; borehole geophysics; earthquake precursor; research; seismic data; strain","C. Chi; School of Information Science and Technology, Hainan Normal University, Haikou, 571158, China; email: chicqhainnu@gmail.com; Z. Zhang; School of Information Science and Technology, Hainan Normal University, Haikou, 571158, China; email: zhangzhichao@hainnu.edu.cn","","Copernicus Publications","15618633","","","","English","Nat. Hazards Earth Syst. Sci.","Article","Final","All Open Access; Gold Open Access; Green Open Access","Scopus","2-s2.0-105017440367"
"Porras J.; Pecci D.; Bocchini G.M.; Gaviano S.; De Solda M.; Tuinstra K.; Lanza F.; Tognarelli A.; Stucchi E.; Grigoli F.","Porras, Juan (57202400924); Pecci, Davide (58822212700); Bocchini, Gian Maria (56320911800); Gaviano, Sonja (57216320305); De Solda, Michele (58823443900); Tuinstra, Katinka (58645482100); Lanza, Federica (55623372300); Tognarelli, Andrea (45261626000); Stucchi, Eusebio (8260197700); Grigoli, Francesco (54893159000)","57202400924; 58822212700; 56320911800; 57216320305; 58823443900; 58645482100; 55623372300; 45261626000; 8260197700; 54893159000","A semblance-based microseismic event detector for DAS data","2024","Geophysical Journal International","236","3","","1716","1727","23","10.1093/gji/ggae016","https://www.scopus.com/pages/publications/85183891520?origin=resultslist","Department of Earth Sciences (DST), University of Pisa, Pisa, I-56124, Italy; Department of Earth Sciences, University of Geneva, Geneva, CH-1205, Switzerland; Dipartimento di ingegneria dell’Energia dei Sistemi del Territorio e delle Costruzioni (DESTeC), University of Pisa, Pisa, I-56124, Italy; Institute of Geology, Mineralogy and Geophysics, Ruhr University of Bochum, Bochum, D-44801, Germany; Swiss Seismological Service (SED), ETH-Zurich, Zurich, CH-8092, Switzerland","Porras J., Department of Earth Sciences (DST), University of Pisa, Pisa, I-56124, Italy, Department of Earth Sciences, University of Geneva, Geneva, CH-1205, Switzerland; Pecci D., Department of Earth Sciences (DST), University of Pisa, Pisa, I-56124, Italy, Dipartimento di ingegneria dell’Energia dei Sistemi del Territorio e delle Costruzioni (DESTeC), University of Pisa, Pisa, I-56124, Italy; Bocchini G.M., Institute of Geology, Mineralogy and Geophysics, Ruhr University of Bochum, Bochum, D-44801, Germany; Gaviano S., Department of Earth Sciences (DST), University of Pisa, Pisa, I-56124, Italy; De Solda M., Department of Earth Sciences (DST), University of Pisa, Pisa, I-56124, Italy; Tuinstra K., Swiss Seismological Service (SED), ETH-Zurich, Zurich, CH-8092, Switzerland; Lanza F., Swiss Seismological Service (SED), ETH-Zurich, Zurich, CH-8092, Switzerland; Tognarelli A., Department of Earth Sciences (DST), University of Pisa, Pisa, I-56124, Italy; Stucchi E., Department of Earth Sciences (DST), University of Pisa, Pisa, I-56124, Italy; Grigoli F., Department of Earth Sciences (DST), University of Pisa, Pisa, I-56124, Italy","Distributed acoustic sensing (DAS) is becoming increasingly popular in microseismic monitoring operations. This data acquisition technology converts fibre-optic cables into dense arrays of seismic sensors that can sample the seismic wavefield produced by active or passive sources with a high spatial density, over distances ranging from a few hundred metres to tens of kilometres. However, standard microseismic data analysis procedures have several limitations when dealing with the high spatial (intersensor spacing up to submetre scale) sampling rates of DAS systems. Here, we propose a semblance-based seismic event detection method that fully exploits the high spatial sampling of the DAS data. The detector identifies seismic events by computing waveform coherence of the seismic wavefield along geometrical hyperbolic trajectories for different curvatures and positions of the vertex, which are completely independent from external information (i.e. velocity models). The method detects a seismic event when the coherence values overcome a given threshold and satisfies our clustering criteria. We first validate our method on synthetic data and then apply it to real data from the FORGE geothermal experiment in Utah, USA. Our method detects about two times the number of events obtained with a standard method when applied to 24 hr of data. © The Author(s) 2024.","Earthquake source observations; Induced seismicity; Seismic instruments","Earthquakes; Technology transfer; Acoustic sensing; Earthquake source observations; Event detectors; Fiberoptic cables; Fibre-optic cables; Microseismic events; Seismic event; Seismic instruments; Seismic wavefields; Sensing data; data acquisition; earthquake; induced seismicity; monitoring system; seismic data; seismic source; seismic wave; wave field; waveform analysis; Data acquisition","","","Oxford University Press","0956540X","","","","English","Geophys. J. Int.","Article","Final","All Open Access; Gold Open Access; Green Open Access","Scopus","2-s2.0-85183891520"
"Castro C.C.; Hámor-Vidó M.; Geiger J.; Kovács J.; Fedor F.","Castro, Catarina C. (60570525500); Hámor-Vidó, Mária (6506686145); Geiger, János (7203027234); Kovács, János (35488181000); Fedor, Ferenc (25630344100)","60570525500; 6506686145; 7203027234; 35488181000; 25630344100","Textural and Petrophysical Controls on Reservoir Quality: Insights from the Szentes Geothermal Field, Hungary","2026","Energies","19","7","1688","","","0","10.3390/en19071688","https://www.scopus.com/pages/publications/105035508203?origin=resultslist","Doctoral School of Earth Sciences, University of Pécs, Pécs, 7624, Hungary; Department of Geology and Meteorology, University of Pécs, Pécs, 7624, Hungary; Department of Atmospheric and Geospatial Data Sciences, University of Szeged, Szeged, 6722, Hungary; Szentágothai Research Centre, Environmental Analytical and Geoanalytical Research Group, University of Pécs, Pécs, 7624, Hungary","Castro C.C., Doctoral School of Earth Sciences, University of Pécs, Pécs, 7624, Hungary; Hámor-Vidó M., Department of Geology and Meteorology, University of Pécs, Pécs, 7624, Hungary; Geiger J., Department of Atmospheric and Geospatial Data Sciences, University of Szeged, Szeged, 6722, Hungary; Kovács J., Department of Geology and Meteorology, University of Pécs, Pécs, 7624, Hungary, Szentágothai Research Centre, Environmental Analytical and Geoanalytical Research Group, University of Pécs, Pécs, 7624, Hungary; Fedor F., Department of Geology and Meteorology, University of Pécs, Pécs, 7624, Hungary","This study establishes a facies-based framework for characterizing reservoir quality in the Upper Pannonian geothermal reservoirs of the Szentes field (Hungary). To evaluate vertical heterogeneity and optimize the selection of geothermal reinjection zones, an integrated core–log–statistical workflow was applied to data from boreholes SZT-1 and SZSZT-IX. The methodology combined petrophysical measurements, petrographic observations, and multivariate statistical analyses, including Hierarchical Cluster Analysis (HCA) and Linear Discriminant Analysis (LDA). The siliciclastic succession was classified into four distinct facies clusters representing a continuum of depositional energy regimes: Rolling, Graded Suspension with Rolling, fine-grained Suspension, and Uniform Suspension. The results demonstrate a dual control on reservoir quality: the primary pore framework is determined by depositional grain-size architecture and sediment transport processes, while mechanical compaction and diagenetic alteration subsequently modify pore connectivity and flow efficiency. Among the identified facies, deposits formed from Graded Suspension with Rolling represent the most favorable reservoir units, combining high porosity (up to 33%) with exceptionally high permeability (>1500 mD). In contrast, suspension-dominated facies deposited from Graded and Uniform Suspension exhibit significantly reduced permeability due to higher matrix content, cementation, and compaction. The results demonstrate that reservoir performance in the Szentes geothermal system is primarily controlled by facies-scale heterogeneity rather than by depth-based stratigraphic divisions alone. This integrated facies-based approach provides a predictive framework for extrapolating reservoir properties to uncored intervals and offers practical guidance for optimizing reinjection strategies and sustainable geothermal reservoir management. © 2026 by the authors.","diagenesis; facies prediction; geothermal systems; Hungary; Pannonian Basin; petrophysics; sandstone reservoirs; Upper Miocene","Compaction; Grain size and shape; Hierarchical clustering; Hierarchical systems; Petroleum reservoir engineering; Petrophysics; Porosity; Quality control; Reservoir management; Sediment transport; Sedimentation; Sedimentology; Stratigraphy; Suspensions (components); Suspensions (fluids); Diagenesis; Facies prediction; Geothermal reservoir; Geothermal systems; Hungary; Pannonian basin; Petrophysics; Reservoir quality; Sandstones reservoirs; Upper Miocene; Discriminant analysis","C.C. Castro; Doctoral School of Earth Sciences, University of Pécs, Pécs, 7624, Hungary; email: castrocc@gamma.ttk.pte.hu; J. Kovács; Department of Geology and Meteorology, University of Pécs, Pécs, 7624, Hungary; email: jones@gamma.ttk.pte.hu; F. Fedor; Department of Geology and Meteorology, University of Pécs, Pécs, 7624, Hungary; email: fedor.ferenc@geochem-ltd.eu","","Multidisciplinary Digital Publishing Institute (MDPI)","19961073","","","","English","Energies","Article","Final","All Open Access; Gold Open Access; Green Open Access","Scopus","2-s2.0-105035508203"
"Nikula R.-P.; Ruusunen M.; Keski-Rahkonen J.; Saarinen L.; Fagerholm F.","Nikula, Riku-Pekka (56315538100); Ruusunen, Mika (9734970400); Keski-Rahkonen, Joni (57214973207); Saarinen, Lars (57222241990); Fagerholm, Fredrik (57222248092)","56315538100; 9734970400; 57214973207; 57222241990; 57222248092","Probabilistic condition monitoring of azimuth thrusters based on acceleration measurements","2021","Machines","9","2","39","1","27","8","10.3390/machines9020039","https://www.scopus.com/pages/publications/85101955704?origin=resultslist","Control Engineering, Environmental and Chemical Engineering, University of Oulu, P.O. Box 4300, Oulu, 90014, Finland; Kongsberg Maritime Finland Oy, P.O. Box 220, Rauma, 26101, Finland","Nikula R.-P., Control Engineering, Environmental and Chemical Engineering, University of Oulu, P.O. Box 4300, Oulu, 90014, Finland; Ruusunen M., Control Engineering, Environmental and Chemical Engineering, University of Oulu, P.O. Box 4300, Oulu, 90014, Finland; Keski-Rahkonen J., Kongsberg Maritime Finland Oy, P.O. Box 220, Rauma, 26101, Finland; Saarinen L., Kongsberg Maritime Finland Oy, P.O. Box 220, Rauma, 26101, Finland; Fagerholm F., Kongsberg Maritime Finland Oy, P.O. Box 220, Rauma, 26101, Finland","Drill ships and offshore rigs use azimuth thrusters for propulsion, maneuvering and steering, attitude control and dynamic positioning activities. The versatile operating modes and the challenging marine environment create demand for flexible and practical condition monitoring solutions onboard. This study introduces a condition monitoring algorithm using acceleration and shaft speed data to detect anomalies that give information on the defects in the driveline components of the thrusters. Statistical features of vibration are predicted with linear regression models and the residuals are then monitored relative to multivariate normal distributions. The method includes an automated shaft speed selection approach that identifies the normal distributed operational areas from the training data based on the residuals. During monitoring, the squared Mahalanobis distance to the identified distributions is calculated in the defined shaft speed ranges, providing information on the thruster condition. The performance of the method was validated based on data from two operating thrusters and compared with reference classifiers. The results suggest that the method could detect changes in the condition of the thrusters during online monitoring. Moreover, it had high accuracy in the bearing condition related binary classification tests. In conclusion, the algorithm has practical properties that exhibit suitability for online application. © 2021 by the authors. Licensee MDPI, Basel, Switzerland.","Anomaly detection; Azimuth thruster; Classification; Feature extraction; Linear regression; Multivariate normal distribution; Noisy data; Vibration","","R.-P. Nikula; Control Engineering, Environmental and Chemical Engineering, University of Oulu, Oulu, P.O. Box 4300, 90014, Finland; email: riku-pekka.nikula@oulu.fi","","MDPI AG","20751702","","","","English","Mach.","Article","Final","All Open Access; Gold Open Access; Green Open Access","Scopus","2-s2.0-85101955704"
"Gershenzon N.I.; Soltanian M.R.; Ritzi R.W., Jr.; Dominic D.F.; Keefer D.; Shaffer E.; Storsved B.","Gershenzon, Naum I. (6508386184); Soltanian, Mohamad Reza (56496948000); Ritzi, Robert W. (6701677861); Dominic, David F. (6602852933); Keefer, Don (7006176374); Shaffer, Eric (7102584448); Storsved, Brynne (56118448900)","6508386184; 56496948000; 6701677861; 6602852933; 7006176374; 7102584448; 56118448900","How does the connectivity of open-framework conglomerates within multi-scale hierarchical fluvial architecture affect oil-sweep efficiency in waterflooding?","2015","Geosphere","11","6","","2049","2066","21","10.1130/GES01115.1","https://www.scopus.com/pages/publications/84969833520?origin=resultslist","Department of Earth and Environmental Sciences, Wright State University, 3640 Colonel Glenn Highway, Dayton, 45435, OH, United States; Illinois State Geological Survey, University of Illinois at Urbana-Champaign, 615 E. Peabody Drive, Champaign, 61820, IL, United States; University of Illinois at Urbana-Champaign, Department of Computer Science, 201 N. Goodwin Avenue, Urbana, 61801, IL, United States","Gershenzon N.I., Department of Earth and Environmental Sciences, Wright State University, 3640 Colonel Glenn Highway, Dayton, 45435, OH, United States; Soltanian M.R., Department of Earth and Environmental Sciences, Wright State University, 3640 Colonel Glenn Highway, Dayton, 45435, OH, United States; Ritzi R.W., Jr., Department of Earth and Environmental Sciences, Wright State University, 3640 Colonel Glenn Highway, Dayton, 45435, OH, United States; Dominic D.F., Department of Earth and Environmental Sciences, Wright State University, 3640 Colonel Glenn Highway, Dayton, 45435, OH, United States; Keefer D., Illinois State Geological Survey, University of Illinois at Urbana-Champaign, 615 E. Peabody Drive, Champaign, 61820, IL, United States; Shaffer E., University of Illinois at Urbana-Champaign, Department of Computer Science, 201 N. Goodwin Avenue, Urbana, 61801, IL, United States; Storsved B., University of Illinois at Urbana-Champaign, Department of Computer Science, 201 N. Goodwin Avenue, Urbana, 61801, IL, United States","Understanding multi-phase fluid flow and transport processes within aquifers, candidate reservoirs for CO2 sequestration, and petroleum reservoirs requires understanding a diverse set of geologic properties of the aquifer or reservoir, over a wide range of spatial and temporal scales. We focus on multiphase flow dynamics with wetting (e.g., water) and non-wetting (e.g., gas or oil) fluids, with one invading another. This problem is of general interest in a number of fields and is illustrated here by considering the sweep efficiency of oil during a waterflood. Using a relatively fine-resolution grid throughout a relatively large domain in these simulations and probing the results with advanced scientific visualization tools (Reservoir Visualization Analysis [RVA]/ParaView software) promote a better understanding of how smaller-scale features affect the aggregate behavior at larger scales. We studied the effects on oil-sweep efficiency of the proportion, hierarchical organization, and connectivity of high-permeability open-framework conglomerate (OFC) cross-sets within the multi-scale stratal architecture found in fluvial deposits. We analyzed oil production rate, water breakthrough time, and spatial and temporal distribution of residual oil saturation. As expected, the effective permeability of the reservoir exhibits large-scale anisotropy created by the organization of OFC cross-sets within unit bars, and the organization of unit bars within compound- bars. As a result, oil-sweep efficiency critically depends on the direction of the pressure gradient. However, contrary to expectations, the total amount of trapped oil due to the effect of capillary trapping does not depend on the magnitude of the pressure gradient within the examined range. Hence the pressure difference between production and injection wells does not affect sweep efficiency; although the spatial distribution of oil remaining in the reservoir depends on this value. Whether or not clusters of connected OFC span the domain affects only the absolute rate of oil production-not sweep efficiency. © 2016 Geological Society of America.","","Aquifers; Efficiency; Flow of fluids; Hydrogeology; Injection (oil wells); Oil well flooding; Petroleum reservoirs; Petroleum transportation; Pressure gradient; Transport properties; Visualization; Wetting; Effective permeability; Hierarchical organizations; Large scale anisotropy; Multi-phase fluid flow; Residual oil saturation; Spatial and temporal distribution; Spatial and temporal scale; Visualization analysis; anisotropy; aquifer; carbon sequestration; fluvial deposit; hierarchical system; multiphase flow; oil production; permeability; pressure gradient; reservoir characterization; Petroleum reservoir engineering","N.I. Gershenzon; Department of Earth and Environmental Sciences, Wright State University, Dayton, 3640 Colonel Glenn Highway, 45435, United States; email: naum.gershenzon@wright.edu","","Geological Society of America","1553040X","","","","English","Geosphere","Article","Final","All Open Access; Gold Open Access; Green Open Access","Scopus","2-s2.0-84969833520"
"Desikan J.; Singh S.K.; Jayanthiladevi A.; Bhushan S.; Rishiwal V.; Kumar M.","Desikan, Jayameena (59681582000); Singh, Sushil Kumar (57211843264); Jayanthiladevi, A. (55661920400); Bhushan, Shashi (57221386627); Rishiwal, Vinay (18134724800); Kumar, Manish (57204637862)","59681582000; 57211843264; 55661920400; 57221386627; 18134724800; 57204637862","Hybrid Machine Learning-Based Fault-Tolerant Sensor Data Fusion and Anomaly Detection for Fire Risk Mitigation in IIoT Environment","2025","Sensors","25","7","2146","","","28","10.3390/s25072146","https://www.scopus.com/pages/publications/105002278679?origin=resultslist","Department of Computer Engineering, Marwadi University, Gujarat, Rajkot, 360003, India; Computer & Information Sciences Department, Universiti Teknologi PETRONAS, Bandar Seri Iskandar, 32610, Malaysia; Department of CSIT, MJP RohilKhand University, Uttar Pradesh, Bareilly, 243006, India","Desikan J., Department of Computer Engineering, Marwadi University, Gujarat, Rajkot, 360003, India; Singh S.K., Department of Computer Engineering, Marwadi University, Gujarat, Rajkot, 360003, India; Jayanthiladevi A., Department of Computer Engineering, Marwadi University, Gujarat, Rajkot, 360003, India; Bhushan S., Computer & Information Sciences Department, Universiti Teknologi PETRONAS, Bandar Seri Iskandar, 32610, Malaysia; Rishiwal V., Department of CSIT, MJP RohilKhand University, Uttar Pradesh, Bareilly, 243006, India; Kumar M., Department of Computer Engineering, Marwadi University, Gujarat, Rajkot, 360003, India","In the oil and gas IIoT environment, fire detection systems heavily depend on fire sensor data, which can be prone to inaccuracies due to faulty or unreliable sensors. These sensor issues, such as noise, missing values, outliers, sensor drift, and faulty readings, can lead to delayed or missed fire predictions, posing significant safety and operational risks in the oil and gas industrial IoT environment. This paper presents an approach for handling faulty sensors in edge servers within an IIoT environment to enhance the reliability and accuracy of fire prediction through multi-sensor fusion preprocessing, machine learning (ML)-driven probabilistic model adjustment, and uncertainty handling. First, a real-time anomaly detection and statistical assessment mechanism is employed to preprocess sensor data, filtering out faulty readings and normalizing data from multiple sensor types using dynamic thresholding, which adapts to sensor behavior in real-time. The proposed approach also deploys machine learning algorithms to dynamically adjust probabilistic models based on real-time sensor reliability, thereby improving prediction accuracy even in the presence of unreliable sensor data. A belief mass assignment mechanism is introduced, giving more weight to reliable sensors to ensure they have a stronger influence on fire detection. Simultaneously, a dynamic belief update strategy continuously adjusts sensor trust levels, reducing the impact of faulty readings over time. Additionally, uncertainty measurements using Hellinger and Deng entropy, along with Dempster–Shafer Theory, enable the integration of conflicting sensor inputs and enhance decision-making in fire detection. This approach improves decision-making by managing sensor discrepancies and provides a reliable solution for real-time fire predictions, even in the presence of faulty sensor readings, thereby mitigating the fire risks in IIoT environments. © 2025 by the authors.","anomaly detection; Dempster–Shafer; faulty sensors; IIoT; machine learning; sensor fusion","Adversarial machine learning; Anomaly detection; Fire alarm systems; Hybrid sensors; Network security; Risk assessment; Sensor data fusion; Steganography; Anomaly detection; Dempster-shafer; Faulty sensor; Fire prediction; Fire risks; IIoT; Machine-learning; Oil and gas; Sensor fusion; Sensors data; article; controlled study; diagnosis; entropy; filtration; fire; human; hybrid; machine learning; machine learning algorithm; mitigation; noise; outlier detection; prediction; reliability; sensor; Fire detectors","S.K. Singh; Department of Computer Engineering, Marwadi University, Rajkot, Gujarat, 360003, India; email: sushilkumar.singh@marwadieducation.edu.in; S. Bhushan; Computer & Information Sciences Department, Universiti Teknologi PETRONAS, Bandar Seri Iskandar, 32610, Malaysia; email: tyagi_shashi@yahoo.com","","Multidisciplinary Digital Publishing Institute (MDPI)","14248220","","","40218658","English","Sensors","Article","Final","All Open Access; Gold Open Access; Green Open Access","Scopus","2-s2.0-105002278679"
"Li X.; Xue Q.; Yi X.; Liu J.","Li, Xue (57206742827); Xue, Qiaoyun (57225177111); Yi, Xiaoting (57305793000); Liu, Jiwen (55705853500)","57206742827; 57225177111; 57305793000; 55705853500","The interaction of occupational stress, mental health, and cytokine levels on sleep in Xinjiang oil workers: A cross-sectional study","2022","Frontiers in Psychiatry","13","","924471","","","9","10.3389/fpsyt.2022.924471","https://www.scopus.com/pages/publications/85139987399?origin=resultslist","Department of Public Health, Xinjiang Medical University, Urumqi, China; Department of Infection Management, The First Affiliated Hospital of Xinjiang Medical University, Urumqi, China","Li X., Department of Public Health, Xinjiang Medical University, Urumqi, China; Xue Q., Department of Infection Management, The First Affiliated Hospital of Xinjiang Medical University, Urumqi, China; Yi X., Department of Public Health, Xinjiang Medical University, Urumqi, China; Liu J., Department of Public Health, Xinjiang Medical University, Urumqi, China","Background: Sleep occupies one third of a person’s life, and good sleep quality is an important factor to ensure good health. Purpose: This study investigated and analyzed the occupational stress, mental health and sleep quality of oil workers, analyzed the effects of occupational stress and mental health on sleep, and explored the effects of the interaction between occupational stress, mental health and cytokines on sleep. Materials and methods: In this study, stratified cluster random sampling was used to conduct a cross-sectional survey on the occupational stress, mental health and sleep quality of 1,141 oil workers in the Occupational Health Examination Department of Karamay Central Hospital, from June 2019 to January 2020, and 30% of the participants were randomly selected for measurement of their cytokine levels: interleukin 2 (IL-2), interleukin 6 (IL-6), interleukin 8 (IL-8), and tumor necrosis factor α (TNF-α). The objectives were to analyze the effects of occupational stress and mental health on sleep quality, and to explore the effects of occupational stress, mental disorders and cytokine interactions on sleep. Results: There were 646 individuals (56.6%) who suffered from sleep disorders; the incidence of sleep disorders differed according to sex, age, professional title, working years, type of work and shift (P < 0.05). The scores for occupational stress, mental health, and sleep quality were positively correlated (P < 0.05). Multivariate logistic regression analysis showed that age (30–45 years) (OR = 1.753, 95% CI: 1.067–2.881), junior college and above (OR = 1.473, 95% CI: 1.025–2.118), borehole operation (OR = 2.689, 95% CI: 1.508–4.792), extraction of oil (OR = 2.405, 95% CI: 1.229–4.705), drilling (OR = 1.791, 95% CI: 1.017–3.155), shift work (OR = 2.144, 95% CI: 1.615–2.846), occupational stress (OR = 1.007, 95% CI: 1.002–1.013), and mental disorders (OR = 1.020, 95% CI: 1.009–1.032) are risk factors for sleep disorders. In the high occupational stress group and the mental disorders group as the control group, the results showed that the interaction between IL-2 and moderate occupational stress (OR = 0.778, 95% CI: 0.778–0.942), IL-2 and non-mental disorders (OR = 0.398, 95% CI: 0.398–0.468) were protective factors for the occurrence of sleep disorders. The results of structural equation modeling analysis showed that occupational stress and mental health had positive predictive effects on IL-2 level and sleep quality [normalized path coefficients (β) were 0.10\0.06\0.05\0.71, respectively]. Occupational stress had a direct positive predictive effect on mental disorder (β = 0.25), and sleep disorder had a direct negative predictive effect on IL-2 concentration (β = −0.21). Conclusion: Oil workers have serious sleep problems, so effective measures should be taken to reduce occupational stress and relieve mental health problems, and cytokine levels can be used as a predictor of sleep disorders. Copyright © 2022 Li, Xue, Yi and Liu.","cytokines; interaction; mental health; occupational stress; sleep quality","cytokine; interleukin 2; interleukin 6; interleukin 8; tumor necrosis factor; adult; age distribution; Article; China; controlled study; cross-sectional study; educational status; employment status; female; human; incidence; job stress; major clinical study; male; mental disease; mental health; multivariate logistic regression analysis; oil industry; predictive value; risk factor; sex difference; shift work; sleep disorder; sleep quality; structural equation modeling","J. Liu; Department of Public Health, Xinjiang Medical University, Urumqi, China; email: liujiwen123123@126.com","","Frontiers Media S.A.","16640640","","","","English","Front. Psychiatry","Article","Final","All Open Access; Gold Open Access; Green Open Access","Scopus","2-s2.0-85139987399"
"Li Q.; Wu J.; Zhao Z.","Li, Qianyu (57812244100); Wu, Jinglu (7409255171); Zhao, Zhonghua (55726124900)","57812244100; 7409255171; 55726124900","Spatial and temporal distribution of Polycyclic Aromatic Hydrocarbons (PAHs) in sediments from Poyang Lake, China","2018","PLoS ONE","13","10","e0205484","","","31","10.1371/journal.pone.0205484","https://www.scopus.com/pages/publications/85055076339?origin=resultslist","State Key Laboratory of Lake and Environmental Sciences, Nanjing Institute of Geography and Limnology, Chinese Academy of Sciences, Nanjing, China; University of Chinese Academy of Sciences, Beijing, China","Li Q., State Key Laboratory of Lake and Environmental Sciences, Nanjing Institute of Geography and Limnology, Chinese Academy of Sciences, Nanjing, China, University of Chinese Academy of Sciences, Beijing, China; Wu J., State Key Laboratory of Lake and Environmental Sciences, Nanjing Institute of Geography and Limnology, Chinese Academy of Sciences, Nanjing, China; Zhao Z., State Key Laboratory of Lake and Environmental Sciences, Nanjing Institute of Geography and Limnology, Chinese Academy of Sciences, Nanjing, China","Concentrations of polycyclic aromatic hydrocarbons (PAHs) were measured in 22 surface sediment samples and an approximately 100-year scale sediment core collected from Poyang Lake. This valuable sediments enable analysis of spatial and temporal distribution patterns of PAH sources, and determine the anthropogenic impacts on Poyang Lake. Total PAH concentrations in the surface sediments ranged from 73.2 to 367.2 ng/g dw, and higher residues were encountered in regions with high-density populations and intensive human activities. Total PAH concentrations in the sediment core ranged from 42.0 to 334.0 ng/g dw and were grouped in two clusters (pre-1990s and post-1990s to the present). PAH concentrations in sediments changed both temporally and spatially, suggesting a difference in PAH sources. Before the 1990s, major PAH sources in the sediment core were from coal, wood and grass combustion. This finding naturally agrees with open lake conditions on a spatial scale, which were related to agricultural activities. Petroleum combustion from industrialization and urbanization has become the predominant PAH source in the sediment core from the 1990s to the present and corresponds to sources observed in the southwestern lake near the relatively developed Nanchang City. In the northern lake leading to the Yangtze River, certain petroleum-related contaminants from shipping have become the main PAH sources. The different PAH sources observed in sediments generally reflect the degree of socio-economic development in the Poyang Lake valley, which is consistent with the local written records, indirectly validating the connection of sediment PAH records to the history of human activities in and around Poyang Lake. © 2018 Li et al. This is an open access article distributed under the terms of the Creative Commons Attribution License, which permits unrestricted use, distribution, and reproduction in any medium, provided the original author and source are credited.","","China; Environmental Monitoring; Geologic Sediments; Human Activities; Industrial Development; Lakes; Petroleum; Polycyclic Aromatic Hydrocarbons; Urbanization; Water Pollutants, Chemical; petroleum; polycyclic aromatic hydrocarbon; analysis; China; environmental monitoring; human activities; industrialization; lake; sediment; urbanization; water pollutant","J. Wu; State Key Laboratory of Lake and Environmental Sciences, Nanjing Institute of Geography and Limnology, Chinese Academy of Sciences, Nanjing, China; email: w.jinglu@niglas.ac.cn","","Public Library of Science","19326203","","POLNC","30335771","English","PLoS ONE","Article","Final","All Open Access; Gold Open Access; Green Open Access","Scopus","2-s2.0-85055076339"
"Lv H.; Zeng X.; Chi B.; Zhang G.; Thurber C.","Lv, Hao (57422921200); Zeng, Xiangfang (8322123400); Chi, Benxin (55922345800); Zhang, Gongbo (57212091429); Thurber, Clifford (57220379089)","57422921200; 8322123400; 55922345800; 57212091429; 57220379089","Monitoring seismicity triggered by geothermal site shutdown with a surface DAS array at Brady Hot Springs","2023","Geophysical Journal International","235","2","","1861","1871","13","10.1093/gji/ggad333","https://www.scopus.com/pages/publications/85172892418?origin=resultslist","State Key Laboratory of Geodesy and Earth's Dynamics, Innovation Academy for Precision Measurement Science and Technology, Chinese Academy of Sciences, Wuhan, 430077, China; Department of Geoscience, University of Wisconsin-Madison, 1215 W Dayton, Madison, 53706, WI, United States","Lv H., State Key Laboratory of Geodesy and Earth's Dynamics, Innovation Academy for Precision Measurement Science and Technology, Chinese Academy of Sciences, Wuhan, 430077, China; Zeng X., State Key Laboratory of Geodesy and Earth's Dynamics, Innovation Academy for Precision Measurement Science and Technology, Chinese Academy of Sciences, Wuhan, 430077, China; Chi B., State Key Laboratory of Geodesy and Earth's Dynamics, Innovation Academy for Precision Measurement Science and Technology, Chinese Academy of Sciences, Wuhan, 430077, China; Zhang G., State Key Laboratory of Geodesy and Earth's Dynamics, Innovation Academy for Precision Measurement Science and Technology, Chinese Academy of Sciences, Wuhan, 430077, China; Thurber C., Department of Geoscience, University of Wisconsin-Madison, 1215 W Dayton, Madison, 53706, WI, United States","Seismicity induced by fluid injection including wastewater injection, hydrofracking and enhanced geothermal system (EGS) site production draws public attention. Dense arrays have been deployed to improve monitoring capability. In 2016 March, the PoroTomo experiment deployed an 8.6-km-long fibre-optic cable for distributed acoustic sensing (DAS) in the geothermal field at Brady Hot Springs, Nevada, covering an area of 1.5 by 0.5 km. The goal was to assess an integrated technology for characterizing and monitoring temporal changes in the rock mechanical properties of an EGS reservoir in three dimensions. We applied a neural network designed for earthquake detection called ADE-Net2 to the DAS data set to detect seismic events in continuous records. We were able to detect a total of 90 earthquakes, which included 21 events that had not been reported by a previous template-matching study. Additionally, we were able to successfully detect almost all of the active source signals, with only seven events being missed. We used the STA/LTA (short-/long-term average) method to pick arrivals and a clustering method to remove outliers. We initially tried a standard event location algorithm, but the low signal-to-noise ratio resulted in significant picking uncertainty that is up to ∼0.5 s, leading to large location uncertainty. Therefore, we developed a new location method based on the similarity between the theoretical traveltime curve and picked moveout. A grid search scheme was adopted to find the optimal point at which the traveltime curve is most similar to the picked one. Most newly detected earthquakes locate southwest of the DAS array, where five earthquakes were reported by a local seismic network. The plant began shutting down at 19:15 UTC on the March 13, and most earthquakes occurred on the March 14, indicating a relationship between the seismicity and the pressure changes caused by the shutdown of the plant. The pressure changes at epicentres obtained from a simplified model range from 71 to 157 kPa, exceeding a typical earthquake trigger threshold of 10 kPa.  © 2023 The Author(s).","Distributed acoustic sensing; Earthquake monitoring and test-ban treaty verifi cation; Induced seismicity; Machine learning","Brady Geothermal Field; Nevada; United States; Geothermal fields; Geothermal springs; Hot springs; Induced Seismicity; Location; Machine learning; Plant shutdowns; Signal to noise ratio; Template matching; Acoustic sensing; Distributed acoustic sensing; Earthquake monitoring; Earthquake monitoring and test-ban treaty verifi cation; Enhanced geothermal systems; Geothermal sites; Machine-learning; Pressure change; Travel-time; Verifi cations; earthquake trigger; enhanced geothermal system; induced seismicity; machine learning; monitoring; Earthquakes","","","Oxford University Press","0956540X","","","","English","Geophys. J. Int.","Article","Final","All Open Access; Bronze Open Access","Scopus","2-s2.0-85172892418"
"Brackenridge R.E.; Demyanov V.; Vashutin O.; Nigmatullin R.","Brackenridge, Rachel E. (35791171100); Demyanov, Vasily (6701452362); Vashutin, Oleg (57439499500); Nigmatullin, Ruslan (57142025100)","35791171100; 6701452362; 57439499500; 57142025100","Improving Subsurface Characterisation with ‘Big Data’ Mining and Machine Learning","2022","Energies","15","3","1070","","","8","10.3390/en15031070","https://www.scopus.com/pages/publications/85124023265?origin=resultslist","School of Geosciences, University of Aberdeen, Aberdeen, AB24 3FX, United Kingdom; School of Energy, Geoscience, Infrastructure and Society, Heriot Watt University, Riccarton, Edinburgh, EH14 4AS, United Kingdom; Wood Mackenzie, Moscow, 125009, Russian Federation","Brackenridge R.E., School of Geosciences, University of Aberdeen, Aberdeen, AB24 3FX, United Kingdom; Demyanov V., School of Energy, Geoscience, Infrastructure and Society, Heriot Watt University, Riccarton, Edinburgh, EH14 4AS, United Kingdom; Vashutin O., Wood Mackenzie, Moscow, 125009, Russian Federation; Nigmatullin R., Wood Mackenzie, Moscow, 125009, Russian Federation","Large databases of legacy hydrocarbon reservoir and well data provide an opportunity to use modern data mining techniques to improve our understanding of the subsurface in the presence of uncertainty and improve predictability of reservoir properties. A data mining approach provides a way to screen dependencies in reservoir and fluid data and enable subsurface specialists to estimate absent properties in partial or incomplete datasets. This allows for uncertainty to be managed and reduced. An improvement in reservoir characterisation using machine learning results from the capacity of machine learning methods to detect and model hidden dependencies in large multivariate datasets with noisy and missing data. This study presents a workflow applied to a large basin‐scale reservoir characterization database. The study aims to understand the dependencies between reservoir attributes in order to allow for predictions to be made to improve the data coverage. The machine learning workflow comprises the following steps: (i) exploratory data analysis; (ii) detection of outliers and data partitioning into groups showing similar trends using clustering; (iii) identification of dependencies within reservoir data in multivariate feature space with self‐organising maps; and (iv) feature selection using supervised learning to identify relevant properties to use for predictions where data are absent. This workflow provides an opportunity to reduce the cost and increase accuracy of hydrocarbon exploration and production in mature basins. © 2022 by the authors. Licensee MDPI, Basel, Switzerland.","Big data; Hydrocarbon exploration; Machine learning; Multivariant analysis; Reservoir; Subsurface characterisation; Supervised learning; Unsupervised learning","Data mining; Hydrocarbons; Large dataset; Multivariant analysis; Petroleum prospecting; Hydrocarbon exploration; Hydrocarbon reservoir; Large database; Machine-learning; Property; Reservoir characterization; Reservoir data; Subsurface characterizations; Uncertainty; Work-flows; Supervised learning","R.E. Brackenridge; School of Geosciences, University of Aberdeen, Aberdeen, AB24 3FX, United Kingdom; email: Rachel.Brackenridge@abdn.ac.uk","","MDPI","19961073","","","","English","Energies","Article","Final","All Open Access; Gold Open Access; Green Open Access","Scopus","2-s2.0-85124023265"
"El-Ouati M.; Bimonte S.; Tricot N.","El-Ouati, Mohamed (60003436900); Bimonte, Sandro (15074087900); Tricot, Nicolas (8274729300)","60003436900; 15074087900; 8274729300","Monitoring IoT and Robotics Data for Sustainable Agricultural Practices Using a New Edge–Fog–Cloud Architecture †","2026","Computers","15","1","32","","","1","10.3390/computers15010032","https://www.scopus.com/pages/publications/105028663175?origin=resultslist","TSCF, INRAE, University Clermont Auvergne, Aubiere, 63178, France","El-Ouati M., TSCF, INRAE, University Clermont Auvergne, Aubiere, 63178, France; Bimonte S., TSCF, INRAE, University Clermont Auvergne, Aubiere, 63178, France; Tricot N., TSCF, INRAE, University Clermont Auvergne, Aubiere, 63178, France","Modern agricultural operations generate high-volume and diverse data (historical and stream) from various sources, including IoT devices, robots, and drones. This paper presents a novel smart farming architecture specifically designed to efficiently manage and process this complex data landscape.The proposed architecture comprises five distinct, interconnected layers: The Source Layer, the Ingestion Layer, the Batch Layer, the Speed Layer, and the Governance Layer. The Source Layer serves as the unified entry point, accommodating structured, spatial, and image data from sensors, Drones, and ROS-equipped robots. The Ingestion Layer uses a hybrid fog/cloud architecture with Kafka for real-time streams and for batch processing of historical data. Data is then segregated for processing: The cloud-deployed Batch Layer employs a Hadoop cluster, Spark, Hive, and Drill for large-scale historical analysis, while the Speed Layer utilizes Geoflink and PostGIS for low-latency, real-time geovisualization. Finally, the Governance Layer guarantees data quality, lineage, and organization across all components using Open Metadata. This layered, hybrid approach provides a scalable and resilient framework capable of transforming raw agricultural data into timely, actionable insights, addressing the critical need for advanced data management in smart farming. © 2026 by the authors.","agricultural robots; anomaly detection; continuous queries; data stream management systems; edge processing; real-time data processing","Agricultural robots; Agriculture; Architecture; Batch data processing; Computer architecture; Data handling; Information management; Metadata; Sustainable agriculture; Agricultural operations; Agricultural practices; Agricultural robot; Anomaly detection; Cloud architectures; Continuous queries; Data stream management systems; Edge processing; Real-time data processing; Sustainable agricultural; Anomaly detection","S. Bimonte; TSCF, INRAE, University Clermont Auvergne, Aubiere, 63178, France; email: sandro.bimonte@inrae.fr","","Multidisciplinary Digital Publishing Institute (MDPI)","2073431X","","","","English","Comput.","Article","Final","All Open Access; Gold Open Access; Green Open Access","Scopus","2-s2.0-105028663175"
"Ge F.; Yang Z.; Yu F.; Xiao H.; Peng Y.; Li J.; Chen Y.; Fang Y.; Luo K.","Ge, Feng (57393031900); Yang, Zhi (59658018800); Yu, Fan (60788298700); Xiao, Honglin (58017136200); Peng, Yang (60788164100); Li, Ji (59902379300); Chen, Yan (56928458300); Fang, Yu (57190179182); Luo, Ke (60787645200)","57393031900; 59658018800; 60788298700; 58017136200; 60788164100; 59902379300; 56928458300; 57190179182; 60787645200","ALSTMResNet: Active-Learning-Enhanced LSTMResNet as an Efficiency-Oriented Training Framework for Well Anomaly Monitoring Under Partial Labels","2026","Processes","14","15","2381","","","0","10.3390/pr14152381","https://www.scopus.com/pages/publications/105047155971?origin=resultslist","PetroChina Southwest Oil & Gasfield Company, Chengdu, 610051, China; Research Institute of Oil and Gas Process, PetroChina Southwest Oil & Gasfield Company, Chengdu, 610017, China; Tight Oil and Gas Exploration and Development Project Department, PetroChina Southwest Oil & Gasfield Company, Chengdu, 610051, China; School of Computer Science and Software Engineering, Southwest Petroleum University, Chengdu, 610500, China; Engineering Research Center for Intelligent Oil & Gas Exploration and Development of Sichuan Province, Southwest Petroleum University, Chengdu, 610500, China; School of Computer and Artificial Intelligence, Southwest Jiaotong University, Chengdu, 611756, China","Ge F., PetroChina Southwest Oil & Gasfield Company, Chengdu, 610051, China; Yang Z., Research Institute of Oil and Gas Process, PetroChina Southwest Oil & Gasfield Company, Chengdu, 610017, China; Yu F., Research Institute of Oil and Gas Process, PetroChina Southwest Oil & Gasfield Company, Chengdu, 610017, China; Xiao H., Tight Oil and Gas Exploration and Development Project Department, PetroChina Southwest Oil & Gasfield Company, Chengdu, 610051, China; Peng Y., Research Institute of Oil and Gas Process, PetroChina Southwest Oil & Gasfield Company, Chengdu, 610017, China; Li J., School of Computer Science and Software Engineering, Southwest Petroleum University, Chengdu, 610500, China; Chen Y., School of Computer Science and Software Engineering, Southwest Petroleum University, Chengdu, 610500, China, Engineering Research Center for Intelligent Oil & Gas Exploration and Development of Sichuan Province, Southwest Petroleum University, Chengdu, 610500, China; Fang Y., School of Computer Science and Software Engineering, Southwest Petroleum University, Chengdu, 610500, China, School of Computer and Artificial Intelligence, Southwest Jiaotong University, Chengdu, 611756, China; Luo K., Tight Oil and Gas Exploration and Development Project Department, PetroChina Southwest Oil & Gasfield Company, Chengdu, 610051, China","Oil-well anomaly monitoring supports safe and efficient oil-and-gas production, but delayed recognition of abnormal operating states can reduce lifting efficiency, trigger costly interventions, and increase operational risk. Existing data-driven detectors are also vulnerable to optimistic estimates when segmentation, normalization, and train–test splitting leak information across source files. This study presents ALSTMResNet, an application-oriented active-learning workflow built on an LSTMResNet backbone for one-step-ahead anomaly screening under partial labels. The workflow converts real 3W well records into leakage-aware file-wise splits, train-only standardized sliding windows, and a fixed 15-channel representation that combines process measurements with temporal covariates; active learning is used only during training to select additional labels while leaving the deployed backbone unchanged. Experiments on the retained benchmark split obtain an (Formula presented.) -score of 0.9354, and five repeated file-wise trials give an average (Formula presented.) -score of (Formula presented.) while reducing retraining time relative to the full-data backbone. Label-budget and acquisition-policy analyses show that the workflow remains competitive under constrained labels, although uncertainty, entropy, margin, least-confidence, and random querying have limited separation in the present binary setting. These results indicate that ALSTMResNet can support cost-aware oil-well anomaly monitoring when labels are partially available and retraining resources are constrained. © 2026 by the authors.","active learning; anomaly monitoring; industrial artificial intelligence; multivariate time series; well monitoring","Anomaly detection; Information leakage; Learning systems; Oil well flooding; Uncertainty analysis; Active Learning; Anomaly monitoring; Industrial artificial intelligence; Lifting efficiencies; Multivariate time series; Oil and gas production; Operating state; Training framework; Well monitoring; Work-flows; Budget control","Y. Fang; School of Computer Science and Software Engineering, Southwest Petroleum University, Chengdu, 610500, China; email: fangyu@swpu.edu.cn","","Multidisciplinary Digital Publishing Institute (MDPI)","22279717","","","","English","Process.","Article","Final","All Open Access; Gold Open Access","Scopus","2-s2.0-105047155971"
"Alberg D.; Hadad E.","Alberg, Dima (24480452500); Hadad, Elroi (57219393406)","24480452500; 57219393406","Tracking the Unseen: AI-Driven Dashboards for Real-Time Detection of Calendar Anomalies in Cryptocurrency Markets","2025","Journal of Risk and Financial Management","18","12","712","","","0","10.3390/jrfm18120712","https://www.scopus.com/pages/publications/105025819998?origin=resultslist","Department of Industrial Engineering and Management, SCE Shamoon College of Engineering, Beer Sheva, 8410802, Israel","Alberg D., Department of Industrial Engineering and Management, SCE Shamoon College of Engineering, Beer Sheva, 8410802, Israel; Hadad E., Department of Industrial Engineering and Management, SCE Shamoon College of Engineering, Beer Sheva, 8410802, Israel","This study introduces a novel AI-powered Business Intelligence Dashboard System (AIBIDS) designed to detect and visualize calendar-based anomalies in cryptocurrency returns. Focusing on Bitcoin as a case study, the system integrates unsupervised machine learning algorithms to identify periods of abnormal market behavior across multiple temporal resolutions. The proposed system leverages a star-schema OLAP data warehouse, enabling real-time anomaly detection, dynamic visualization, and drill-down exploration of market irregularities. Empirical results confirm the presence of pronounced calendar effects in Bitcoin returns, such as heightened anomalies during Q1 and Q4, and reveal model-specific sensitivities to local versus global volatility. Our novel platform offers a practical, scalable innovation for investors, analysts, and regulators seeking to monitor cryptocurrency markets more effectively, and contributes to the emerging FinTech literature on AI-driven anomaly detection and behavioral market dynamics. © 2025 by the authors.","AI models; anomaly detection; autoencoder; bitcoin; business intelligence system; generative AI; learning","","D. Alberg; Department of Industrial Engineering and Management, SCE Shamoon College of Engineering, Beer Sheva, 8410802, Israel; email: dimitria@sce.ac.il","","Multidisciplinary Digital Publishing Institute (MDPI)","19118066","","","","English","J. Risk. Financ. Manag.","Article","Final","All Open Access; Hybrid Gold Open Access","Scopus","2-s2.0-105025819998"
"Toure A.B.; Hounmenou C.G.; Nabe A.B.; Sylla Y.; Bongono E.F.; Sylla A.; Kaba A.; Dabre D.; Traore S.; Diallo M.S.; Sidibe S.; Delamou A.","Toure, Aly Badara (57224013914); Hounmenou, Castro Gbêmêmali (57218616169); Nabe, Aly Badara (58628583200); Sylla, Younoussa (57221409766); Bongono, Emile Faya (59710665300); Sylla, Amadou (60367889100); Kaba, Aboubacar (60367949100); Dabre, Djamila (60367824600); Traore, Sahar (59384757400); Diallo, Mariama Sadjo (57225774677); Sidibe, Sidikiba (56960208500); Delamou, Alexandre (55916714900)","57224013914; 57218616169; 58628583200; 57221409766; 59710665300; 60367889100; 60367949100; 60367824600; 59384757400; 57225774677; 56960208500; 55916714900","Assessment of physico-chemical water parameters and health risk characterization in the mining areas of Siguiri, Guinea","2026","Discover public health","23","1","136","","","1","10.1186/s12982-026-01400-8","https://www.scopus.com/pages/publications/105029169194?origin=resultslist","African Center of Excellence for the Prevention and Control of Communicable Diseases (CEA-PCMT), University Gamal Abdel Nasser of Conakry, Conakry, Guinea; Département de Santé Publique, Université Gamal Abdel Nasser de Conakry, Conakry, Guinea; Centre de Recherche et de Formation en Infectiologie de Guinée (CERFIG), Campus Hadja Mafory Bangoura, Donka, Conakry, Guinea; Département Informatique, Université de Labé, Labé, Guinea; Département d’Odontologie, Université Gamal Abdel Nasser de Conakry, Conakry, Guinea; Service National de la Promotion de la Santé, Ministère de la Santé et de l’Hygiène Publique, Conakry, Guinea; Département de Médecine vétérinaire, Institut supérieur des Sciences et de Médecine Vétérinaire Dalaba, Dalaba, Guinea; Laboratoire de l’Office National de Contrôle Qualité, Conakry, Guinea; Laboratoire d’Analyses Environnementales (LAE), Ministère de l’Environnement et du Développement Durable, Conakry, Guinea; Université Grenoble Alpes, Grenoble, France; Institut de Recherche en Biologie Appliquée de Guinée (IRBAG), Kindia, Guinea; Laboratoire de Biologie Moléculaire Nestor Bangoura/Hélène Labrousse, CTA Hôpital National Donka, Conakry, Guinea; Centre National de Formation et de Recherche en Santé Rurale de Maferinyah (CNSFRSM), Forécariah, Guinea","Toure A.B., African Center of Excellence for the Prevention and Control of Communicable Diseases (CEA-PCMT), University Gamal Abdel Nasser of Conakry, Conakry, Guinea, Département de Santé Publique, Université Gamal Abdel Nasser de Conakry, Conakry, Guinea; Hounmenou C.G., Centre de Recherche et de Formation en Infectiologie de Guinée (CERFIG), Campus Hadja Mafory Bangoura, Donka, Conakry, Guinea, Département Informatique, Université de Labé, Labé, Guinea; Nabe A.B., Département d’Odontologie, Université Gamal Abdel Nasser de Conakry, Conakry, Guinea; Sylla Y., Service National de la Promotion de la Santé, Ministère de la Santé et de l’Hygiène Publique, Conakry, Guinea; Bongono E.F., Département de Santé Publique, Université Gamal Abdel Nasser de Conakry, Conakry, Guinea, Centre de Recherche et de Formation en Infectiologie de Guinée (CERFIG), Campus Hadja Mafory Bangoura, Donka, Conakry, Guinea, Département de Médecine vétérinaire, Institut supérieur des Sciences et de Médecine Vétérinaire Dalaba, Dalaba, Guinea; Sylla A., Laboratoire de l’Office National de Contrôle Qualité, Conakry, Guinea; Kaba A., Laboratoire d’Analyses Environnementales (LAE), Ministère de l’Environnement et du Développement Durable, Conakry, Guinea; Dabre D., Université Grenoble Alpes, Grenoble, France; Traore S., Institut de Recherche en Biologie Appliquée de Guinée (IRBAG), Kindia, Guinea; Diallo M.S., African Center of Excellence for the Prevention and Control of Communicable Diseases (CEA-PCMT), University Gamal Abdel Nasser of Conakry, Conakry, Guinea, Laboratoire de Biologie Moléculaire Nestor Bangoura/Hélène Labrousse, CTA Hôpital National Donka, Conakry, Guinea; Sidibe S., African Center of Excellence for the Prevention and Control of Communicable Diseases (CEA-PCMT), University Gamal Abdel Nasser of Conakry, Conakry, Guinea, Département de Santé Publique, Université Gamal Abdel Nasser de Conakry, Conakry, Guinea; Delamou A., African Center of Excellence for the Prevention and Control of Communicable Diseases (CEA-PCMT), University Gamal Abdel Nasser of Conakry, Conakry, Guinea, Département de Santé Publique, Université Gamal Abdel Nasser de Conakry, Conakry, Guinea, Centre National de Formation et de Recherche en Santé Rurale de Maferinyah (CNSFRSM), Forécariah, Guinea","Introduction: Artisanal and small-scale gold mining (ASGM) represents a crucial socio-economic activity in many low- and middle-income countries yet poses significant environmental and public health threats due to unregulated practices. This study assessed water contamination and associated health risks in the ASGM areas of Siguiri, Guinea. Methods: We collected 36 water samples (12 boreholes, 24 river points) from three major mining sites during dry (April) and rainy (August) seasons. Samples were analyzed for eight heavy metals (mercury, lead, aluminium, cadmium, nickel, manganese, copper, iron) using UV-visible spectrophotometry. Health risk assessment followed USEPA methodology, including hazard identification, exposure, toxicity assessment, and risk characterization. We computed hazard indices and carcinogenic risk for adults and children. Multivariate statistical analyses identified contamination patterns and vulnerable populations. Results: Heavy metal concentrations exceeded WHO guidelines, particularly during rains. River water showed higher contamination than borehole water, Nickel and manganese exceeded limits by 10-20 fold, while mercury and lead surpassed limits by >50-fold at some sites. Water hazard index peaked at 56.3. Non-carcinogenic ingestion risks for children reached alarming values of 476 (dry season) and 409 (rainy season) far exceeding the acceptable risk threshold of 1. Dermal exposure posed negligible risks compared to ingestion (HIderm < 0.01). Carcinogenic risks exceeded EPA thresholds (>10⁻4) for nickel, lead, and cadmium, with children being 4-10 times more vulnerable than adults. Multivariate analysis identified three contamination clusters: ""Low Toxicity (Dry Season),"" ""Moderate Toxicity (Rainy Season),"" and ""High Toxicity (Oudoula)."" Conclusion: Our findings demonstrate significant health risks, particularly for children, necessitating urgent interventions. We recommend installation of low-cost water treatment systems, buffer zones around mining sites, tailings containment structures and phytoremediation using local metal-accumulating plants. These measures align with SDGs 3, 6, and 12, supporting Guinea's national development agenda while protecting vulnerable communities from mining-related health hazards. © The Author(s) 2026.","Artisanal mines; Assessment; Carcinogenic risk; Health risks; Heavy metals; Siguiri","aluminum; cadmium; copper; heavy metal; iron; lead; manganese; mercury; nickel; Article; Guinea; health risk assessment; limit of detection; limit of quantitation; mining; nonhuman; parameters; physicochemical water parameter; public health; quality control; small scale gold mining; ultraviolet visible spectrophotometry; World Health Organization","A.B. Toure; African Center of Excellence for the Prevention and Control of Communicable Diseases (CEA-PCMT), University Gamal Abdel Nasser of Conakry, Conakry, Guinea; email: Alymosat@yahoo.fr","","BioMed Central Ltd","30050774","","","","English","Discov. public health","Article","Final","All Open Access; Gold Open Access","Scopus","2-s2.0-105029169194"
"Szabó N.P.; Braun B.A.; Abdelrahman M.M.G.; Dobróka M.","Szabó, N.P. (16043857300); Braun, B.A. (57208812221); Abdelrahman, M.M.G. (58254723600); Dobróka, M. (6603646179)","16043857300; 57208812221; 58254723600; 6603646179","Improved well logs clustering algorithm for shale gas identification and formation evaluation","2021","Acta Geodaetica et Geophysica","56","4","","711","729","20","10.1007/s40328-021-00358-0","https://www.scopus.com/pages/publications/85112500435?origin=resultslist","Department of Geophysics, University of Miskolc, Miskolc-Egyetemváros, 3515, Hungary; Geoengineering Research Group, MTA-ME, University of Miskolc, Miskolc-Egyetemváros, 3515, Hungary","Szabó N.P., Department of Geophysics, University of Miskolc, Miskolc-Egyetemváros, 3515, Hungary, Geoengineering Research Group, MTA-ME, University of Miskolc, Miskolc-Egyetemváros, 3515, Hungary; Braun B.A., Department of Geophysics, University of Miskolc, Miskolc-Egyetemváros, 3515, Hungary; Abdelrahman M.M.G., Department of Geophysics, University of Miskolc, Miskolc-Egyetemváros, 3515, Hungary; Dobróka M., Department of Geophysics, University of Miskolc, Miskolc-Egyetemváros, 3515, Hungary","The identification of lithology, fluid types, and total organic carbon content are of great priority in the exploration of unconventional hydrocarbons. As a new alternative, a further developed K-means type clustering method is suggested for the evaluation of shale gas formations. The traditional approach of cluster analysis is mainly based on the use of the Euclidean distance for grouping the objects of multivariate observations into different clusters. The high sensitivity of the L2 norm applied to non-Gaussian distributed measurement noises is well-known, which can be reduced by selecting a more suitable norm as distance metrics. To suppress the harmful effect of non-systematic errors and outlying data, the Most Frequent Value method as a robust statistical estimator is combined with the K-means clustering algorithm. The Cauchy-Steiner weights calculated by the Most Frequent Value procedure is applied to measure the weighted distance between the objects, which improves the performance of cluster analysis compared to the Euclidean norm. At the same time, the centroids are also calculated as a weighted average (using the Most Frequent Value method), instead of applying arithmetic mean. The suggested statistical method is tested using synthetic datasets as well as observed wireline logs, mud-logging data and core samples collected from the Barnett Shale Formation, USA. The synthetic experiment using extremely noisy well logs demonstrates that the newly developed robust clustering procedure is able to separate the geological-lithological units in hydrocarbon formations and provide additional information to standard well log analysis. It is also shown that the Cauchy-Steiner weighted cluster analysis is affected less by outliers, which allows a more efficient processing of poor-quality wireline logs and an improved evaluation of shale gas reservoirs. © 2021, The Author(s).","Barnett Shale; K-means clustering; Most Frequent Value; Robust; Shale gas; Well log","United States; Cluster analysis; Hydrocarbon refining; Hydrocarbons; Lithology; Mud logging; Organic carbon; Petroleum prospecting; Petroleum reservoir evaluation; Petroleum reservoirs; Quality control; Shale gas; Statistical methods; Systematic errors; Hydrocarbon formation; Multivariate observations; Shale gas reservoirs; Statistical estimators; Synthetic experiments; Total organic carbon content; Traditional approaches; Unconventional hydrocarbons; algorithm; cluster analysis; hydrocarbon exploration; hydrocarbon reservoir; identification method; lithology; outlier; shale gas; well logging; K-means clustering","N.P. Szabó; Department of Geophysics, University of Miskolc, Miskolc-Egyetemváros, 3515, Hungary; email: norbert.szabo.phd@gmail.com","","Springer Science and Business Media B.V.","22135812","","","","English","Acta Geod. Geophys.","Article","Final","All Open Access; Hybrid Gold Open Access","Scopus","2-s2.0-85112500435"
"Khan N.","Khan, Natasha (57190845633)","57190845633","Application of integrated clustering and petrophysical-microscopic methods for facies determination of Campanian–Maastrichtian and Danian–Thanetian reservoirs: Constraints for tectonostratigraphic influences on sedimentation across the NW Indian Plate margin","2019","Journal of Petroleum Science and Engineering","180","","","861","885","6","10.1016/j.petrol.2019.05.049","https://www.scopus.com/pages/publications/85067182064?origin=resultslist","National Centre of Excellence in Geology, University of Peshawar, Pakistan","Khan N., National Centre of Excellence in Geology, University of Peshawar, Pakistan","This paper focuses on reservoirs study in tectonostratigraphic perspective using soft computing multivariate statistical technique of clustering analysis (CA) to delineate electrofacies (EF) for rock typing. The EF knowledge was combined with petrophysics, rock fabric number (rfn) and application of microscopic studies comprising thin sections (TS), scanning electron microscopy (SEM), back scattered electron (BSE) and energy dispersive X-Ray spectroscopy (EDS) on fauna acquired from novel drill cuttings of selected wells. The methods were implemented on data of eight exploratory wells from eastern Sulaiman sedimentary basin (Pakistan) to investigate tectonostratigraphic influences and reservoir characteristics of the Campanian–Maastrichtian, and Danian–Thanetian reservoirs. The Danian-Thanetian (Upper and Lower Ranikot Formations) demonstrate good reservoir rocks in the Sulaiman Fold Belt (SFB) and the northern part of the Zindapir (ZA), however, in the Sulaiman Depression (SD), the Danian-Thanetian reservoirs are shale-rich bearing poor reservoir potential based on EF log correlation. The presence of glauconite (Gl) in the Paleocene Ranikot intervals suggests transgressive (TST) or early highstand system tract (HST) for this particular formation. This evidence is further supported by the occurrence of planktonic foraminifera (Pl), the abundance of which is indicative of late TSTs and early stage HSTs. The presence of Pl in the Campanian Parh Limestone indicates an open sea environment. The clay minerals (kaolinite, chlorite, montmorillonite) occurrence in Maastrichtian Pab Sandstone suggest the detrimental effect on reservoir quality, hindering permeability and fluid flow, proposing this particular formation as a tight reservoir. The kaolinite clay type in the Lower Ranikot Sands in the northern part of ZA characterize continental to near-shore sediments, indicative of fluviatile environment. The Maastrichtian Mughal Kot Formation in the SFB indicates arkosic sandstone (feldspar-rich) with some micaceous content and montmorillonite. The findings from the EF correlation of different wells demonstrate that the reservoir rocks in the SD to the southeast are more shale rich in comparison to those encountered in the SFB in the northeast and northwest. The rfn suggests class 1 type rock fabric (grain dominant) for the Cretaceous Parh Limestone. Due to incomplete logging data, it was not possible to derive rfn for Paleocene formations. The results validate the reservoir heterogeneities on microscopic and small-scale using drill cuttings and well logs. Geologically, active tectonics during the Cretaceous and Paleocene, local sea level fluctuations, diagenesis, clay mineralogy and paleo-topography have strongly affected the lateral variation of facies of Campanian–Maastrichtian, and Danian–Thanetian reservoirs. Moreover, regional active tectonics (Himalayan Orogeny) spanning the Cretaceous and Paleogene Periods also played a major role in crafting the reservoir architecture of various rock units. The results demonstrate the Campanian–Maastrichtian and Danian–Thanetian reservoirs as promising exploratory targets in the SFB. The comparison of the achieved outcomes showed a close agreement with the lateral facies variation in Cretaceous (Campanian–Maastrichtian) and Paleocene (Danian–Thanetian) across the study area. © 2019 Elsevier B.V.","Cluster analysis; Electrofacies; Petrophysics; Sulaiman province","Pakistan; Sulaiman Range; Foraminifera; Cluster analysis; Energy dispersive spectroscopy; Feldspar; Flow of fluids; Infill drilling; Kaolinite; Lime; Limestone; Mica; Multivariant analysis; Petroleum reservoirs; Petrophysics; Rock drills; Sandstone; Scanning electron microscopy; Sea level; Sedimentology; Shale; Soft computing; Tectonics; Topography; Underwater mineralogy; Well logging; Backscattered electrons; Electrofacies; Energy dispersive X ray spectroscopy; Multivariate statistical techniques; Planktonic foraminifera; Reservoir characteristic; Reservoir heterogeneity; Sulaiman province; Campanian; cluster analysis; Danian; facies analysis; heterogeneity; Himalayan orogeny; Indian plate; Maastrichtian; petrofabric; sedimentation; tectonostratigraphy; Thanetian; well logging; Petroleum reservoir engineering","","","Elsevier B.V.","09204105","","","","English","J. Pet. Sci. Eng.","Article","Final","All Open Access; Hybrid Gold Open Access","Scopus","2-s2.0-85067182064"
"Markom A.M.; Saharudin S.; Hisham M.H.","Markom, Arni Munira (56712020500); Saharudin, Suhairi (6508291078); Hisham, Mohd Hafizulfika (57093699000)","56712020500; 6508291078; 57093699000","Systematic review of fiber-optic distributed acoustic sensing: advancements, applications, and challenges","2025","Optical Fiber Technology","94","","104293","","","35","10.1016/j.yofte.2025.104293","https://www.scopus.com/pages/publications/105007532295?origin=resultslist","Faculty of Electrical Engineering, Universiti Teknologi MARA, Selangor, Shah Alam, 40450, Malaysia; Mimos Berhad, Technology Park Malaysia, Kuala Lumpur, 57000, Malaysia","Markom A.M., Faculty of Electrical Engineering, Universiti Teknologi MARA, Selangor, Shah Alam, 40450, Malaysia, Mimos Berhad, Technology Park Malaysia, Kuala Lumpur, 57000, Malaysia; Saharudin S., Mimos Berhad, Technology Park Malaysia, Kuala Lumpur, 57000, Malaysia; Hisham M.H., Mimos Berhad, Technology Park Malaysia, Kuala Lumpur, 57000, Malaysia","Distributed Acoustic Sensing (DAS) is an advanced optical fiber technique that uses Rayleigh backscattering to offer real-time monitoring and data collection across a wide range of applications. Despite tremendous progress, no comprehensive review has summarized recent advancements, applications, and challenges with DAS systems across multiple fields. This study aims to bridge this gap by systematically reviewing the most recent research and addressing four essential questions: significant applications, advancements in technology, critical challenges, and the growth of signal processing approaches in DAS. This review uses a systematic approach of identification, screening, eligibility and data abstraction to group findings into six important themes: civil engineering and structural health monitoring, environmental and oceanographic applications, oil and gas industry applications, seismic and geophysical monitoring, telecommunications and infrastructure security, and signal processing and advanced sensing techniques. Our findings indicate that DAS has notably enhanced applications including structural anomaly detection, environmental monitoring, pipeline surveillance, seismic analysis, and telecommunications security. The precision, scalability, and versatility of DAS have been further enhanced by developments in machine learning, noise reduction methods, and hybrid sensing models. This analysis provides practical insights and future research objectives by tackling issues like noise interference and deployment complexity, establishing DAS as a game-changing instrument for transdisciplinary monitoring and real-time data collecting across a range of industries. © 2025 Elsevier Inc.","Acoustic wave monitoring; DAS applications; Distributed Acoustic Sensing (DAS); Fiber optic sensors; Systematic literature review","Cochannel interference; Gas oils; Network coding; Optical fiber communication; Pipelines; Radio interference; Signal denoising; Telephone interference; Acoustic sensing; Acoustic wave monitoring; Acoustics waves; Distributed acoustic sensing; Distributed acoustic sensing application; Fibre-optic sensor; Sensing applications; Systematic literature review; Wave monitoring; Gas industry","A.M. Markom; Faculty of Electrical Engineering, Universiti Teknologi MARA and Mimos Berhad, Technology Park, Malaysia; email: arnimunira@uitm.edu.my","","Academic Press Inc.","10685200","","OFTEF","","English","Opt. Fiber Technol.","Article","Final","All Open Access; Hybrid Gold Open Access","Scopus","2-s2.0-105007532295"
"Watts K.E.; Haxel G.B.; Miller D.M.","Watts, Kathryn E. (23020534000); Haxel, Gordon B. (6602792112); Miller, David M. (57213017738)","23020534000; 6602792112; 57213017738","Temporal and petrogenetic links between mesoproterozoic alkaline and carbonatite magmas at Mountain Pass, California","2022","Economic Geology","117","1","","1","23","39","10.5382/econgeo.4848","https://www.scopus.com/pages/publications/85120714221?origin=resultslist","U.S. Geological Survey, 904 West Riverside Avenue, Spokane, 99201, WA, United States; U.S. Geological Survey, 2255 North Gemini Drive, Flagstaff, 86001, AZ, United States; U.S. Geological Survey, 350 North Akron Road, Moffett, 94025, CA, United States","Watts K.E., U.S. Geological Survey, 904 West Riverside Avenue, Spokane, 99201, WA, United States; Haxel G.B., U.S. Geological Survey, 2255 North Gemini Drive, Flagstaff, 86001, AZ, United States; Miller D.M., U.S. Geological Survey, 350 North Akron Road, Moffett, 94025, CA, United States","Mountain Pass is the site of the most economically important rare earth element (REE) deposit in the United States. Mesoproterozoic alkaline intrusions are spatiotemporally associated with a composite carbonatite stock that hosts REE ore. Understanding the genesis of the alkaline and carbonatite magmas is an essential scientific goal for a society in which critical minerals are in high demand and will continue to be so for the foreseeable future. We present an ion microprobe study of zircon crystals in shonkinite and syenite intrusions to establish geochronological and geochemical constraints on the igneous underpinnings of the Mountain Pass REE deposit. Silicate whole-rock compositions occupy a broad spectrum (50-72 wt % SiO2), are ultrapotassic (6-9 wt % K2O; K2O/Na2O = 2-9), and have highly elevated concentrations of REEs (La 500-1,100× chondritic). Zircon concordia 206Pb/238U-207Pb/235U ages determined for shonkinite and syenite units are 1409 ± 8, 1409 ± 12, 1410 ± 8, and 1415 ± 6 Ma (2σ). Most shonkinite dikes are dominated by inherited Paleoproterozoic xenocrysts, but there are sparse primary zircons with 207Pb/206Pb ages of 1390-1380 ± 15 Ma for the youngest grains. Our new zircon U-Pb ages for shonkinite and syenite units overlap published monazite Th-Pb ages for the carbonatite orebody and a smaller carbonatite dike. Inherited zircons in shonkinite and syenite units are ubiquitous and have a multimodal distribution of 207Pb/206Pb ages that cluster in the range of 1785-1600 ± 10-30 Ma. Primary zircons have generally lower Hf (<11,000 ppm) and higher Eu/Eu* (>0.6), Th (>300 ppm), Th/U (>1), and Ti-in-zircon temperatures (>800°C) than inherited zircons. Oxygen isotope data reveals a large range in δ18O values for primary zircons, from mantle (5-5.5‰) to crustal and supracrustal (7-9‰). A couple of low-δ18O outliers (2‰) point to a component of shallow crust altered by meteoric water. The δ18O range of inherited zircons (5-10‰) overlaps that of the primary zircons. Our study supports a model in which alkaline and carbonatite magmatism occurred over tens of millions of years, repeatedly tapping a metasomatized mantle source, which endowed magmas with elevated REEs and other diagnostic components (e.g., F, Ba). Though this metasomatized mantle region existed for the duration of Mountain Pass magmatism, it probably did not predate magmatism by substantial geologic time (>100 m.y.), based on the similarity of 1500 Ma zircons with the dominantly 1800-1600 Ma inherited zircons, as opposed to the 1450-1350 Ma primary zircons. Mountain Pass magmas had diverse crustal inputs from assimilation of Paleoproterozoic and Mesoproterozoic igneous, metaigneous, and metasedimentary rocks. Crustal assimilation is only apparent from high spatial resolution zircon analyses and underscores the need for mineral-scale approaches in understanding the genesis of the Mountain Pass system.  © 2022.","","California; Mountain Pass; United States; Deposits; Exploratory geochemistry; Geochronology; Landforms; Lead alloys; Levees; Phosphate minerals; Rare earths; Silica; Thorium alloys; Uranium alloys; Zircon; Alkalines; California; Carbonatites; Critical minerals; Crustals; Magmatisms; Mountain Pass; Paleoproterozoic; Petrogenetics; Rare earth elements deposits; alkalinity; carbonate; magma; petrogenesis; Proterozoic; Binary alloys","K.E. Watts; U.S. Geological Survey, Spokane, 904 West Riverside Avenue, 99201, United States; email: kwatts@usgs.gov","","Society of Economic Geologists, Inc","03610128","","ECGLA","","English","Econ. Geol.","Article","Final","All Open Access; Hybrid Gold Open Access","Scopus","2-s2.0-85120714221"
"Chen J.K.; Nakhaei Rad N.; Samadi S.Y.","Chen, Jenny K. (60228251700); Nakhaei Rad, Najmeh (36155570300); Samadi, S. Yaser (56902368700)","60228251700; 36155570300; 56902368700","Jointly Modeling Dynamic Dependence and Volatility in Natural Resource and Energy Indices Using a Multivariate t-Copula eGARCH Model","2026","Journal of Statistical Theory and Practice","20","4","124","","","0","10.1007/s42519-026-00631-x","https://www.scopus.com/pages/publications/105049154302?origin=resultslist","Department of Statistics, University of Pretoria, Pretoria, South Africa; Fixed Income and Macro, Citadel, New York, 10036, United States; School of Mathematical and Statistical Sciences, Southern Illinois University, Carbondale, United States","Chen J.K., Department of Statistics, University of Pretoria, Pretoria, South Africa, Fixed Income and Macro, Citadel, New York, 10036, United States; Nakhaei Rad N., Department of Statistics, University of Pretoria, Pretoria, South Africa; Samadi S.Y., School of Mathematical and Statistical Sciences, Southern Illinois University, Carbondale, United States","This study develops a robust framework for modeling dynamic volatility, asymmetry, and tail dependence in financial returns, focusing on the daily returns of Natural Resource Index (NRI) and the Oil and Gas Index (OGI). Standard multivariate volatility models, such as DCC-GARCH, often fail to adequately capture extreme co-movements, asymmetric dependence, and tail risk under non-normality, potentially producing biased variance and correlation estimates. To address these limitations, we propose a copula-based eGARCH model with multivariate Student-t (MVT) marginals, which jointly captures log-volatility dynamics and flexible tail dependence. Among 18 candidate models, the Copula-eGARCH-MVT model with eGARCH marginals and a multivariate Student-t copula provided the best fit, effectively accounting for heavy tails, volatility clustering, asymmetry, and dynamic dependence. Monte-Carlo simulations based on the empirical estimation confirmed that this framework reduces variance estimation bias, improves coverage probabilities, and more accurately models dynamic correlations and tail risk compared to standard DCC-GARCH models. This Monte-Carlo study showed that the coverage probability achieved by the eGARCH model is closer to the target 95% due to eGARCH’s ability to capture asymmetric volatility and heavy-tailed behavior in financial returns. Overall, the proposed Copula–eGARCH–MVT framework offers superior performance and risk assessment, providing a comprehensive tool for portfolio management, Value-at-Risk estimation, and the analysis of complex dependence structures in financial markets exhibiting asymmetric shocks and heavy-tailed behavior. © The Author(s) 2026.","Copula models; DCC-GARCH; Dynamic conditional correlation; Maximum likelihood estimation; Multivariate volatility; Natural resource index; Oil and gas index","","J.K. Chen; Department of Statistics, University of Pretoria, Pretoria, South Africa; email: jennykc99@gmail.com; N. Nakhaei Rad; Department of Statistics, University of Pretoria, Pretoria, South Africa; email: najmeh.nakhaeirad@up.ac.za","","Springer Nature","15598608","","","","English","J. Stat. Theory Pract.","Article","Final","All Open Access; Hybrid Gold Open Access","Scopus","2-s2.0-105049154302"
"Hatefi Ardakani S.; Gracie R.","Hatefi Ardakani, Saeed (56262397900); Gracie, Robert (15759642400)","56262397900; 15759642400","Parameterized Local Reduced Order Model of Stimulated Volume Evolution in Reservoirs","2025","International Journal for Numerical and Analytical Methods in Geomechanics","49","10","","2357","2375","2","10.1002/nag.3988","https://www.scopus.com/pages/publications/105003721489?origin=resultslist","Department of Civil and Environmental Engineering, University of Waterloo, Waterloo, ON, Canada","Hatefi Ardakani S., Department of Civil and Environmental Engineering, University of Waterloo, Waterloo, ON, Canada; Gracie R., Department of Civil and Environmental Engineering, University of Waterloo, Waterloo, ON, Canada","Real-time simulation of large-scale geomechanics problems, such as hydraulic dilation stimulation, is computationally expensive as they must span multiple spatial and temporal length scales, often including nonlinearities and thermo-hydromechanical processes. This paper introduces a novel local reduced order model (LROM) to enhance computational efficiency for nonlinear and fully-coupled hydromechanical simulations. The model employs finite element analysis of a two-dimensional deformable porous media with Drucker–Prager plasticity and stress-induced permeability enhancement models to describe behavior of sandstone. LROM combines various reduced order models (ROMs), including proper orthogonal decomposition-Galerkin (POD-G) to reduce number of degrees of freedom (DoFs), discrete empirical interpolation method (DEIM) to accelerate computation of nonlinear terms, and local POD and local DEIM (LPOD/LDEIM) for further performance enhancements. LPOD and LDEIM classify parameterized training data, obtained from offline coupled full order model (CFOM) runs, into multiple subspaces with similar dynamic features. A new strategy for clustering and classification techniques that align with coupled formulation framework is proposed. The advantages of LROM are demonstrated in a large-scale application: hydraulic dilation stimulation. LROM exhibits stable, accurate, and efficient online phase, while ROM built with classical POD/DEIM lacks efficiency and stability in Newton–Raphson solver. First, performance of LROM, parameterized by hardening modulus and initial permeability, is evaluated for inputs within training domain. Under CFOMs with (Formula presented.) DoFs, LROM speed-up is 400 times. LROM is then parameterized by three inputs, including injection rate and two material properties. Results show that LROM maintains efficiency even for injection rates that extend beyond the training regime. © 2025 The Author(s). International Journal for Numerical and Analytical Methods in Geomechanics published by John Wiley & Sons Ltd.","intrusive reduced order model; large-scale reservoir; local discrete empirical interpolation method; local proper orthogonal decomposition; multiphysics simulation; permeability enhancement; poro-elastoplasticity","Galerkin methods; Interpolation; Newton-Raphson method; Petroleum reservoir evaluation; Reservoir inlets; Empirical interpolation methods; Intrusive reduced order model; Large-scale reservoir; Large-scales; Local discrete empirical interpolation method; Local proper orthogonal decomposition; Multiphysics simulations; Orthogonal decomposition; Permeability enhancement; Poro-elastoplasticity; Proper Orthogonal; Reduced order modelling; Reduced-order model; computer simulation; decomposition analysis; elastoplasticity; finite element method; Galerkin method; geomechanics; hydraulic fracturing; hydrocarbon reservoir; nonlinearity; numerical method; numerical model; parameterization; performance assessment; permeability; poroelasticity; real time; reservoir characterization; sandstone; thermohydromechanics; well stimulation; Convergence of numerical methods","R. Gracie; Department of Civil and Environmental Engineering, University of Waterloo, Waterloo, Canada; email: rgracie@uwaterloo.ca","","John Wiley and Sons Ltd","03639061","","IJNGD","","English","Int. J. Numer. Anal. Methods Geomech.","Article","Final","All Open Access; Hybrid Gold Open Access","Scopus","2-s2.0-105003721489"
"Barbariol T.; Feltresi E.; Susto G.A.","Barbariol, Tommaso (57212227309); Feltresi, Enrico (35227131000); Susto, Gian Antonio (54382424500)","57212227309; 35227131000; 54382424500","Self-diagnosis of multiphase flow meters through machine learning-based anomaly detection","2020","Energies","13","12","3136","","","35","10.3390/en13123136","https://www.scopus.com/pages/publications/85090800287?origin=resultslist","Department of Information Engineering, University of Padova, Padova (PD), 35131, Italy; Pietro Fiorentini S.p.A., Arcugnano (VI), 36057, Italy; Human Inspired Technology Research Centre, University of Padova, Padova (PD), 35131, Italy","Barbariol T., Department of Information Engineering, University of Padova, Padova (PD), 35131, Italy; Feltresi E., Pietro Fiorentini S.p.A., Arcugnano (VI), 36057, Italy; Susto G.A., Department of Information Engineering, University of Padova, Padova (PD), 35131, Italy, Human Inspired Technology Research Centre, University of Padova, Padova (PD), 35131, Italy","Measuring systems are becoming increasingly sophisticated in order to tackle the challenges of modern industrial problems. In particular, the Multiphase Flow Meter (MPFM) combines different sensors and data fusion techniques to estimate quantities that are difficult to be measured like the water or gas content of a multiphase flow, coming from an oil well. The evaluation of the flow composition is essential for the well productivity prediction and management, and for this reason, the quantification of the meter measurement quality is crucial. While instrument complexity is increasing, demands for confidence levels in the provided measures are becoming increasingly more common. In this work, we propose an Anomaly Detection approach, based on unsupervised Machine Learning algorithms, that enables the metrology system to detect outliers and to provide a statistical level of confidence in the measures. The proposed approach, called AD4MPFM (Anomaly Detection for Multiphase Flow Meters), is designed for embedded implementation and for multivariate time-series data streams. The approach is validated both on real and synthetic data. © 2020 by the author.","Anomaly detection; Data fusion; Data mining; Edge analytics; Machine Learning; Measuring Systems; Oil and gas; Process monitoring; Root Cause Analysis; Self-diagnosis","Anomaly detection; Data fusion; Data streams; Flow measurement; Learning algorithms; Machine learning; Multiphase flow; Oil wells; Petroleum reservoir evaluation; Productivity; Data fusion technique; Embedded implementation; Industrial problem; Instrument complexity; Measurement quality; Multi-phase flow meters; Multivariate time series; Unsupervised machine learning; Flowmeters","T. Barbariol; Department of Information Engineering, University of Padova, Padova (PD), 35131, Italy; email: tommaso.barbariol@dei.unipd.it","","MDPI AG","19961073","","","","English","Energies","Article","Final","All Open Access; Gold Open Access; Green Open Access","Scopus","2-s2.0-85090800287"
"Anifowose B.A.; Odubela M.T.","Anifowose, Babatunde A. (35766210700); Odubela, Modupe T. (56502237300)","35766210700; 56502237300","Oil facility operations: A multivariate analyses of water pollution parameters","2018","Journal of Cleaner Production","187","","","180","189","15","10.1016/j.jclepro.2018.03.044","https://www.scopus.com/pages/publications/85044439914?origin=resultslist","Faculty of Engineering, Environment & Computing; Coventry University, CV1 5FB, United Kingdom; Federal Ministry of Environment, FCT-Abuja, Nigeria","Anifowose B.A., Faculty of Engineering, Environment & Computing; Coventry University, CV1 5FB, United Kingdom; Odubela M.T., Federal Ministry of Environment, FCT-Abuja, Nigeria","This paper provides some new insights into the variability and severity of petroleum hydrocarbon contaminants from the first ever environmental audit of Nigeria's downstream oil facilities. Petroleum facility operation is the backbone of energy supply all over the world but this process is not without potentially avoidable water pollution incidents. Meanwhile, past studies tend to ignore patterns of pollution parameters at the national scale and are often limited in scope and coverage. To address this research gap, Principal Component Analysis and Kruskal-Wallis test were applied to evaluate the variability in ‘national’ pollution data to tease-out novel patterns that best discriminate between groups of pipeline facility network across Nigeria's downstream sector. The key results are (a) a mix of strong and weak statistically significant (p-value < 0.001) and positive correlation between pollutants across three pipeline regions; (b) the main eigenvector statistically explains 71.5% of the variance found in the ‘national’ pollution parameters; and (c) according to the hierarchical cluster analyses, we now know that there is an incoherent pattern from the group data and a rather weak association which suggest that the type of oil facility systems in operation or their products have no effect on the severity of hydrocarbon pollution parameters found in water samples across the three regions. The implication of these results is that it might be cost-effective to apply a uniform approach in responding to future petroleum water contamination depending on site specific hazards posed by toxicity level, temporal nature of detected chemicals and human exposure. Future study should consider the use of carbon stable isotope ratios to assess variances in hydrocarbon contamination in water bodies, and tailor this for cost-effective national response given the aforementioned caveats. This can guarantee a more sustainable operations and enhance response to water pollution incidents. The study approach and, possibly its outcomes, could be a useful starting point for nations with new oil and gas discoveries such as Ghana, Kenya, Tanzania, Mozambique, Uganda, The Gambia, Liberia and so on. © 2018 Elsevier Ltd","Benzene, Toluene, Ethylbenzene & Xylene(BTEX); Kruskal-wallis test; Nigeria; Oil facility operations; Petroleum hydrocarbons; Polycyclic Aromatic Hydrocarbons (PAHs); Principal component analysis (PCA); Total Aliphatic Hydrocarbons (TAH); Total Petroleum Hydrocarbons (TPH); Water pollution","Chemical hazards; Cluster analysis; Cost effectiveness; Hierarchical systems; Hydrocarbons; Multivariant analysis; Oil spills; Petroleum chemistry; Pipelines; Pollution control; Polycyclic aromatic hydrocarbons; Principal component analysis; Toluene; Aliphatic hydrocarbons; Kruskal-Wallis tests; Nigeria; Oil facilities; Petroleum hydrocarbons; Polycyclic aromatic hydrocarbons (PAHS); Total petroleum hydrocarbons; Water pollution","B.A. Anifowose; Faculty of Engineering, Environment & Computing; Coventry University, CV1 5FB, United Kingdom; email: b.anifowose@coventry.ac.uk","","Elsevier Ltd","09596526","","JCROE","","English","J. Clean. Prod.","Article","Final","All Open Access; Bronze Open Access; Green Open Access","Scopus","2-s2.0-85044439914"
"Bayazitova G.; Anastasiadou M.; dos Santos V.D.","Bayazitova, Guzel (58962700600); Anastasiadou, Maria (57218491920); dos Santos, Vitor Duarte (49864419600)","58962700600; 57218491920; 49864419600","Oil and gas flow anomaly detection on offshore naturally flowing wells using deep neural networks","2024","Geoenergy Science and Engineering","242","","213240","","","22","10.1016/j.geoen.2024.213240","https://www.scopus.com/pages/publications/85201687258?origin=resultslist","NOVA Information Management School, Campus de Campolide, Lisboa, 1070-312, Portugal; MagIC - Information Management Research Center, Lisboa, Portugal","Bayazitova G., NOVA Information Management School, Campus de Campolide, Lisboa, 1070-312, Portugal; Anastasiadou M., NOVA Information Management School, Campus de Campolide, Lisboa, 1070-312, Portugal, MagIC - Information Management Research Center, Lisboa, Portugal; dos Santos V.D., NOVA Information Management School, Campus de Campolide, Lisboa, 1070-312, Portugal, MagIC - Information Management Research Center, Lisboa, Portugal","The oil and gas industry is changing. The drive towards cleaner and safer operations is becoming increasingly important. Researchers are looking for more efficient and accurate ways to detect faults that could lead to environmental and sustainability issues. This study aims to enhance the safety and sustainability of the oil and gas industry by improving existing artificial intelligence approaches to automate monitoring and detection of malfunctions. This article explores the application of deep neural networks for anomaly detection in monitoring oil and gas flow in natural flow offshore wells, proposing an innovative approach that takes advantage of the power of Genetic Algorithms and Gated Recurrent Units (GRU). The study aims to enhance the safety and sustainability of the oil and gas industry by leveraging artificial intelligence to automate the monitoring and detection malfunctions. Utilizing a comprehensive dataset from the 3W Petrobras project, which includes real-time data from 21 wells collected between 2012 and 2018, the research focuses on detecting various anomalies such as abrupt increases in basic sediment and water, spurious closures of downhole safety valves, severe slugging, flow instability, rapid productivity loss, quick restrictions in the production choke, scaling, and hydrate formation in production lines. The methodology integrates Long Short-Term Memory (LSTM) networks and GRU backbones with genetic algorithms to optimise model performance. Several hyperparameter optimisation tools were explored innovatively, focusing mainly on Genetic Algorithms, and it was possible to obtain an algorithm with 2 stacked GRU with better comparative performance compared to what is reported in the literature and producing an F1 equal to 0.97. The findings demonstrate the potential of AI to improve real-time anomaly detection, thereby reducing operational risks and contributing to the industry's transition towards greener practices. It also underscores the importance of open data and collaborative efforts in advancing AI applications in the oil and gas sector, aligning with the United Nations' Sustainable Development Goals to mitigate climate impact and promote responsible consumption and production. © 2024 The Authors","Anomaly detection; Deep neural network; Genetic algorithm; LSTM; Multivariate time series classification; Oil well monitoring","Deep oil well drilling; Liquefied petroleum gas; Long short-term memory; Offshore gas fields; Offshore gas well production; Offshore gas wells; Offshore oil well production; Offshore oil wells; Oil well flooding; Petroleum tar; Unit operations (oil wells); Anomaly detection; Multivariate time series classifications; Neural-networks; Offshores; Oil and gas; Oil and Gas Industry; Oil well monitoring; Safe operation; Short term memory; Well monitoring; artificial neural network; genetic algorithm; multivariate analysis; offshore structure; oil production; time series analysis; well; Gas industry","G. Bayazitova; NOVA Information Management School, Lisboa, Campus de Campolide, 1070-312, Portugal; email: m20210699@novaims.unl.pt","","Elsevier B.V.","29498910","","","","English","Geoenergy. Sci. Eng.","Article","Final","All Open Access; Green Open Access; Hybrid Gold Open Access","Scopus","2-s2.0-85201687258"
"Metatla I.; Reynaud J.-Y.; Ghienne J.-F.; Vinn O.; Harouz C.; Albani A.E.; Mazurier A.; Mahboubi S.","Metatla, Imene (59181232300); Reynaud, Jean-Yves (7102143950); Ghienne, Jean-François (6603462350); Vinn, Olev (23010370100); Harouz, Chakib (57764107400); Albani, Abderrazak El (6602208764); Mazurier, Arnaud (15725533700); Mahboubi, Salamet (55387675900)","59181232300; 7102143950; 6603462350; 23010370100; 57764107400; 6602208764; 15725533700; 55387675900","Shell Beds in Ordovician storm-to tide-dominated deposits, Daoura (Ougarta range), Algeria","2024","Bulletin of Geosciences","99","2","","149","168","2","10.3140/bull.geosci.1894","https://www.scopus.com/pages/publications/85196532034?origin=resultslist","Laboratoire d’Océanologie et Géosciences (LOG UMR 8187CNRS), Université de Lille, Université du Littoral Côte d’Opale, Institut de Recherche et de Développement, Cité Scientifique, Lille, Villeneuve d’Ascq, F-59655, France; Laboratoire de géodynamique des bassins sédimentaires et des orogènes, département de Géologie, Faculté des Sciences de la Terre, Géographie et de l’Aménagement de Territoire, Université des Sciences et de la Technologie Houari Boumediene, Alger, Bab Ezzouar, Algeria; Institut Terre et Environnement de Strasbourg, UMR7063, 5 rue R. Descartes, Strasbourg, F-67000, France; Department of Geology, University of Tartu, Ravila 14 A, Tartu, 50411, Estonia; IC2MP, UMR 7285, CNRS, Université de Poitiers, France; Université de Tlemcen, Laboratoire de Recherche n°25, Tlemcen, Algeria","Metatla I., Laboratoire d’Océanologie et Géosciences (LOG UMR 8187CNRS), Université de Lille, Université du Littoral Côte d’Opale, Institut de Recherche et de Développement, Cité Scientifique, Lille, Villeneuve d’Ascq, F-59655, France, Laboratoire de géodynamique des bassins sédimentaires et des orogènes, département de Géologie, Faculté des Sciences de la Terre, Géographie et de l’Aménagement de Territoire, Université des Sciences et de la Technologie Houari Boumediene, Alger, Bab Ezzouar, Algeria; Reynaud J.-Y., Laboratoire d’Océanologie et Géosciences (LOG UMR 8187CNRS), Université de Lille, Université du Littoral Côte d’Opale, Institut de Recherche et de Développement, Cité Scientifique, Lille, Villeneuve d’Ascq, F-59655, France; Ghienne J.-F., Institut Terre et Environnement de Strasbourg, UMR7063, 5 rue R. Descartes, Strasbourg, F-67000, France; Vinn O., Department of Geology, University of Tartu, Ravila 14 A, Tartu, 50411, Estonia; Harouz C., Laboratoire de géodynamique des bassins sédimentaires et des orogènes, département de Géologie, Faculté des Sciences de la Terre, Géographie et de l’Aménagement de Territoire, Université des Sciences et de la Technologie Houari Boumediene, Alger, Bab Ezzouar, Algeria; Albani A.E., IC2MP, UMR 7285, CNRS, Université de Poitiers, France; Mazurier A., IC2MP, UMR 7285, CNRS, Université de Poitiers, France; Mahboubi S., Université de Tlemcen, Laboratoire de Recherche n°25, Tlemcen, Algeria","The Ordovician wave-dominated sandstones of the Daoura (Ougarta range, NW Algeria) contain shell beds with cornulitids in an exceptional state of preservation. The objective of this study, focused on the sandstone of the uppermost part of the Hassi Chaamba Fm. (Sandbian?), is to understand the shell beds from the hydrodynamic and stratigraphic perspective with the combined approach of facies sedimentology and taphonomy. A 40-m section encompassing the shell beds was studied in detail. The shell beds are preserved as dm-scale concentrations in transgressive deposits of 5 high-frequency sequences preserved at the turnaround from a regressive to a transgressive sequence set. The biota in shell beds are dominated by brachiopods, cornulitids and gastropods, suggesting that the related ecosystem extended to the offshore. Three types of shell beds are distinguished, ranging from a conglomerate in the foreshore to a hardground in the offshore transition. In the lower shoreface, the shell beds are interstratified with fine-sand SCS infilling large-scale (up to 20 m in wavelength) troughs eroded in the foreshore by transgressive ravinement. The petrographic and tomographic analysis of a sample of these shell beds shows that cornulitids and, to a lesser extent, brachiopods of the shell beds are perfectly preserved within a matrix composed of bioclasts. This suggests that they were reworked from nearby areas and therefore were present in the foreshore. Aggregation of cornulitids in clusters of 4–5 individuals suggests an adaptation to loose grounds in a relatively high energy setting. The rhythmic alternation of shell beds and sandstones in these deposits suggests a possible role of tides in their formation. © 2024, Czech Geological Survey. All rights reserved.","Algeria; cornulitids; Daoura; Ougarta; shell beds; tempestites; tide-modulated shoreface; Upper Ordovician; wave-dominated ramp","Algeria; brachiopod; hydrodynamics; Ordovician; sandstone; sedimentology; shell bed; storm deposit; stratigraphy; taphonomy","J.-Y. Reynaud; Laboratoire d’Océanologie et Géosciences (LOG UMR 8187CNRS), Université de Lille, Université du Littoral Côte d’Opale, Institut de Recherche et de Développement, Cité Scientifique, Villeneuve d’Ascq, Lille, F-59655, France; email: jean-yves.reynaud@univ-lille.fr","","Czech Geological Survey","12141119","","","","English","Bull. Geosci.","Article","Final","All Open Access; Gold Open Access; Green Open Access","Scopus","2-s2.0-85196532034"
"Wang J.; Zhong Q.; Nowak W.; Li D.; Gu H.; Shan Y.","Wang, Jiayi (57351993100); Zhong, Qiming (25927768500); Nowak, Wolfgang (7103349955); Li, Denghua (36147791700); Gu, Hao (55618153300); Shan, Yibo (57215413783)","57351993100; 25927768500; 7103349955; 36147791700; 55618153300; 57215413783","Real-Time Structural Health Assessment of a Cascade Dam Group Utilizing Monitoring Data and Ordered Entropy","2026","Structural Control and Health Monitoring","2026","1","4274587","","","0","10.1155/stc/4274587","https://www.scopus.com/pages/publications/105048078981?origin=resultslist","Department of Geotechnical Engineering, Nanjing Hydraulic Research Institute, Nanjing, 210024, China; National Key Laboratory of Water Disaster Prevention, Nanjing, 210098, China; Key Laboratory of Reservoir and Dam Safety of the Ministry of Water Resources, Nanjing, 210029, China; Institute for Modelling Hydraulic and Environmental Systems, University of Stuttgart, Stuttgart, 70569, Germany; College of Water Conservancy and Hydropower Engineering, Hohai University, Nanjing, 210098, China","Wang J., Department of Geotechnical Engineering, Nanjing Hydraulic Research Institute, Nanjing, 210024, China; Zhong Q., Department of Geotechnical Engineering, Nanjing Hydraulic Research Institute, Nanjing, 210024, China, National Key Laboratory of Water Disaster Prevention, Nanjing, 210098, China, Key Laboratory of Reservoir and Dam Safety of the Ministry of Water Resources, Nanjing, 210029, China; Nowak W., Institute for Modelling Hydraulic and Environmental Systems, University of Stuttgart, Stuttgart, 70569, Germany; Li D., Department of Geotechnical Engineering, Nanjing Hydraulic Research Institute, Nanjing, 210024, China, Key Laboratory of Reservoir and Dam Safety of the Ministry of Water Resources, Nanjing, 210029, China; Gu H., College of Water Conservancy and Hydropower Engineering, Hohai University, Nanjing, 210098, China; Shan Y., Department of Geotechnical Engineering, Nanjing Hydraulic Research Institute, Nanjing, 210024, China","The safe operation of cascade dam groups is critical to water resource management and disaster prevention. However, existing methods are ill-suited for real-time structural health monitoring (SHM) and system-level health assessment due to their static nature and inability to model dynamic interdependencies. To bridge this gap, this study proposes ordered entropy as a novel, systems-theoretic metric that quantifies the dynamic health state of an entire dam group. We develop an integrated, monitoring-data-to-health-assessment framework that systematically transforms raw monitoring data through robust preprocessing (Apriori–DBSCAN), spatial field reconstruction (Co-Kriging), and multisource information fusion (order degree with PCA). By integrating the maximum entropy principle and extreme value theory with the derived entropy sequence, we establish a novel method for estimating the real-time failure probability as a health state quantification output that serves SHM of hydraulic systems. Applied to the Y River cascade dam group, the framework yields a service-state failure probability of 1.33 × 10−6–1.47 × 10−6 per year, demonstrating its rationality and practicality, with the temporal variation of failure probability showing a dominant correlation with reservoir water level—consistent with engineering mechanics principles and operational observations. This work provides both a new theoretical paradigm and a practical toolchain for advancing data-driven SHM, prognostic health management, and operation state awareness of hydraulic infrastructures. Copyright © 2026 Jiayi Wang et al. Structural Control and Health Monitoring published by John Wiley & Sons Ltd.","cascade dam group; health state quantification; monitoring data; ordered entropy; structural health assessment","Cascades (fluid mechanics); Dams; Failure (mechanical); Failure analysis; Group theory; Information management; Maximum entropy methods; Outages; Petroleum reservoir evaluation; Real time systems; Reservoirs (water); System theory; Water resources; Cascade dam group; Dam groups; Health assessments; Health state; Health state quantification; Monitoring data; Ordered entropy; Real- time; Structural health; Structural health assessment; Disaster prevention; Structural health monitoring","Q. Zhong; Department of Geotechnical Engineering, Nanjing Hydraulic Research Institute, Nanjing, 210024, China; email: qmzhong@nhri.cn; W. Nowak; Institute for Modelling Hydraulic and Environmental Systems, University of Stuttgart, Stuttgart, 70569, Germany; email: wolfgang.nowak@iws.uni-stuttgart.de","","John Wiley and Sons Ltd","15452255","","","","English","J. Struct. Control Health Monit.","Article","Final","All Open Access; Gold Open Access","Scopus","2-s2.0-105048078981"
"Coutts D.; Hubbard S.; Englert R.; Ward P.; Matthews W.","Coutts, Daniel (57194177243); Hubbard, Stephen (8570552200); Englert, Rebecca (56958021200); Ward, Peter (59787498900); Matthews, William (57189523384)","57194177243; 8570552200; 56958021200; 59787498900; 57189523384","Dissecting 20 million years of deep-water forearc sediment routing using an integrated basin-wide Bayesian chronostratigraphic framework","2024","Bulletin of the Geological Society of America","136","9-10","","3485","3509","7","10.1130/B37194.1","https://www.scopus.com/pages/publications/85203441084?origin=resultslist","Geological Survey of Canada, 3303 33rd Street NW, Calgary, T2L 2A7, AB, Canada; Department of Earth, Energy, and Environment, University of Calgary, 2500 University Drive NW, Calgary, T2N 1N4, AB, Canada; Department of Biology, Western Washington University, 516 High Street, Bellingham, 98225, WA, United States","Coutts D., Geological Survey of Canada, 3303 33rd Street NW, Calgary, T2L 2A7, AB, Canada; Hubbard S., Department of Earth, Energy, and Environment, University of Calgary, 2500 University Drive NW, Calgary, T2N 1N4, AB, Canada; Englert R., Department of Earth, Energy, and Environment, University of Calgary, 2500 University Drive NW, Calgary, T2N 1N4, AB, Canada; Ward P., Department of Biology, Western Washington University, 516 High Street, Bellingham, 98225, WA, United States; Matthews W., Department of Earth, Energy, and Environment, University of Calgary, 2500 University Drive NW, Calgary, T2N 1N4, AB, Canada","Sedimentary deposits along convergent margins contain a record of sediment transfer and coupled tectonic processes. Deciphering the evolution of ancient convergent margins, both spatially and temporally, is challenging as their stratigraphic successions are often locally deformed, which makes it difficult to correlate stratigraphic units over large distances, and they may have limited age constraints. Here, we construct a novel Bayesian chronostratigraphic framework for Late Cretaceous–Paleocene units of the Nanaimo forearc basin in western British Columbia, Canada, which reveals unparalleled detail into long-term sedimentation processes along an active deep-water margin. The Upper Nanaimo Group outcrop belt features ∼2000 m of forearc basin fill that includes the deposits of multiple submarine channel systems along a 160-km-long depositional strike-oriented cross section of the ancient continental margin. The age and longevity of individual slope-channel systems was determined by constructing a Bayesian Monte Carlo numerical model in which biostratigraphic and magnetostratigraphic measurements were used to further constrain 37 detrital zircon maximum depositional ages. Important context for the refined maximum depositional ages is provided by a detailed stratigraphic dataset composed of 2199 m of measured stratigraphic section and 4207 paleoflow measurements, which demonstrate the facies, architecture, distribution, and orientation of 12 slope-channel systems. In combination, our results reconstruct the spatio-temporal evolution of coarse-grained, deep-water sediment routing along the paleo-margin and enable the timing of sedimentation to be compared with hinterland and forearc processes. Our integrative approach demonstrates that submarine channel-system deposits of the upper Nanaimo Group cluster into three long-lived fairways (8–18 m.y.), each of which has a unique depositional history. Along-strike variations in the timing of sediment routing, channel-system architecture, and channel-system orientation are interpreted to be driven by local subsidence, magmatism, and subduction-related processes. We show, for the first time, how Bayesian age models can be applied at a basin-scale to produce robust chronostratigraphic frameworks for deciphering basin evolution that provide valuable insight into long-term geodynamic processes. © 2024 The Authors. Gold Open Access:","","British Columbia; Canada; Descaling; Enameling; Geochronology; Glacial geology; Gold deposits; Hard facing; Manganese nodules; Miocene; Petroleum reservoir engineering; Reservoir management; Sediment transport; Sedimentology; Structural geology; Tectonics; Zircon deposits; Basin wide; Bayesian; Channel systems; Convergent margin; Deepwater; Fore-arc basin; Forearc; OpenAccess; Sediment-routing; Submarine channel; Bayesian analysis; chronostratigraphy; convergent margin; Cretaceous-Paleogene boundary; deep water; forearc basin; sedimentation; sequence stratigraphy; Biostratigraphy","","","Geological Society of America","00167606","","BUGMA","","English","Bull. Geol. Soc. Am.","Article","Final","All Open Access; Bronze Open Access","Scopus","2-s2.0-85203441084"
"Keramatian A.; Gulisano V.; Papatriantafilou M.; Tsigas P.","Keramatian, Amir (57206471790); Gulisano, Vincenzo (36439715400); Papatriantafilou, Marina (6603026784); Tsigas, Philippas (6603044759)","57206471790; 36439715400; 6603026784; 6603044759","PARMA-CC: A family of parallel multiphase approximate cluster combining algorithms","2023","Journal of Parallel and Distributed Computing","177","","","68","88","3","10.1016/j.jpdc.2023.02.001","https://www.scopus.com/pages/publications/85150234285?origin=resultslist","","","Clustering is a common task in data analysis applications. Despite the extensive literature, the continuously increasing volumes of data produced by sensors (e.g., rates of several MB/s by 3D scanners such as LIDAR sensors), and the time-sensitivity of the applications leveraging the clustering outcomes (e.g., detecting critical situations such as detecting boundary crossing from a robot arm that could injure human beings) demand for efficient data clustering algorithms that can effectively utilize the increasing computational capacities of modern hardware. To that end, we leverage approximation and parallelization, where the former is to scale down the amount of data, and the latter is to scale up the computation. Regarding parallelization, we explore a design space for synchronization and workload distribution among the threads. As we study different parts of the design space, we propose representative Parallel Multiphase Approximate Cluster Combining, abbreviated as PARMA-CC, algorithms. We show that PARMA-CC algorithms yield equivalent clustering outcomes despite their different approaches. Furthermore, we show that certain PARMA-CC algorithms can achieve higher efficiency with respect to certain properties of the data to be clustered. Generally speaking, in PARMA-CC algorithms, parallel threads compute summaries associated with clusters of data (sub)sets. As the threads concurrently combine the summaries, they construct a comprehensive summary of the sets of clusters. By approximating a cluster with its respective geometrical summaries, PARMA-CC algorithms scale well with increasing data volumes, and, by computing and efficiently combining the summaries in parallel, they enable latency improvements. PARMA-CC algorithms utilize special data structures that enable parallelism through in-place data processing. As we show in our analysis and evaluation, PARMA-CC algorithms can complement and outperform well-established methods, with significantly better timeliness especially when utilizing multiple threads, while still providing highly accurate results in a variety of data sets, even with skewed data distributions, which cause the traditional approaches to exhibit their worst-case behaviour. © 2023 The Author(s)","Approximation; Data structures; Parallel clustering; Synchronization","Approximation algorithms; Cluster analysis; Clustering algorithms; Computational efficiency; Optical radar; Petroleum reservoir evaluation; 3D-scanners; Approximation; Boundary crossing; Clusterings; Design spaces; LIDAR sensors; Multiphases; Parallel clustering; Parallelizations; Time sensitivity; Data structures","A. Keramatian; email: amir.keramatian@gmail.com","","Academic Press Inc.","07437315","","JPDCE","","English","J. Parallel Distrib. Comput.","Article","Final","All Open Access; Green Open Access; Hybrid Gold Open Access","Scopus","2-s2.0-85150234285"
"Hugonnot V.; Pépin F.; Freedman J.","Hugonnot, Vincent (6508347084); Pépin, Florine (55901626000); Freedman, Jan (59524581400)","6508347084; 55901626000; 59524581400","Fumaroles as Geothermal Refugia for Bryophytes in the Khaybar White Volcano Geopark (Saudi Arabia): Biogeographic and Ecological Insights","2026","Cryptogamie, Bryologie","47","6","","101","114","0","10.5252/cryptogamie-bryologie2026v47a6","https://www.scopus.com/pages/publications/105048432492?origin=resultslist","25 impasse des Oponces, 43380, Blassac, France; Royal Commission for AlUla, Riyadh, 12512, Saudi Arabia","Hugonnot V., 25 impasse des Oponces, 43380, Blassac, France; Pépin F., 25 impasse des Oponces, 43380, Blassac, France; Freedman J., Royal Commission for AlUla, Riyadh, 12512, Saudi Arabia","Fumaroles generate steep microclimatic and edaphic gradients that allow bryophyte communities to persist where the surrounding landscape is too dry or extreme. To explore this phenomenon, we surveyed bryophytes across the Khaybar White Volcano Geopark (north-western Saudi Arabia) during two field campaigns in 2024 and 2025, using a systematic 5 × 5 km grid to reduce spatial bias. Within fumarolic habitats, we counted vents by diameter class (0-2, 2-10, 10-50, >50 cm) in GPS-referenced plots and recorded bryophyte presence and abundance following the Braun-Blanquet scale. Across 188 relevés distributed among 11 fumarolic sites, we collected 1806 records representing 37 bryophyte taxa – about 72% of the 51 species known from the entire Geopark. Thirteen species were found exclusively in fumarolic microhabitats, and seven showed tropical or paleotropical affinities. Statistical analyses (Spearman correlations, n = 188) revealed that both species richness and cumulative abundance were highest in plots containing more medium-sized vents. These values declined near larger vents (>50 cm) and showed no clear relationship for smaller ones (≤10 cm). The association between medium vent abundance and bryophyte richness remained consistent across sites. Tropical species richness did not vary systematically with vent size but was clearly structured by orientation, with northerly and north-easterly slopes hosting most tropical taxa. Even so, the results suggest that clusters of medium-sized fumaroles create locally buffered conditions that support bryophyte establishment in this hyper-arid volcanic setting. We propose a preliminary Bryothermal Index (BTI) that integrates community-level indicators – species richness, abundance, and the proportion and fertility of hygrophilous or tropical-affinity taxa – to estimate geothermal influence. Future research should include high-frequency temperature and humidity logging, gas and substrate analyses, and replicated transects around vents to clarify mechanisms and validate the BTI. Despite their small extent (<1 ha), the Khaybar fumaroles stand out as microrefugia and should be considered for targeted micro-reserve protection and long-term ecological monitoring. Copyright 2026","Arabia; Arabie; bryophyte diversity; bryothermal Index (BTI); Bryothermal Index (BTI); diversité bryophytique; ecology; effet d'exposition; Fumaroles; Fumerolles; geothermal microrefugia; hygrometric buffering; micro-refuges géothermiques; orientation effects; steam vents; tamponnement hygrométrique; taxons à affinité tropicale; tropical-affinity taxa","Saudi Arabia; abundance; bryophyte; buffering; geothermal energy; refugium; species richness","V. Hugonnot; 25 impasse des Oponces, 43380, Blassac, France; email: vincent.hugonnot@wanadoo.fr","","A.D.A.C.","12900796","","CRBRF","","English","Cryptogam. Bryol.","Article","Final","All Open Access; Hybrid Gold Open Access","Scopus","2-s2.0-105048432492"
"Ciotoli G.; Ruggiero L.; Mori F.; Annunziatellis A.; Di Salvo C.; Finoia M.G.; Varone C.; Moscatelli M.; Nisio S.","Ciotoli, Giancarlo (6602848066); Ruggiero, Livio (55270408200); Mori, Federico (57194789085); Annunziatellis, Aldo (23984145700); Di Salvo, Cristina (55293854400); Finoia, Maria Grazia (6505944544); Varone, Chiara (56294075000); Moscatelli, Massimiliano (18634882500); Nisio, Stefania (6602213341)","6602848066; 55270408200; 57194789085; 23984145700; 55293854400; 6505944544; 56294075000; 18634882500; 6602213341","Integrating susceptibility, vulnerability and exposure for screening level sinkhole risk mapping in Metropolitan Rome (Italy)","2026","Engineering Geology","368","","108740","","","0","10.1016/j.enggeo.2026.108740","https://www.scopus.com/pages/publications/105034989252?origin=resultslist","Istituto di Geologia Ambientale e Geoingegneria (IGAG), Consiglio Nazionale delle Ricerche (CNR), Roma, Italy; Ufficio Infrastrutture di Ricerca – DG, Consiglio Nazionale delle Ricerche (CNR), Roma, Italy; Istituto Superiore per la Protezione e la Ricerca Ambientale (ISPRA), Roma, Italy","Ciotoli G., Istituto di Geologia Ambientale e Geoingegneria (IGAG), Consiglio Nazionale delle Ricerche (CNR), Roma, Italy; Ruggiero L., Ufficio Infrastrutture di Ricerca – DG, Consiglio Nazionale delle Ricerche (CNR), Roma, Italy; Mori F., Istituto di Geologia Ambientale e Geoingegneria (IGAG), Consiglio Nazionale delle Ricerche (CNR), Roma, Italy; Annunziatellis A., Istituto Superiore per la Protezione e la Ricerca Ambientale (ISPRA), Roma, Italy; Di Salvo C., Istituto di Geologia Ambientale e Geoingegneria (IGAG), Consiglio Nazionale delle Ricerche (CNR), Roma, Italy; Finoia M.G., Istituto Superiore per la Protezione e la Ricerca Ambientale (ISPRA), Roma, Italy; Varone C., Istituto di Geologia Ambientale e Geoingegneria (IGAG), Consiglio Nazionale delle Ricerche (CNR), Roma, Italy; Moscatelli M., Istituto di Geologia Ambientale e Geoingegneria (IGAG), Consiglio Nazionale delle Ricerche (CNR), Roma, Italy; Nisio S., Istituto Superiore per la Protezione e la Ricerca Ambientale (ISPRA), Roma, Italy","Anthropogenic sinkholes are rapid localized depressions caused by collapse above man-made underground cavities and are a growing urban hazard, amplified by ageing utilities and intense rainfall. Effective risk management requires maps identifying where susceptibility is highest and where people and assets are exposed. Here, risk is expressed as a normalized screening-level index (0–1), not an annual probability; the hazard term (H) is a susceptibility proxy. Rome is underlain by a dense, partly abandoned network of excavated cavities (pozzolana quarries, catacombs, galleries) whose degradation, with sewer leakage and flash-flooding, has contributed to increasing sinkholes. From the ISPRA inventory, we selected 1834 occurrences (1960–2023); given heterogeneous sources, results are interpreted as inventory-conditioned susceptibility. Events were integrated with ∼2800 mapped cavities and nine geological and anthropogenic predictors. Spatio-temporal analyses indicate post-2010 acceleration and clustering near cavities, sewer collectors, and flood-prone areas. An XGBoost workflow produced a high-resolution Sinkhole Susceptibility Map with District-based spatial cross-validation performance of ROC-AUC = 0.915 ± 0.04. SHAP interpretation shows susceptibility is dominated by cavity density/proximity and sewer-network variables, with secondary contributions from flood-prone areas. To translate hazard into impact (R = H × V × E), susceptibility was combined with building vulnerability and resident population at census-tract scale. The two highest risk classes include 1521 tracts (∼23%), with more than 400,000 residents (∼34%), and about €127 billion exposure, concentrated in Districts 1–2 and 5–7. The workflow supports screening-level prioritisation and is designed for local retraining and updates as new data become available. Intended use and limitations: The susceptibility and risk maps presented here are derived from prediction models and are therefore subject to error and uncertainty related to input data quality/resolution and to modelling and classification choices. The results are valid at a general scale and are intended to prioritise areas where detailed geological/geotechnical investigations should be performed to characterise site-specific conditions and refine risk. Accordingly, the planning recommendations discussed in the manuscript refer to strategic/tactical prioritisation (e.g., where to focus inspections, monitoring, and maintenance at tract/district scale) and to triggering targeted field verification, rather than to parcel-level design decisions. The maps are not suitable for parcel/building-scale decisions or for regulatory/design purposes without field verification and consultation with the competent authorities, and they may be updated as new data become available and the models are revised. Note: if an HVH (High/Very-High) mask is present, it indicates investigation priority and does not constitute a binding hazard perimeter. Any site-specific action should be supported by dedicated surveys (e.g., geophysics, boreholes, CCTV sewer inspection) and engineering assessment. © 2026 The Authors","Anthropogenic sinkholes; Explainable machine learning (SHAP); Sewer infrastructure; Sinkhole susceptibility; Spatial cross-validation (LOGO); Underground cavities; Urban geohazards","Italy; Lazio; Roma [Lazio]; Rome; Behavioral research; Decision making; Geology; Hazards; Learning systems; Maps; Population statistics; Rain; Risk assessment; Risk management; Sewers; Anthropogenic sinkhole; Anthropogenics; Explainable machine learning (SHAP); Geohazards; Machine-learning; Sewer infrastructure; Sinkhole susceptibility; Spatial cross validations; Spatial cross-validation (LOGO); Underground cavities; Urban geohazard; anthropogenic effect; geological hazard; machine learning; mapping; metropolitan area; risk assessment; sewer network; sinkhole; vulnerability; Floods","G. Ciotoli; Istituto di Geologia Ambientale e Geoingegneria (IGAG), Consiglio Nazionale delle Ricerche (CNR), Roma, Italy; email: giancarlo.ciotoli@cnr.it","","Elsevier B.V.","00137952","","EGGOA","","English","Eng. Geol.","Article","Final","All Open Access; Hybrid Gold Open Access","Scopus","2-s2.0-105034989252"
"Zholobov V.A.; Romanenkova E.D.; Egorov S.A.; Gevorgyan N.A.; Zaytsev A.A.","Zholobov, V.A. (58106290300); Romanenkova, E.D. (57211219363); Egorov, S.A. (58322051000); Gevorgyan, N.A. (57912015100); Zaytsev, A.A. (57191222878)","58106290300; 57211219363; 58322051000; 57912015100; 57191222878","Universal Representations for Well-Logging Data via Ensembling of Self-Supervised Models","2024","Doklady Mathematics","110","Suppl 1","","S126","S136","1","10.1134/S1064562424602257","https://www.scopus.com/pages/publications/105000810357?origin=resultslist","Skolkovo Institute of Science and Technologies, Moscow, Russian Federation","Zholobov V.A., Skolkovo Institute of Science and Technologies, Moscow, Russian Federation; Romanenkova E.D., Skolkovo Institute of Science and Technologies, Moscow, Russian Federation; Egorov S.A., Skolkovo Institute of Science and Technologies, Moscow, Russian Federation; Gevorgyan N.A., Skolkovo Institute of Science and Technologies, Moscow, Russian Federation; Zaytsev A.A., Skolkovo Institute of Science and Technologies, Moscow, Russian Federation","Abstract: Time series representation learning is crucial in applications requiring sophisticated data analysis. In some areas, like the Oil and Gas industry, the problem is particularly challenging due to missing values and anomalous samples caused by sensor failures in highly complex manufacturing environments. Self-supervised learning is one of the most popular solutions for obtaining data representation. However, being either generative or contrastive, these methods suffer from the limited applicability of obtained embeddings, – so general usage is more often declared than achieved. This study introduces and examines various generative self-supervised architectures for complex industrial time series. Moreover, we propose a new way to ensemble several generative approaches, leveraging the best advantages of each method. The suggested procedure is designed to tackle a wide range of scenarios with missing and multiscale data. For numerical experiments, we use various-scale datasets of well logs from diverse oilfields. Evaluation includes change point detection, clustering, and transfer learning, with the last two problems being introduced for the first time. It shows that variational autoencoders excel in clustering, autoregressive models better detect change points, and the proposed ensemble succeeds in both tasks. © The Author(s) 2024.","ensembling; generative learning; self-supervised learning; time-series data","","V.A. Zholobov; Skolkovo Institute of Science and Technologies, Moscow, Russian Federation; email: V.Zholobov@skoltech.ru","","Pleiades Publishing","10645624","","","","English","Dokl. Math.","Article","Final","All Open Access; Hybrid Gold Open Access","Scopus","2-s2.0-105000810357"
"Wu H.; Dai Y.-J.; Liu X.-Y.","Wu, Hao (59744250000); Dai, Yu-Jie (59744577700); Liu, Xin-Yu (59744250100)","59744250000; 59744577700; 59744250100","Efficient Sedimentary Facies Recognition Using Vision Transformer and Weakly Supervised Deep Multi-View Clustering","2025","IEEE Access","13","","","77522","77538","7","10.1109/ACCESS.2025.3562544","https://www.scopus.com/pages/publications/105002869378?origin=resultslist","Liaoning Petrochemical University, School of Petroleum and Natural Gas Engineering, Fushun, 113000, China","Wu H., Liaoning Petrochemical University, School of Petroleum and Natural Gas Engineering, Fushun, 113000, China; Dai Y.-J., Liaoning Petrochemical University, School of Petroleum and Natural Gas Engineering, Fushun, 113000, China; Liu X.-Y., Liaoning Petrochemical University, School of Petroleum and Natural Gas Engineering, Fushun, 113000, China","Sedimentary facies recognition plays a crucial role in geological exploration and oil-gas resource evaluation. However, traditional recognition methods are limited by their ability to extract local features and efficiently utilize unlabeled data, making it difficult to effectively handle complex sedimentary facies characteristics. To address this, this paper proposes an efficient sedimentary facies recognition method based on Vision Transformer (ViT) and weakly supervised deep multi-view clustering. First, we use ViT for feature extraction from sedimentary facies images, capturing global information through the self-attention mechanism, thereby enhancing the ability to recognize complex sedimentary facies patterns. Secondly, we introduce deep multi-view clustering, which integrates multi-angle features such as color, texture, and shape, improving the model’s robustness and classification accuracy. Additionally, we apply weak supervision, combining a small amount of labeled data with a large amount of unlabeled data, and use strategies like pseudo-labeling to enhance the model’s generalization ability and reduce the cost of data labeling. Experimental results show that this method achieves higher accuracy and robustness across multiple sedimentary facies datasets, significantly outperforming traditional Convolutional Neural Networks methods in recognition performance. This research provides a novel solution for sedimentary facies recognition, especially suited for scenarios with limited labeled data and complex, diverse features, and offers new research directions for future deep learning-based geological data analysis. © 2013 IEEE.","deep multi-view clustering; feature extraction; Sedimentary facies recognition; vision transformer; weak supervision","Labeled data; Natural gas deposits; Petroleum deposits; Petroleum prospecting; Radioactive prospecting; Deep multi-view clustering; Features extraction; Labeled data; Multi-view clustering; Recognition methods; Sedimentary facies; Sedimentary facies recognition; Unlabeled data; Vision transformer; Weak supervision; Petroleum reservoir evaluation","Y.-J. Dai; Liaoning Petrochemical University, School of Petroleum and Natural Gas Engineering, Fushun, 113000, China; email: vujf76@163.com","","Institute of Electrical and Electronics Engineers Inc.","21693536","","","","English","IEEE Access","Article","Final","All Open Access; Gold Open Access; Green Open Access","Scopus","2-s2.0-105002869378"
"Ascott M.J.; Marchant B.P.; Macdonald D.; McKenzie A.A.; Bloomfield J.P.","Ascott, Matthew J. (56764516600); Marchant, Ben P. (7004392044); Macdonald, David (8236376200); McKenzie, Andrew A. (7101774688); Bloomfield, John Paul (7006246653)","56764516600; 7004392044; 8236376200; 7101774688; 7006246653","Improved understanding of spatio-temporal controls on regional scale groundwater flooding using hydrograph analysis and impulse response functions","2017","Hydrological Processes","31","25","","4586","4599","33","10.1002/hyp.11380","https://www.scopus.com/pages/publications/85038405325?origin=resultslist","British Geological Survey, Maclean Building, Crowmarsh Gifford, Oxfordshire, OX10 8BB, United Kingdom; British Geological Survey, Environmental Science Centre, Nicker Hill, Keyworth, Nottingham, NG12 5GG, United Kingdom","Ascott M.J., British Geological Survey, Maclean Building, Crowmarsh Gifford, Oxfordshire, OX10 8BB, United Kingdom; Marchant B.P., British Geological Survey, Environmental Science Centre, Nicker Hill, Keyworth, Nottingham, NG12 5GG, United Kingdom; Macdonald D., British Geological Survey, Maclean Building, Crowmarsh Gifford, Oxfordshire, OX10 8BB, United Kingdom; McKenzie A.A., British Geological Survey, Maclean Building, Crowmarsh Gifford, Oxfordshire, OX10 8BB, United Kingdom; Bloomfield J.P., British Geological Survey, Maclean Building, Crowmarsh Gifford, Oxfordshire, OX10 8BB, United Kingdom","Controls on the spatio-temporal extent of groundwater flooding are poorly understood, despite the long duration of groundwater flood events and distinct social and economic impacts. We developed a novel approach using statistical analysis of groundwater level hydrographs and impulse response functions (IRFs) and applied it to the 2013/2014 Chalk groundwater flooding in the English Lowlands. We proposed a standardized index of groundwater flooding which we calculated for monthly groundwater levels for 26 boreholes in the Chalk. We grouped these standardized series using k-means cluster analysis and cross-correlated the cluster centroids with the Standardized Precipitation Index accumulated over time intervals between 1 and 60 months. This analysis reveals 2 spatially coherent groups of standardized hydrographs that responded to precipitation over different timescales. We estimated IRF models of the groundwater level response to effective precipitation for 3 boreholes in each group. The IRF models corroborate the Standardized Precipitation Index analysis showing different response functions between the groups. We applied identical effective precipitation inputs to each of the IRF models and observed differences between the hydrographs from each group. It is suggested this is due to the hydrogeological properties of the Chalk and of overlying relatively low permeability superficial deposits (recent unconsolidated sediments overlying the bedrock, such as clays and tills), which are extensive over 1 of the groups. The overarching controls on groundwater flood response are concluded to be a complex combination of antecedent conditions, rainfall, and catchment hydrogeological properties. These controls should be taken into consideration when anticipating and managing future groundwater flood events. The approach presented is generic and parsimonious and can be easily applied where sufficient groundwater level and rainfall data are available. BGS © NERC 2017","Chalk hydrogeology; groundwater flooding; hydrograph analysis; impulse response functions; standardized precipitation index","England; United Kingdom; Catchments; Cluster analysis; Floods; Hydrogeology; Impulse response; Limestone; Rain; Stream flow; Time series analysis; Groundwater flooding; Hydrogeological properties; Hydrograph analysis; Impulse response functions; K-means cluster analysis; Social and economic impacts; Standardized precipitation index; Unconsolidated sediment; bedrock; chalk; flooding; groundwater; hydrogeology; hydrograph; permeability; precipitation assessment; rainfall; spatiotemporal analysis; standard (reference); Groundwater","M.J. Ascott; British Geological Survey, Oxfordshire, Maclean Building, Crowmarsh Gifford, OX10 8BB, United Kingdom; email: matta@bgs.ac.uk","","John Wiley and Sons Ltd","08856087","","HYPRE","","English","Hydrol. Processes","Article","Final","All Open Access; Bronze Open Access","Scopus","2-s2.0-85038405325"
"Drake B.D.; Campbell K.A.; Rowland J.V.; Guido D.M.; Browne P.R.L.; Rae A.","Drake, Bryan D. (56252438700); Campbell, Kathleen A. (57199316387); Rowland, Julie V. (8756992700); Guido, Diego M. (56269372200); Browne, Patrick R.L. (7102062275); Rae, Andrew (57197405133)","56252438700; 57199316387; 8756992700; 56269372200; 7102062275; 57197405133","Evolution of a dynamic paleo-hydrothermal system at Mangatete, Taupo Volcanic Zone, New Zealand","2014","Journal of Volcanology and Geothermal Research","282","","","19","35","49","10.1016/j.jvolgeores.2014.06.010","https://www.scopus.com/pages/publications/84903825198?origin=resultslist","Geology, School of Environment, University of Auckland, Auckland 1142, Private Bag 92019, New Zealand; CONICET and Facultad de Ciencias Naturales y Museo, Universidad Nacional de La Plata, Instituto de Recursos Minerales (INREMI), La Plata (1900), Calle 64 y 120, Argentina; Institute of Earth Science and Engineering, University of Auckland, Auckland 1142, Private Bag 92019, New Zealand; GNS Science, Wairakei Research Centre, Taupo 3352, Private Bag 2000, New Zealand","Drake B.D., Geology, School of Environment, University of Auckland, Auckland 1142, Private Bag 92019, New Zealand; Campbell K.A., Geology, School of Environment, University of Auckland, Auckland 1142, Private Bag 92019, New Zealand; Rowland J.V., Geology, School of Environment, University of Auckland, Auckland 1142, Private Bag 92019, New Zealand; Guido D.M., CONICET and Facultad de Ciencias Naturales y Museo, Universidad Nacional de La Plata, Instituto de Recursos Minerales (INREMI), La Plata (1900), Calle 64 y 120, Argentina; Browne P.R.L., Institute of Earth Science and Engineering, University of Auckland, Auckland 1142, Private Bag 92019, New Zealand; Rae A., GNS Science, Wairakei Research Centre, Taupo 3352, Private Bag 2000, New Zealand","Recent quarrying and active faulting at Mangatete, Taupo Volcanic Zone (TVZ), New Zealand, illuminate a rare spatial and temporal window on a dynamic Late Quaternary geothermal system. Detailed geological mapping, stratigraphic logging, AMS 14C dating, and textural and mineralogical analyses were used to construct a complex history of hydrothermal, volcanological and tectonic activity from ~36 to 2ka. Extinct, surface hydrothermal manifestations occur over a ~2km2 area, and include in situ siliceous sinters distributed on normal fault terraces, an inferred hydrothermal eruption breccia (HEB) containing acid-etched sinter blocks, another probable HEB that was bathed in silicifying thermal fluids, and sinter clasts that were entrained in a debris flow associated with a volcanic ash event. Preserved sinter textures typical of near-neutral pH, alkali chloride spring discharge channels, aprons, terraces and affiliated marshes comprise plant-rich, palisade, tufted bubble mat, and domal stromatolitic fabrics. In addition, a packed fragmental sinter facies is shown herein to constitute silicified microbial mats that were broken, transported and deposited as point bar deposits in thermal spring-fed streams. Moreover, four unusual siliceous sinter fabrics-vuggy, globular spongy, scalloped, and arcuate wavy layered-are interpreted to have formed from local acid-sulfate-chloride thermal springs, possibly associated with paleo-fumaroles. The reconstructed history of paleo-hydrothermal activity indicates that the oldest sinters (~36ka) at Mangatete developed in alkali chloride hot springs, but then underwent post-depositional alterion/overprinting by acid-sulfate steam condensate and were dismembered, possibly by a hydrothermal eruption. Low pH hot-spring discharges forming the unusual, inferred acid sinter fabrics were localized in the same area. A shift in paleo-hydrology is evidenced by unaltered, alkali chloride sinters dated between ~22 and 3ka. A cluster of sinter dates between 22.7 and 20.7ka denote thermal fluid emissions around the time of the Okareka eruption (~22.1ka). An ~11kyr gap in sinter ages followed, which overlaps with a time of relative quiescence in local fault movement in between the Rotorua and Rotoma eruptions, as determined from previous paleo-seismicity studies on the Whirinaki Fault in the Mangatete area. At ~9.4ka, hot spring activity in thermally fed streams slightly post-dated the Rotoma eruption (~9.5ka). The locations and ages of the youngest (post-9.4ka) alkali chloride sinters and silicified paleosols in relation to Whirinaki Fault movements indicate an overall westward migration of siliceous spring discharge. Dated charcoal (~1.8kyr) in ash at the base of a locally extensive, volcaniclastic debris flow, containing sinter blocks of a range of ages and mineralogical maturity, suggests its affiliation with the Taupo eruption. Mangatete sinters occur along SW-NE striking faults parallel to the regional trend of the TVZ, which dissect the topography into stepped terraces. Inferred basement cross-faults in the study area, i.e. structural lineaments orthogonal to this trend, may have served as fluid pathways at depth, initiating and maintaining hydrothermal activity at Mangatete for more than 30kyr. Within the larger Ngakuru Graben (~150km2), the ages and distributions of sinters and hydrothermal eruption breccias, including those at Mangatete, show that significant hydrothermal activity occurred for more than 60kyr, in an area lacking such activity today. Thus, Mangatete retains a rare stratigraphic record within the TVZ sinter archive of changing geothermal fluids, resulting from shifts in paleo-phreatic water levels. Moreover, although limited, the presented age data imply a relationship among seismic activity, volcanic ash fall events, and the occurrence of permeable pathways for upward migration of thermal fluids. Finally, whereas currently active TVZ geothermal fields appear to be stable over tens of thousands of years or more, the fossil hydrothermal systems in the wider Mangatete area demonstrate the possibility of much greater temporal variability in the lateral expression of local surface manifestations of thermal fluid discharge through time. © 2014 Elsevier B.V.","Faults; Hot-spring deposit; Hydrothermal eruption breccia; New Zealand; Silica residue; Siliceous sinter; Taupo volcanic zone","New Zealand; North Island; Taupo Volcanic Zone; Charcoal; Chlorine compounds; Debris; Deposits; Faulting; Geothermal fields; Geothermal springs; Hot springs; Rocks; Steam condensers; Stratigraphy; Volcanoes; Water levels; Fossil hydrothermal systems; Hydrothermal activity; Hydrothermal eruptions; Mineralogical analysis; New zealand; Stratigraphic records; Structural lineaments; Taupo Volcanic Zone; breccia; geothermal system; hydrothermal activity; hydrothermal system; silica; sinter; thermal spring; Sintering","K.A. Campbell; Geology, School of Environment, University of Auckland, Auckland 1142, Private Bag 92019, New Zealand; email: ka.campbell@auckland.ac.nz","","Elsevier","03770273","","","","English","J. Volcanol. Geotherm. Res.","Article","Final","All Open Access; Green Open Access","Scopus","2-s2.0-84903825198"
"Hamoud A.S.; Mosleh M.F.; Al-Zubaidi S.","Hamoud, Abdullah S. (59729782200); Mosleh, Mahmood F. (57197754480); Al-Zubaidi, Salah (40460970000)","59729782200; 57197754480; 40460970000","Development of a Hybrid IIoT-Deep Learning-Based System for Predictive Maintenance of Industrial Steam Boilers","2026","Sci","8","7","149","","","0","10.3390/sci8070149","https://www.scopus.com/pages/publications/105045870683?origin=resultslist","Department of Computer Technical Engineering, Middle Technical University, Baghdad, 10022, Iraq; Department of Automated Manufacturing Engineering, Al-Khwarizmi College of Engineering, University of Baghdad, Baghdad, 10071, Iraq","Hamoud A.S., Department of Computer Technical Engineering, Middle Technical University, Baghdad, 10022, Iraq; Mosleh M.F., Department of Computer Technical Engineering, Middle Technical University, Baghdad, 10022, Iraq; Al-Zubaidi S., Department of Automated Manufacturing Engineering, Al-Khwarizmi College of Engineering, University of Baghdad, Baghdad, 10071, Iraq","This paper introduces an IIoT-based hybrid predictive maintenance system for industrial steam boilers, which responds to the increased demands for making intelligent and accurate decisions by leveraging data-driven analytics in complex industrial environments. The proposed approach presents comparative hybrid predictive monitoring frameworks based on Long Short-Term Memory (LSTM) and Gated Recurrent Unit (GRU) models integrated with Statistical Process Control (SPC) and Cumulative Sum (CUSUM) monitoring techniques for industrial boiler monitoring; it allows accurate system behavior prediction coupled with enhanced anomaly detection across interconnected subsystems. To ensure practicability, the framework is implemented in an integrated operation technology and information technology (OT–IT) architecture with one year of real operation data from an industrial steam boiler in an oil refinery. A two-phase validation strategy is employed to overcome the gap between offline model development and application. During the initial phase, predictive models are developed and tested based on multivariate time-series data to model both the time dependence of the processes and the mechanical variables. The second phase involves the online deployment of the predictive monitoring framework through a Hardware-in-the-Loop (HiL) implementation with Programmable Logic Controller (PLC)-based and Open Platform Communications Unified Architecture (OPC UA) communication to enhance realistic system validation under emulated boiler process conditions without disrupting live plant operations. The experimental results indicate that the GRU model outperforms the LSTM, achieving good R2 (0.8956) and mean absolute percentage error (MAPE, 0.6345%), demonstrating strong predictive accuracy across key operational variables. In addition, SPC is used to set up adaptive operational thresholds based on normal industrial process behavior, and then CUSUM is applied to the prediction residuals to improve the detection of the gradual degradation of the system. Real-time validation ensures system stability, low latency, and bidirectional data transfer between the OT and IT layers, enabling continuous monitoring and real-time decision-making. The proposed solution provides a practical and scalable predictive maintenance framework in an industrial context, particularly in oil and gas operations, that helps to transition to Industry 4.0 and intelligent asset management. © 2026 by the authors.","deep learning; Hardware-in-the-Loop; IIoT; industrial steam boiler; OPC UA; predictive maintenance","","S. Al-Zubaidi; Department of Automated Manufacturing Engineering, Al-Khwarizmi College of Engineering, University of Baghdad, Baghdad, 10071, Iraq; email: salah.salman@kecbu.uobaghdad.edu.iq","","Multidisciplinary Digital Publishing Institute (MDPI)","24134155","","","","English","Sci.","Article","Final","All Open Access; Gold Open Access","Scopus","2-s2.0-105045870683"
"Li J.; Ma Z.; Chi C.; Zheng H.; Yu Z.","Li, Jiayi (55986562900); Ma, Zike (60184533700); Chi, Chengquan (57204508379); Zheng, Haiyong (24922273300); Yu, Zining (57204495806)","55986562900; 60184533700; 57204508379; 24922273300; 57204495806","Reference station-based transfer learning for earthquake anomaly extraction from borehole strain data related to two earthquakes in China","2026","Big Earth Data","10","2","","1201","1226","0","10.1080/20964471.2025.2581423","https://www.scopus.com/pages/publications/105021373312?origin=resultslist","College of Electronic Engineering, Ocean University of China, Shandong, Qingdao, China; School of Information Science and Technology, Hainan Normal University, Hainan Province, Haikou, China","Li J., College of Electronic Engineering, Ocean University of China, Shandong, Qingdao, China; Ma Z., College of Electronic Engineering, Ocean University of China, Shandong, Qingdao, China; Chi C., School of Information Science and Technology, Hainan Normal University, Hainan Province, Haikou, China; Zheng H., College of Electronic Engineering, Ocean University of China, Shandong, Qingdao, China; Yu Z., College of Electronic Engineering, Ocean University of China, Shandong, Qingdao, China","Earthquake precursor extraction from geophysical observation data remained challenging due to diverse signal characteristics and complex earthquake processes. This study proposed STMN-EQA (spatiotemporal multi-scale network for earthquake anomaly extraction), integrating segmented variational mode decomposition (SVMD), TimesNet temporal modeling, and graph neural networks (GNN) for multi-station spatial analysis. We trained the model exclusively on high-quality data from reference stations in seismically inactive regions to learn normal strain patterns and then directly transferred the pre-trained model to analyze borehole strain data for two earthquakes in China. Our temporal analysis of anomalies revealed consistent sigmoidal anomaly accumulation process 1–3 months before both events and spatial analysis of anomalies revealed that inflection points and anomaly counts at monitoring stations are correlated with epicentral distance, which may be related to earthquake processes. The framework achieved superior performance compared to conventional anomaly detection methods. Furthermore, the reference station-based transfer learning strategy combined with multi-domain analysis integrating temporal, spatial, and frequency information offered a novel solution for earthquake anomaly extraction while advancing our understanding of multi-scale earthquake preparation mechanisms. © 2025 The Author(s). Published by Taylor & Francis Group and Science Press on behalf of the International Society for Digital Earth, supported by the International Research Center of Big Data for Sustainable Development Goals.","anomaly extraction; borehole strain; deep learning; Earthquake precursor; spatiotemporal analysis; transfer learning","China; Anomaly detection; Big data; Data communication systems; Data mining; Earthquake engineering; Earthquakes; Extraction; Learning systems; Neural networks; Spatial variables measurement; Spatio-temporal data; Transfer learning; Variational mode decomposition; Anomaly extraction; Borehole strain; Deep learning; Earthquake anomalies; Earthquake precursors; Earthquake process; Reference stations; Spatiotemporal analysis; Strain data; Transfer learning; artificial neural network; borehole; detection method; earthquake precursor; spatiotemporal analysis; Deep learning","Z. Yu; College of Electronic Engineering, Ocean University of China, Qingdao, Room A411, North Wing of Information Building, Shandong, 266100, China; email: yuzining@ouc.edu.cn","","Taylor and Francis Ltd.","20964471","","","","English","Big Earth Data","Article","Final","All Open Access; Gold Open Access; Green Open Access","Scopus","2-s2.0-105021373312"
"Chidepudi S.K.R.; Massei N.; Jardani A.; Dieppois B.; Henriot A.; Fournier M.","Chidepudi, Sivarama Krishna Reddy (58043373300); Massei, Nicolas (6602529545); Jardani, Abderrahim (15725750100); Dieppois, Bastien (55343341100); Henriot, Abel (54385122500); Fournier, Matthieu (21833613900)","58043373300; 6602529545; 15725750100; 55343341100; 54385122500; 21833613900","Training deep learning models with a multi-station approach and static aquifer attributes for groundwater level simulation: what is the best way to leverage regionalised information?","2025","Hydrology and Earth System Sciences","29","4","","841","861","19","10.5194/hess-29-841-2025","https://www.scopus.com/pages/publications/85218630135?origin=resultslist","Univ Rouen Normandie, UNICAEN, CNRS, M2C UMR6143, Rouen, 76000, France; BRGM, 3 av. C. Guillemin, Orleans, CEDEX 45060-02, France; Centre for Agroecology Water and Resilience, Coventry University, Coventry, United Kingdom","Chidepudi S.K.R., Univ Rouen Normandie, UNICAEN, CNRS, M2C UMR6143, Rouen, 76000, France, BRGM, 3 av. C. Guillemin, Orleans, CEDEX 45060-02, France; Massei N., Univ Rouen Normandie, UNICAEN, CNRS, M2C UMR6143, Rouen, 76000, France; Jardani A., Univ Rouen Normandie, UNICAEN, CNRS, M2C UMR6143, Rouen, 76000, France; Dieppois B., Centre for Agroecology Water and Resilience, Coventry University, Coventry, United Kingdom; Henriot A., BRGM, 3 av. C. Guillemin, Orleans, CEDEX 45060-02, France; Fournier M., Univ Rouen Normandie, UNICAEN, CNRS, M2C UMR6143, Rouen, 76000, France","In this study, we use deep learning models with advanced variants of recurrent neural networks, specifically long short-term memory (LSTM), gated recurrent unit (GRU), and bidirectional LSTM (BiLSTM), to simulate large-scale groundwater level (GWL) fluctuations in northern France. We develop multi-station collective training for GWL simulations, using dynamic variables (i.e. climatic) and static basin characteristics. This large-scale approach can incorporate dynamic and static features to cover more reservoir heterogeneities in the study area. Further, we investigated the performance of relevant feature extraction techniques such as clustering and wavelet transform decomposition to simplify network learning using regionalised information. Several modelling performance tests were conducted. Models specifically trained on different types of GWL, clustered based on the spectral properties, performed significantly better than models trained on the whole dataset. Clustering-based modelling reduces complexity in the training data and targets relevant information more efficiently. Applying multi-station models without prior clustering can lead the models to preferentially learn the dominant behaviour, ignoring unique local variations. In this respect, wavelet pre-processing was found to partially compensate for clustering, bringing out common temporal and spectral characteristics shared by all available GWL time series even when these characteristics are ""hidden""(e.g. if their amplitude is too small). When employed along with prior clustering, using wavelet decomposition as a pre-processing technique significantly improves model performances, particularly for GWLs dominated by low-frequency interannual to decadal variations. This study advances our understanding of GWL simulation using deep learning, highlighting the importance of different model training approaches, the potential of wavelet pre-processing, and the value of incorporating static attributes. © 2025 Sivarama Krishna Reddy Chidepudi et al.","","France; Aquifers; Contrastive Learning; Deep neural networks; Long short-term memory; Petroleum reservoir evaluation; Underground reservoirs; Clusterings; Ground water level; Large-scales; Learning models; Modeling performance; Multi-stations; Neural-networks; Short term memory; Static aquifers; Wavelet pre-processing; aquifer; complexity; decomposition analysis; extraction method; groundwater; hydrological modeling; machine learning; reservoir; simulation; time series analysis; training; wavelet analysis; Wavelet decomposition","S.K.R. Chidepudi; Univ Rouen Normandie, UNICAEN, CNRS, M2C UMR6143, Rouen, 76000, France; email: sivaramakrishnareddy.chidepudi@univ-rouen.fr","","Copernicus Publications","10275606","","","","English","Hydrol. Earth Syst. Sci.","Article","Final","All Open Access; Gold Open Access; Green Open Access","Scopus","2-s2.0-85218630135"
"Herrmann M.; Kraft T.; Tormann T.; Scarabello L.; Wiemer S.","Herrmann, Marcus (57190586343); Kraft, Toni (35111455300); Tormann, Thessa (25628929700); Scarabello, Luca (57201337926); Wiemer, Stefan (57208371113)","57190586343; 35111455300; 25628929700; 57201337926; 57208371113","A Consistent High-Resolution Catalog of Induced Seismicity in Basel Based on Matched Filter Detection and Tailored Post-Processing","2019","Journal of Geophysical Research: Solid Earth","124","8","","8449","8477","55","10.1029/2019JB017468","https://www.scopus.com/pages/publications/85070721428?origin=resultslist","Swiss Seismological Service, ETH Zürich, Zürich, Switzerland; Now at PartnerRe, Zürich, Switzerland","Herrmann M., Swiss Seismological Service, ETH Zürich, Zürich, Switzerland; Kraft T., Swiss Seismological Service, ETH Zürich, Zürich, Switzerland; Tormann T., Swiss Seismological Service, ETH Zürich, Zürich, Switzerland, Now at PartnerRe, Zürich, Switzerland; Scarabello L., Swiss Seismological Service, ETH Zürich, Zürich, Switzerland; Wiemer S., Swiss Seismological Service, ETH Zürich, Zürich, Switzerland","Seismic monitoring of the Basel Enhanced Geothermal System has been running for more than a decade. Yet the details of the long-term behavior of its induced seismicity remained unexplored because a seismic event catalog with consistent detection sensitivity and magnitudes did not exist. This knowledge is essential for developing guidelines and mitigation procedures on how to safely operate and terminate injection activities. Only few observational data exist that cover all phases of such projects in a consistent manner. Here we describe a method that overcomes these deficiencies based on sensitive matched filter detection and a machine learning approach to remove false detections. With an emphasis on consistency, we create a catalog that contains more than 280,000 events down to Mw−1.5. The much higher temporal resolution allows us to analyze induced microearthquakes in great detail and to gain new insights. We resolved temporal variations of seismicity parameters and, in the post-operational phase, a preferential temporal clustering of events. We find a breakdown in the Gutenberg-Richter scaling during reservoir stimulation, which may have physical reasons or could be caused by a method-independent detection limit during high event rates. The scaling breakdown has implications for the design of Adaptive Traffic Light Systems and may limit the potential of real-time mitigation strategies in future Enhanced Geothermal System projects. Nevertheless, our catalog gives the opportunity to study the temporal evolution of the sequence in unprecedented detail, which will help to better understand the physical processes in a geothermal reservoir, potentially not only in the Basel case. ©2019. American Geophysical Union. All Rights Reserved.","earthquake detection; earthquake statistics; geothermal energy; induced seismicity; magnitude estimation; waveform processing","detection method; earthquake catalogue; earthquake event; fluid injection; geothermal energy; induced seismicity; machine learning; magnitude; resolution; waveform analysis","M. Herrmann; Swiss Seismological Service, ETH Zürich, Zürich, Switzerland; email: marcus.herrmann@sed.ethz.ch","","Blackwell Publishing Ltd","21699313","","","","English","J. Geophys. Res. Solid Earth","Article","Final","All Open Access; Bronze Open Access; Green Open Access","Scopus","2-s2.0-85070721428"
"Ochsenkühn K.M.; Kontoyannakos J.; Ochsenkühn-Petropulu M.","Ochsenkühn, K.M. (6603756251); Kontoyannakos, J. (11939018100); Ochsenkühn-Petropulu, M. (6602128951)","6603756251; 11939018100; 6602128951","A new approach to a hydrochemical study of groundwater flow","1997","Journal of Hydrology","194","1-4","","64","75","32","10.1016/S0022-1694(96)03218-0","https://www.scopus.com/pages/publications/0031193661?origin=resultslist","Radioanalytical Laboratory, Institute of Physical Chemistry, NCSR 'Demokritos', 15310 Athens, Aghia Paraskevi Attikis, Greece; Lab. of Analyt. and Inorg. Chemistry, Department of Chemical Engineering, Natl. Technical University of Athens, 15773 Athens, Heroon Polytechniou 9, Greece","Ochsenkühn K.M., Radioanalytical Laboratory, Institute of Physical Chemistry, NCSR 'Demokritos', 15310 Athens, Aghia Paraskevi Attikis, Greece; Kontoyannakos J., Lab. of Analyt. and Inorg. Chemistry, Department of Chemical Engineering, Natl. Technical University of Athens, 15773 Athens, Heroon Polytechniou 9, Greece; Ochsenkühn-Petropulu M., Lab. of Analyt. and Inorg. Chemistry, Department of Chemical Engineering, Natl. Technical University of Athens, 15773 Athens, Heroon Polytechniou 9, Greece","A statistical approach based on a multivariate correlation of various hydrochemical parameters has been developed for the interpretation of groundwater flow lines of the Vasilikon basin in the southern part of the central area of Euboea island in Greece. Water samples, mainly from wells but also from boreholes, were collected and analysed for 44 hydrochemical parameters, from which the conductivity, dissolved O2, Ca, Mg, chloride, acid-consuming capacity, base-consuming capacity, Si. Fe and As were selected for the evaluation. After normalization of each parameter by z-transformation-to equalize the influence of parameters with small and large variations-a classification of the sampling stations was obtained by cluster analysis. By the use of the same z transformed data the degree of similarity of element-concentration (z-transformed) profiles between the central sampling points and the surrounding sampling points was investigated. The resulting radially distributed correlation vectors were reduced to the main axis of an ellipse, so that flow lines or trend of groundwater movements became visible. The results of this method were also compared with hydrogeological observations of the Vasilikon basin.","","Greece, Euboea Island, Vasilikon Basin; boreholes; conductivity; flow; groundwater; wells; Boreholes; Correlation methods; Hydraulic conductivity; Sampling; Statistical methods; Vectors; Water analysis; Water wells; Z transforms; Cluster analysis; Hydrochemistry; groundwater chemistry; groundwater flow; hydrochemical parameters; multivariate analysis; Groundwater flow","","","","00221694","","JHYDA","","English","J. HYDROL.","Article","Final","All Open Access; Green Open Access","Scopus","2-s2.0-0031193661"
"Ali W.; El-Thalji I.; Giljarhus K.E.T.; Delimitis A.","Ali, Waqar (59469811700); El-Thalji, Idriss (36491315800); Giljarhus, Knut Erik Teigen (53984148900); Delimitis, Andreas (8637315500)","59469811700; 36491315800; 53984148900; 8637315500","Spectrogram-driven unsupervised autoencoder with isolation forest and one-class SVM for lab-scale wind turbine blade fault detection","2026","Energy and AI","23","","100681","","","1","10.1016/j.egyai.2026.100681","https://www.scopus.com/pages/publications/105027627731?origin=resultslist","Department of Mechanical and Structural Engineering and Materials Science, University of Stavanger, Stavanger, 4021, Norway; Department of Physics, Aristotle University of Thessaloniki, Thessaloniki, 54124, Greece; Department of Engineering Management, Prince Sultan University, Riyadh, 11586, Saudi Arabia","Ali W., Department of Mechanical and Structural Engineering and Materials Science, University of Stavanger, Stavanger, 4021, Norway; El-Thalji I., Department of Mechanical and Structural Engineering and Materials Science, University of Stavanger, Stavanger, 4021, Norway, Department of Engineering Management, Prince Sultan University, Riyadh, 11586, Saudi Arabia; Giljarhus K.E.T., Department of Mechanical and Structural Engineering and Materials Science, University of Stavanger, Stavanger, 4021, Norway; Delimitis A., Department of Physics, Aristotle University of Thessaloniki, Thessaloniki, 54124, Greece","Wind turbine blades are critical components, and their structural integrity is essential for uninterrupted operation and minimizing downtime. Although various methods are used to monitor the health of wind turbine blades, several research challenges persist, such as the reliance on manual feature engineering and the limited availability of large amounts of labeled data. In this study, a novel approach is proposed that will overcome the limitations of manual feature extraction and label data challenges. In the proposed work, time series vibration signals from the blade are first converted into spectrograms and passed through a CNN-based autoencoder that is trained solely on healthy data to learn a compact latent representation. Anomalies are then flagged in three complementary ways: (i) by thresholding the autoencoder's reconstruction error, (ii) by applying an Isolation Forest to the latent features, and (iii) by evaluating the same features with a One-Class SVM. The outputs of these detectors are subsequently benchmarked, providing a systematic comparison of their ability to discriminate between vibration-induced faults, such as cracks and erosion, and normal operation on a controlled test-rig dataset, the autoencoder achieves 97.2 % accuracy, outperforming the Isolation Forest and One-Class SVM by 8%–27%. These results demonstrate that zero-label, deep-feature pipelines can deliver reliable and scalable blade-fault detection, paving the way for more cost-effective predictive maintenance in wind farms. © 2026 The Authors","Anomaly detection; Deep learning; Predictive maintenance; Unsupervised diagnosis; Wind turbine blade","Anomaly detection; Cost effectiveness; Deep learning; Feature extraction; Forestry; Labeled data; Learning systems; Predictive maintenance; Spectrographs; Statistical tests; Turbine components; Turbomachine blades; Unsupervised learning; Wind power; Wind turbines; Anomaly detection; Auto encoders; Critical component; Deep learning; Faults detection; One class-SVM; Predictive maintenance; Spectrograms; Unsupervised diagnose; Wind turbine blades; Fault detection","W. Ali; Department of Mechanical and Structural Engineering and Materials Science, University of Stavanger, Stavanger, 4021, Norway; email: aliwaqar26@gmail.com","","Elsevier B.V.","26665468","","","","English","Energy. AI.","Article","Final","All Open Access; Gold Open Access; Green Open Access","Scopus","2-s2.0-105027627731"
"Steuer A.; Smirnova M.; Becken M.; Schiffler M.; Günther T.; Rochlitz R.; Yogeshwar P.; Mörbe W.; Siemon B.; Costabel S.; Preugschat B.; Ibs-von Seht M.; Zampa L.S.; Müller F.","Steuer, Annika (23487318500); Smirnova, Maria (57211849267); Becken, Michael (23003730800); Schiffler, Markus (36873355400); Günther, Thomas (35181263000); Rochlitz, Raphael (57200133812); Yogeshwar, Pritam (36613933000); Mörbe, Wiebke (57200126946); Siemon, Bernhard (6603067591); Costabel, Stephan (37090483600); Preugschat, Benedikt (57218883754); Ibs-von Seht, Malte (14321567600); Zampa, Luigi Sante (57201344835); Müller, Franz (57218878052)","23487318500; 57211849267; 23003730800; 36873355400; 35181263000; 57200133812; 36613933000; 57200126946; 6603067591; 37090483600; 57218883754; 14321567600; 57201344835; 57218878052","Comparison of novel semi-airborne electromagnetic data with multi-scale geophysical, petrophysical and geological data from Schleiz, Germany","2020","Journal of Applied Geophysics","182","","104172","","","60","10.1016/j.jappgeo.2020.104172","https://www.scopus.com/pages/publications/85086756483?origin=resultslist","Federal Institute for Geosciences and Natural Resources (BGR), Stilleweg 2, Hannover, D-30655, Germany; Institute of Geophysics, University of Münster (WWU), Corrensstr. 24, Münster, D-48149, Germany; Leibniz Institute of Photonic Technology (Leibniz IPHT), Albert-Einstein-Straße 9, Jena, D-07745, Germany; Institute of Geophysics and Meteorology, University of Cologne (UoC), Pohligstr. 3, Köln, D-50969, Germany; Leibniz Institute for Applied Geophysics (LIAG), Stilleweg 2, Hannover, D-30655, Germany; Technische Bergakademie Freiberg (TUBAF), Bernhard-v.-Cotta-Str. 2, Freiberg, D-09599, Germany; Istituto Nazionale di Oceanografia e di Geofisica Sperimentale (OGS), via Beirut 2, Trieste, 34014, Italy","Steuer A., Federal Institute for Geosciences and Natural Resources (BGR), Stilleweg 2, Hannover, D-30655, Germany; Smirnova M., Institute of Geophysics, University of Münster (WWU), Corrensstr. 24, Münster, D-48149, Germany; Becken M., Institute of Geophysics, University of Münster (WWU), Corrensstr. 24, Münster, D-48149, Germany; Schiffler M., Leibniz Institute of Photonic Technology (Leibniz IPHT), Albert-Einstein-Straße 9, Jena, D-07745, Germany; Günther T., Leibniz Institute for Applied Geophysics (LIAG), Stilleweg 2, Hannover, D-30655, Germany; Rochlitz R., Leibniz Institute for Applied Geophysics (LIAG), Stilleweg 2, Hannover, D-30655, Germany; Yogeshwar P., Institute of Geophysics and Meteorology, University of Cologne (UoC), Pohligstr. 3, Köln, D-50969, Germany; Mörbe W., Institute of Geophysics and Meteorology, University of Cologne (UoC), Pohligstr. 3, Köln, D-50969, Germany; Siemon B., Federal Institute for Geosciences and Natural Resources (BGR), Stilleweg 2, Hannover, D-30655, Germany; Costabel S., Federal Institute for Geosciences and Natural Resources (BGR), Stilleweg 2, Hannover, D-30655, Germany; Preugschat B., Federal Institute for Geosciences and Natural Resources (BGR), Stilleweg 2, Hannover, D-30655, Germany; Ibs-von Seht M., Federal Institute for Geosciences and Natural Resources (BGR), Stilleweg 2, Hannover, D-30655, Germany; Zampa L.S., Federal Institute for Geosciences and Natural Resources (BGR), Stilleweg 2, Hannover, D-30655, Germany, Istituto Nazionale di Oceanografia e di Geofisica Sperimentale (OGS), via Beirut 2, Trieste, 34014, Italy; Müller F., Technische Bergakademie Freiberg (TUBAF), Bernhard-v.-Cotta-Str. 2, Freiberg, D-09599, Germany","In the framework of the Deep Electromagnetic Sounding for Mineral EXploration (DESMEX) project, we carried out multiple geophysical surveys from regional to local scales in a former mining area in the state of Thuringia, Germany. We prove the applicability of newly developed semi-airborne electromagnetic (EM) systems for mineral exploration by cross-validating inversion results with those of established airborne and ground-based investigation techniques. In addition, supporting petrophysical and geological information to our geophysical measurements allowed the synthesis of all datasets over multiple scales. An initial regional-scale reconnaissance survey was performed with BGR's standard helicopter-borne geophysical system deployed with frequency-domain electromagnetic (HEM), magnetic and radiometric sensors. In addition to geological considerations, the HEM results served as base-line information for the selection of an optimal location for the intermediate-scale semi-airborne EM experiments. The semi-airborne surveys utilized long grounded transmitters and two independent airborne receiver instruments: induction coil magnetometers and SQUID sensors. Due to the limited investigation depth of the HEM method, local-scale electrical resistivity tomography (ERT) and long-offset transient electromagnetic (LOTEM) measurements were carried out on a reference profile, enabling the validation of inversion results at greater depths. The comparison of all inversion results provided a consistent overall resistivity distribution. It further confirmed that both semi-airborne receiver instruments achieve the bandwidth and sensitivity required for the investigation of the resistivity structure down to 1 km depth and therewith the detection of deeply seated earth resources. A 3D geological model, lithological and geophysical borehole logs as well as petrophysical investigations were integrated to interpret of the geophysical results. Distinct highly-conductive anomalies with resistivities of less than 10 Ωm were identified as alum shales over all scales. Apart from that, the petrophysical investigations exhibited that correlating geophysical and geological information using only one single parameter, such as the electrical resistivity, is hardly possible. Therefore, we developed a first approach based on clustering methods and self-organizing maps (SOMs) that allowed us to assign geological units at the surface to a given combination of geophysical and petrophysical parameters, obtained on different scales. © 2020 The Authors","Airborne electromagnetics; Electrical conductivity; Electrical resistivity tomography; Long-offset transient electromagnetics; Petrophysics; Self-organizing maps; Semi-airborne electromagnetics","Germany; 3D modeling; Conformal mapping; Electric conductivity; Frequency domain analysis; Lithology; Magnetometers; Mineral exploration; Petrophysics; Self organizing maps; Surveys; Airborne electromagnetic; Electrical resistivity tomography; Electromagnetic soundings; Induction coil magnetometers; Petrophysical parameters; Resistivity distributions; Self organizing maps(soms); Transient electromagnetics; airborne survey; comparative study; data set; electrical conductivity; electrical resistivity; electromagnetic method; magnetometer; Electromagnetic logging","A. Steuer; Federal Institute for Geosciences and Natural Resources (BGR), Hannover, Stilleweg 2, D-30655, Germany; email: annika.steuer@bgr.de","","Elsevier B.V.","09269851","","","","English","J. Appl. Geophys.","Article","Final","All Open Access; Hybrid Gold Open Access","Scopus","2-s2.0-85086756483"
"Blake S.; Henry T.; Murray J.; Flood R.; Muller M.R.; Jones A.G.; Rath V.","Blake, Sarah (56800095200); Henry, Tiernan (37665059000); Murray, John (55730238300); Flood, Rory (57194069749); Muller, Mark R. (36504798000); Jones, Alan G. (7407105442); Rath, Volker (55833569900)","56800095200; 37665059000; 55730238300; 57194069749; 36504798000; 7407105442; 55833569900","Compositional multivariate statistical analysis of thermal groundwater provenance: A hydrogeochemical case study from Ireland","2016","Applied Geochemistry","75","","","171","188","74","10.1016/j.apgeochem.2016.05.008","https://www.scopus.com/pages/publications/84976493453?origin=resultslist","Dublin Institute for Advanced Studies, Ireland; Earth and Ocean Sciences, National University of Ireland, Galway, Ireland; School of Geography, Archaeology and Palaeoecology, Queen's University Belfast, United Kingdom; Independent Geophysical Consultant, Cambridge, United Kingdom","Blake S., Dublin Institute for Advanced Studies, Ireland, Earth and Ocean Sciences, National University of Ireland, Galway, Ireland; Henry T., Earth and Ocean Sciences, National University of Ireland, Galway, Ireland; Murray J., Earth and Ocean Sciences, National University of Ireland, Galway, Ireland; Flood R., School of Geography, Archaeology and Palaeoecology, Queen's University Belfast, United Kingdom; Muller M.R., Independent Geophysical Consultant, Cambridge, United Kingdom; Jones A.G., Dublin Institute for Advanced Studies, Ireland; Rath V., Dublin Institute for Advanced Studies, Ireland","Thermal groundwater is currently being exploited for district-scale heating in many locations world-wide. The chemical compositions of these thermal waters reflect the provenance and circulation patterns of the groundwater, which are controlled by recharge, rock type and geological structure. Exploring the provenance of these waters using multivariate statistical analysis (MSA) techniques increases our understanding of the hydrothermal circulation systems, and provides a reliable tool for assessing these resources. Hydrochemical data from thermal springs situated in the Carboniferous Dublin Basin in east-central Ireland were explored using MSA, including hierarchical cluster analysis (HCA) and principal component analysis (PCA), to investigate the source aquifers of the thermal groundwaters. To take into account the compositional nature of the hydrochemical data, compositional data analysis (CoDa) techniques were used to process the data prior to the MSA. The results of the MSA were examined alongside detailed time-lapse temperature measurements from several of the springs, and indicate the influence of three important hydrogeological processes on the hydrochemistry of the thermal waters: 1) salinity and increased water-rock interaction; 2) dissolution of carbonates; and 3) dissolution of sulfides, sulfates and oxides associated with mineral deposits. The use of MSA within the CoDa framework identified subtle temporal variations in the hydrochemistry of the thermal springs, which could not be identified with more traditional graphing methods, or with a standard statistical approach. The MSA was successful in distinguishing different geological settings and different annual behaviours within the group of springs. This study demonstrates the usefulness of the application of MSA within the CoDa framework in order to better understand the underlying controlling processes governing the hydrochemistry of a group of thermal springs in a low-enthalpy setting. © 2016 Elsevier Ltd","Compositional data analysis; Hydrochemistry; Ireland; Low-enthalpy geothermal; Principal component analysis; Thermal springs","County Dublin; Dublin [County Dublin]; Ireland; Leinster; Aquifers; Chemical analysis; Cluster analysis; Data handling; Dissolution; Electron emission; Enthalpy; Geology; Geothermal springs; Groundwater; Groundwater geochemistry; Groundwater resources; Hierarchical systems; Hydrogeology; Information analysis; Mineral resources; Mineral springs; Minerals; Multivariant analysis; Principal component analysis; Process control; Recharging (underground waters); Springs (components); Statistical methods; Temperature measurement; Chemical compositions; Compositional data analysis; Hierarchical cluster analysis; Hydrothermal circulation; Ireland; Low enthalpies; Multivariate statistical analysis; Water rock interactions; aquifer; Carboniferous; chemical composition; data assimilation; geothermal system; groundwater; hydrogeochemistry; hydrothermal circulation; multivariate analysis; principal component analysis; provenance; thermal spring; water-rock interaction; Hydrochemistry","S. Blake; Dublin Institute for Advanced Studies, Dublin, 5 Merrion Square, Ireland; email: sblake@cp.dias.ie","","Elsevier Ltd","08832927","","APPGE","","English","Appl. Geochem.","Article","Final","All Open Access; Bronze Open Access; Green Open Access","Scopus","2-s2.0-84976493453"
"Karimpouli S.; Kwiatek G.; Martínez-Garzón P.; Dresen G.; Bohnhoff M.","Karimpouli, Sadegh (36194812300); Kwiatek, Grzegorz (55933228200); Martínez-Garzón, Patricia (55788035100); Dresen, Georg (6701789946); Bohnhoff, Marco (6603172417)","36194812300; 55933228200; 55788035100; 6701789946; 6603172417","Unsupervised clustering of catalogue-driven features for characterizing temporal evolution of labquake stress","2024","Geophysical Journal International","237","2","","755","771","20","10.1093/gji/ggae071","https://www.scopus.com/pages/publications/85187132657?origin=resultslist","Helmholtz Centre Potsdam, GFZ German Research Centre for Geosciences, Potsdam, 14473, Germany; Institute of Earth and Environmental Sciences, Universität Potsdam, Potsdam, 14476, Germany; Department of Earth Sciences, Free University Berlin, Berlin, 14195, Germany","Karimpouli S., Helmholtz Centre Potsdam, GFZ German Research Centre for Geosciences, Potsdam, 14473, Germany; Kwiatek G., Helmholtz Centre Potsdam, GFZ German Research Centre for Geosciences, Potsdam, 14473, Germany; Martínez-Garzón P., Helmholtz Centre Potsdam, GFZ German Research Centre for Geosciences, Potsdam, 14473, Germany; Dresen G., Helmholtz Centre Potsdam, GFZ German Research Centre for Geosciences, Potsdam, 14473, Germany, Institute of Earth and Environmental Sciences, Universität Potsdam, Potsdam, 14476, Germany; Bohnhoff M., Helmholtz Centre Potsdam, GFZ German Research Centre for Geosciences, Potsdam, 14473, Germany, Department of Earth Sciences, Free University Berlin, Berlin, 14195, Germany","Earthquake forecasting poses significant challenges, especially due to the elusive nature of stress states in fault systems. To tackle this problem, we use features derived from seismic catalogues obtained from acoustic emission (AE) signals recorded during triaxial stick-slip experiments on natural fractures in three Westerly granite samples. We extracted 47 physically explainable features from AE data that described spatio-temporal evolution of stress and damage in the vicinity of the fault surface. These features are then subjected to unsupervised clustering using the K-means method, revealing three distinct stages with a proper agreement with the temporal evolution of stress. The recovered stages correspond to the mechanical behaviour of the rock, characterized as initial stable (elastic) deformation, followed by a transitional stage leading to an unstable deformation prior to failure. Notably, AE rate, clustering-localization features, fractal dimension, b-value, interevent time distribution, and correlation integral are identified as significant features for the unsupervised clustering. The systematically evolving stages can provide valuable insights for characterizing preparatory processes preceding earthquake events associated with geothermal activities and waste-water injections. In order to address the upscaling issue, we propose to use the most important features and, in case of normalization challenge, removing non-universal features, such as AE rate. Our findings hold promise for advancing earthquake prediction methodologies based on laboratory experiments and catalogue-driven features. ©C The Author(s) 2024. Published by Oxford University Press on behalf of The Royal Astronomical Society. This is an Open Access.","Acoustic properties; Earthquake interaction; forecasting; Machine learning; prediction","Acoustic emission testing; Acoustic emissions; Acoustic properties; Earthquakes; Fault slips; Fractal dimension; K-means clustering; Machine learning; Slip forming; Stick-slip; Acoustic-emissions; Acoustics property; Earthquake forecasting; Earthquake interaction; Emissions rates; Fault system; Machine-learning; Stress state; Temporal evolution; Unsupervised clustering; cluster analysis; earthquake; earthquake prediction; forecasting method; machine learning; prediction; stick-slip; stress; temporal variation; Forecasting","","","Oxford University Press","0956540X","","","","English","Geophys. J. Int.","Article","Final","All Open Access; Gold Open Access; Green Open Access","Scopus","2-s2.0-85187132657"
"Nivlet P.","Nivlet, P. (6505940658)","6505940658","Uncertainties in seismic facies analysis for reservoir characterisation or monitoring: Causes and consequences","2007","Oil and Gas Science and Technology","62","2 SPECIAL ISSUE","","225","235","12","10.2516/ogst:2007019","https://www.scopus.com/pages/publications/34249040202?origin=resultslist","Institut Français du Pétrole, IFP, 92852 Rueil-Malmaison Cedex, 1-4 avenue de Bois-Préau, France","Nivlet P., Institut Français du Pétrole, IFP, 92852 Rueil-Malmaison Cedex, 1-4 avenue de Bois-Préau, France","Multivariate probabilistic pattern recognition methods such as discriminant analysis are powerful for interpreting seismic data in terms of reservoir properties. They consist of calibrating a mathematical relationship between local seismic information (seismic voxels or pieces of traces extracted at a reservoir level), characterised by a set of measurements, named seismic attributes, and a pre-defined set of classes, named seismic facies. In the context of seismic reservoir characterisation, this methodology provides a map or a volume of most probable facies, which describes the main reservoir heterogeneities. During the last decade, another application of this technique to the interpretation of 4D seismic data has also emerged: in this case, each seismic vintage is interpreted in terms of seismic facies, and differences in the interpretation of one vintage from another are correlated a posteriori to production effects such as fluid substitutions or pressure variations. As a probabilistic method, discriminant analysis allows the evaluation, at least partly, of uncertainty associated with seismic facies interpretation, and assignment probabilities computed by the methodology are a measure of the confidence of the interpretation. However, this uncertainty evaluation is only partial. In this paper, we will describe three other aspects of uncertainties, which are not correctly handled by classical discriminant analysis. The first aspect is linked with measurement errors. To propagate this type of error in seismic facies analysis, we have had to develop a methodology based on a combination of discriminant analysis and interval analysis. The other two aspects of uncertainty are linked with the interpretation of seismic facies. Due to the difference in resolution between seismic data in real reservoir heterogeneities, one seismic facies may correspond to several different fine-scale geological or dynamic scenarios. We will show in this paper how pseudo-well methodology, as well as seismic modelling (in the context of 4D interpretation) can help address this issue. Copyright © 2007, Institut français du pétrole.","","Discriminant analysis; Mathematical models; Petroleum reservoirs; Probability; Seismic prospecting; Seismology; Discriminant analysis; Mathematical models; Probability; Seismic prospecting; Seismology; facies analysis; reservoir characterization; seismic data; seismic method; uncertainty analysis; Reservoir heterogeneity; Seismic facies analysis; Seismic modelling; Petroleum reservoirs","P. Nivlet; Institut Français du Pétrole, IFP, 92852 Rueil-Malmaison Cedex, 1-4 avenue de Bois-Préau, France; email: pniv@statoil.com","","","12944475","","RFPTB","","English","Oil Gas Sci. Technol.","Article","Final","All Open Access; Gold Open Access","Scopus","2-s2.0-34249040202"
"Syed I.; Chen S.; Peeler D.J.; McKay P.F.; Briones-Orta M.A.; Bohn J.A.; Shattock R.J.; Gonçalves-Carneiro D.","Syed, Ibrahim (60210224000); Chen, Sheng (60210343300); Peeler, David J. (57188841715); McKay, Paul F. (35936124200); Briones-Orta, Marco A. (60121451100); Bohn, Jennifer A. (56875271700); Shattock, Robin J. (7003670939); Gonçalves-Carneiro, Daniel (57193605149)","60210224000; 60210343300; 57188841715; 35936124200; 60121451100; 56875271700; 7003670939; 57193605149","SPRY domains encode ubiquitin ligase specificity for ZAP and RIG-I","2026","PLOS Pathogens","22","5 May","e1014195","","","1","10.1371/journal.ppat.1014195","https://www.scopus.com/pages/publications/105039191985?origin=resultslist","Department of Infectious Diseases, Faculty of Medicine, Imperial College London, London, United Kingdom; Department of Physiology, Anatomy and Genetics, Department of Engineering Science, Kavli Institute for Nanoscience Discovery, University of Oxford, Oxford, United Kingdom; RockEDU Science Outreach, The Rockefeller University, New York, NY, United States","Syed I., Department of Infectious Diseases, Faculty of Medicine, Imperial College London, London, United Kingdom; Chen S., Department of Infectious Diseases, Faculty of Medicine, Imperial College London, London, United Kingdom; Peeler D.J., Department of Infectious Diseases, Faculty of Medicine, Imperial College London, London, United Kingdom, Department of Physiology, Anatomy and Genetics, Department of Engineering Science, Kavli Institute for Nanoscience Discovery, University of Oxford, Oxford, United Kingdom; McKay P.F., Department of Infectious Diseases, Faculty of Medicine, Imperial College London, London, United Kingdom; Briones-Orta M.A., Department of Infectious Diseases, Faculty of Medicine, Imperial College London, London, United Kingdom; Bohn J.A., RockEDU Science Outreach, The Rockefeller University, New York, NY, United States; Shattock R.J., Department of Infectious Diseases, Faculty of Medicine, Imperial College London, London, United Kingdom; Gonçalves-Carneiro D., Department of Infectious Diseases, Faculty of Medicine, Imperial College London, London, United Kingdom","Innate immune sensors rely on ubiquitin ligases to calibrate antiviral responses, yet the rules governing substrate recognition by SPRY-containing ligases remain poorly defined. Here, we establish a large-scale structure-based screening pipeline using AlphaFold to systematically predict interactions between human nucleic acid sensors and SPRY-containing proteins. Our approach uncovered novel transient or degradation-sensitive interactions that are typically missed by proteomic methods, including a labile TRIM58-OAS1 complex. We show that SPRY domains dictate substrate specificity: TRIM25 preferentially engages ZAP, whereas Riplet favors RIG-I. Domain-swapping experiments demonstrated that SPRY domains are sufficient to reprogram ligase specificity and antiviral activity. Phylogenetic and structural analyses revealed that TRIM25 and Riplet evolved from a common ancestor but diverged in coiled-coil architecture and oligomeric state, while retaining conserved substrate preferences. Residue-level modeling identified hypervariable SPRY loops as critical determinants of recognition, a prediction validated by targeted mutagenesis of the TRIM25-ZAP interface. Finally, we show that distinct SPRY-containing ligases surveil self-amplifying RNA (saRNA) vaccines: Riplet-RIG-I primarily responds when RNA is delivered by lipofection, whereas TRIM25-ZAP is engaged upon lipid nanoparticle delivery, with functional consequences for vaccine expression. Together, these findings demonstrate that SPRY domains encode recognition logic for ubiquitin ligases, that AlphaFold enables discovery of otherwise hidden interactions and that these principles have direct implications for RNA-based therapeutics. enzymes that tune the activity, stability and localization of antiviral proteins. However, it has remained unclear how these ligases selectively recognize the correct immune targets. Here, we used a large-scale AlphaFold-based structural screening strategy to identify interactions between human nucleic acid sensors and SPRY-containing proteins, a relatively poorly understood group of immune regulators. This approach revealed interactions that are difficult to detect experimentally because they are transient or unstable. We found that SPRY domains determine which antiviral sensors are recognized by different ligases, and that swapping these domains is sufficient to redirect immune specificity and function. We also identified key structural features that control this recognition. These findings are important because they explain a fundamental mechanism by which innate immunity is both activated and restrained. They also show how structure-based prediction can uncover hidden regulatory interactions with direct relevance for RNA-based therapeutics, including self-amplifying RNA vaccines, whose activity is shaped by the way innate immune sensors detect them. © 2026 Syed et al. This is an open access article distributed under the terms of the Creative Commons Attribution License, which permits unrestricted use, distribution, and reproduction in any medium, provided the original author and source are credited.","","B30.2-SPRY Domain; DEAD Box Protein 58; HEK293 Cells; Humans; Immunity, Innate; Receptors, Immunologic; Substrate Specificity; Transcription Factors; Tripartite Motif Proteins; Ubiquitin-Protein Ligases; lipid nanoparticle; protein kinase; retinoic acid inducible protein I; RNA vaccine; ryanodine receptor; self amplifying RNA vaccine; short hairpin RNA; small interfering RNA; SPla kinase; STAT1 protein; tripartite motif containing protein 25; tripartite motif protein; ubiquitin protein ligase; unclassified drug; zinc finger protein; immunoglobulin receptor; retinoic acid inducible protein I; RIGI protein, human; transcription factor; TRIM25 protein, human; tripartite motif protein; ubiquitin protein ligase; A-549 cell line; Alligator mississippiensis; amino acid sequence; animal cell; animal experiment; animal model; animal tissue; antiviral activity; Article; cell culture; chromatin immunoprecipitation; cloning; coimmunoprecipitation; enzyme specificity; Eptesicus fuscus; Escherichia coli; fluorescence intensity; gene expression; gene knockdown; genetic transduction; genetic transfection; HEK293T cell line; human; human cell; immune response; in vitro study; innate immunity; luciferase assay; maximum likelihood method; mouse; multiplicity of infection; Mus musculus; nonhuman; open reading frame; phylogeny; plasmid; polyacrylamide gel electrophoresis; polymerase chain reaction; prediction; protein cross linking; protein structure; PRY-SPRY domain; real time polymerase chain reaction; rhabdomyosarcoma cell line; RNA transcription; site directed mutagenesis; structure analysis; synteny; virus infection; Western blotting; zeta potential; chemistry; enzyme specificity; genetics; HEK293 cell line; metabolism","D. Gonçalves-Carneiro; Department of Infectious Diseases, Faculty of Medicine, Imperial College London, London, United Kingdom; email: d.goncalves-carneiro@imperial.ac.uk","","Public Library of Science","15537366","","","42102160","English","Plos Pathog.","Article","Final","All Open Access; Gold Open Access; Green Open Access","Scopus","2-s2.0-105039191985"
"Patrikei A.; Cuberek R.; Halfar R.; Martinovič T.","Patrikei, Andrii (60513494500); Cuberek, Roman (36169272200); Halfar, Radek (57205026736); Martinovič, Tomáš (57190291307)","60513494500; 36169272200; 57205026736; 57190291307","Essential time series characteristics for human motion analysis based on Self-Organizing Map clustering","2026","Acta Gymnica","56","","e2026.004","","","0","10.5507/ag.2026.004","https://www.scopus.com/pages/publications/105033062946?origin=resultslist","IT4Innovations, VSB – Technical University of Ostrava, Ostrava, Czech Republic; Institute of Active Lifestyle, Faculty of Physical Culture, Palacký University Olomouc, Olomouc, Czech Republic","Patrikei A., IT4Innovations, VSB – Technical University of Ostrava, Ostrava, Czech Republic; Cuberek R., Institute of Active Lifestyle, Faculty of Physical Culture, Palacký University Olomouc, Olomouc, Czech Republic; Halfar R., IT4Innovations, VSB – Technical University of Ostrava, Ostrava, Czech Republic; Martinovič T., IT4Innovations, VSB – Technical University of Ostrava, Ostrava, Czech Republic","Background: Accurate classification of physical exercise is essential for individualised training and rehabilitation. Self-Organizing Maps (SOM) offer a data-driven way to cluster movement patterns. Objective: To extract the most informative acceleration- and angular-velocity features from children’s movements and use SOM to build a map and visualize the similarity structure among exercises based on trunk dynamics. Methods: Eighty-one children (9–11 years) performed eight dynamic tasks while 3-D accelerometers and gyroscopes recorded kinematics. The performed tasks are Shuttle Run, Crawling, Progressive Cone Shuttle Run, Ring Collection and Placement Run, 10x Position Change Drill, 10x Head-to-Foot Hoop Crawl, 10x Bench Jumping, Crawling (repeat). Data were collected in a single session using one back-mounted inertial sensor; the SOM solution with seven super-clusters yielded a mean Silhouette width of 0.36, indicating moderate cluster separation. Time series (records) were described with Recurrence Quantification Analysis, autocorrelation and Fourier transforms. XGBoost selected 27 key features that guided SOM optimisation and clustering. Results: With 27 optimised features, the SOM exceeded 90% accuracy and organised the seven movement tasks, including one repeated task, into seven coherent clusters. For instance, 10x Head-to-Foot Hoop Crawl and 4x 10m Shuttle Run exercises were found to differ primarily due to the presence of locomotion and rapid acceleration changes in the latter, while the former exhibited higher angular velocity during trunk bending. 10x Position Change Drill exercise was characterized by dynamic transitions between standing, prone, and supine positions, whereas Crawling exercise involved steady, low acceleration movements. Conclusions: Advanced feature extraction combined with XGBoost-guided selection yields a compact, informative descriptor set that enables SOM to map children’s exercises with high accuracy. This workflow offers a practical, data-driven approach to mapping and organizing exercises based on similarity in trunk dynamics, rather than a discrete classification. © 2026 The Author(s).","accelerometer; children; classification; feature extraction; gyroscope; physical exercise","","R. Halfar; IT4Innovations, VSB – Technical University of Ostrava, Ostrava, Czech Republic; email: radek.halfar@vsb.cz","","Palacky University Olomouc","23364912","","","","English","Acta Gymnica","Article","Final","All Open Access; Gold Open Access","Scopus","2-s2.0-105033062946"
"Chakravarty A.; Misra S.","Chakravarty, Aditya (57200503985); Misra, Siddharth (57184921700)","57200503985; 57184921700","Unsupervised learning from three-component accelerometer data to monitor the spatiotemporal evolution of meso-scale hydraulic fractures","2022","International Journal of Rock Mechanics and Mining Sciences","151","","105046","","","22","10.1016/j.ijrmms.2022.105046","https://www.scopus.com/pages/publications/85124286960?origin=resultslist","Harold Vance Department of Petroleum Engineering, College of Engineering, Texas A&M University, College Station, TX, United States; Department of Geology and Geophysics, College of Geosciences, Texas A&M University, College Station, TX, United States","Chakravarty A., Harold Vance Department of Petroleum Engineering, College of Engineering, Texas A&M University, College Station, TX, United States; Misra S., Harold Vance Department of Petroleum Engineering, College of Engineering, Texas A&M University, College Station, TX, United States, Department of Geology and Geophysics, College of Geosciences, Texas A&M University, College Station, TX, United States","Enhanced geothermal systems can provide a substantial share of the global energy demand. There exist several hurdles in the engineering implementations of such geothermal systems. One such hurdle is the accurate monitoring of the fracture networks created in subsurface through hydraulic stimulation of these systems. Micro seismicity associated with the stimulation is the primary means to locate the event hypocenters for estimating the stimulated rock volume. Existing methods for location the hypocenters are restricted to only the highest amplitude impulsive signals that are simultaneously detected on several sensors. Consequently, a large portion (usually ∼99%) of the measurements are left unused. In this paper, an unsupervised manifold-approximation followed by clustering of 3-component accelerometer data is used to analyze the seismicity recorded on a monitoring well. With this method, a larger portion of the measured signal is used for the monitoring of the hydraulic fracture network. We analyze the EGS Collab experiment 1 microseismic data, recorded at the Sanford Underground Research Facility, South Dakota. Using the data from a single three-component accelerometer, the polarization features viz. Azimuth, incidence, rectilinearity, and planarity are used as inputs for the unsupervised manifold approximation followed by clustering. Our study shows that density-based clusters in the projected 3D space correspond to distinct types of hydraulically fractured zones around the injection point. We show that the temporal evolution of these clusters can be used to track fracture creation and propagation. © 2022 Elsevier Ltd","Feature engineering; Hydraulic fracturing; Induced seismicity; Micro-seismic monitoring; Unsupervised learning","South Dakota; United States; Accelerometers; Fracture; Geothermal fields; Microseismic monitoring; Unsupervised learning; Accelerometer data; Clusterings; Enhanced geothermal systems; Feature engineerings; Fracture network; Global energy demand; Hypocentre; Meso scale; Spatiotemporal evolution; Three-component; accelerometer; fracture propagation; hydraulic fracturing; induced seismicity; machine learning; monitoring; seismic data; temporal evolution; Hydraulic fracturing","A. Chakravarty; Harold Vance Department of Petroleum Engineering, College of Engineering, Texas A&M University, College Station, United States; email: aditya.chakravarty@tamu.edu","","Elsevier Ltd","13651609","","IRMGB","","English","Int. J. Rock Mech. Min. Sci.","Article","Final","All Open Access; Bronze Open Access; Green Open Access","Scopus","2-s2.0-85124286960"
"Zhu G.; Gerya T.V.; Yuen D.A.; Honda S.; Yoshida T.; Connolly J.A.D.","Zhu, Guizhi (7402633345); Gerya, Taras V. (7003701980); Yuen, David A. (36039865100); Honda, Satoru (7402362119); Yoshida, Takeyoshi (7501318074); Connolly, James A. D. (7401794915)","7402633345; 7003701980; 36039865100; 7402362119; 7501318074; 7401794915","Three-dimensional dynamics of hydrous thermal-chemical plumes in oceanic subduction zones","2009","Geochemistry, Geophysics, Geosystems","10","11","Q11006","","","91","10.1029/2009GC002625","https://www.scopus.com/pages/publications/72049132638?origin=resultslist","Department of Geoscience, ETH Zurich, CH-8092 Zurich, Switzerland; Geology Department, Moscow State University, 119899 Moscow, Russian Federation; Department of Geology, University of Minnesota, Minneapolis, MN 55455-0219, United States; Earthquake Research Institute, University of Tokyo, Tokyo 113-0032, Japan; Institute of Mineralogy, Petrology and Economic Geology, Graduate School of Science, Tohoku University, Sendai 980-8578, Japan","Zhu G., Department of Geoscience, ETH Zurich, CH-8092 Zurich, Switzerland; Gerya T.V., Department of Geoscience, ETH Zurich, CH-8092 Zurich, Switzerland, Geology Department, Moscow State University, 119899 Moscow, Russian Federation; Yuen D.A., Department of Geology, University of Minnesota, Minneapolis, MN 55455-0219, United States; Honda S., Earthquake Research Institute, University of Tokyo, Tokyo 113-0032, Japan; Yoshida T., Institute of Mineralogy, Petrology and Economic Geology, Graduate School of Science, Tohoku University, Sendai 980-8578, Japan; Connolly J.A.D., Department of Geoscience, ETH Zurich, CH-8092 Zurich, Switzerland","Hydration and partial melting along subducting slabs can trigger Rayleigh-Taylor-like instabilities. We use 3-D petrological-thermomechanical numerical simulations to investigate small-scale convection and hydrous, partially molten, cold plumes formed in the mantle wedge in response to slab dehydration. The simulations were carried out with the I3ELVIS code, which is based on a multigrid approach combined with marker-in-cell methods and conservative finite difference schemes. Our numerical simulations show that three types of plumes occur above the slab-mantle interface: (1) finger-like plumes that form sheet-like structure parallel to the trench, (2) ridge-like structures perpendicular to the trench, and (3) flattened wavelike instabilities propagating upward along the upper surface of the slab and forming zigzag patterns parallel to the trench. The viscosity of the plume material is the main factor controlling the geometry of the plumes. Our results show that lower viscosity of the partially molten rocks facilitates the Rayleigh-Taylorlike instabilities with small wavelengths. In particular, in low-viscosity models (1018-1019 Pa s) the typical spacing of finger-like plumes is about 30-45 km, while in high-viscosity models (1020-10 21 Pa s) plumes become rather sheet-like, and the spacing between them increases to 70-100 km. Water released from the slab forms a low-viscosity wedge with complex 3-D geometries. The computed spatial and temporal pattern of melt generation intensity above the slab is compared to the distribution and ages of volcanoes in the northeast Japan. Based on the similarity of the patterns we suggest that specific clustering of volcanic activity in this region could be potentially related to the activity of thermal-chemical plumes. © 2009 by the American Geophysical Union.","3-D thermal-chemical plumes; Japanese volcanism; Subduction zone","","G. Zhu; Department of Geoscience, ETH Zurich, CH-8092 Zurich, Switzerland; email: guizhi.zhu@erdw.ethz.ch","","","15252027","","","","English","Geochem. Geophys. Geosyst.","Article","Final","All Open Access; Bronze Open Access","Scopus","2-s2.0-72049132638"
"Liu Z.; Zhu Y.; Zhang Z.; Zhang T.","Liu, Zewei (60346913100); Zhu, Yuanchen (59664993600); Zhang, Zhigang (58259675100); Zhang, Tao (57221156059)","60346913100; 59664993600; 58259675100; 57221156059","Research on Vibration Signal Processing and Fault Diagnosis Algorithms for High-Pressure Quintuplex Pumps","2026","Sensors","26","15","4917","","","1","10.3390/s26154917","https://www.scopus.com/pages/publications/105047151829?origin=resultslist","School of Mechanical Engineering, Sichuan University, Chengdu, 610065, China","Liu Z., School of Mechanical Engineering, Sichuan University, Chengdu, 610065, China; Zhu Y., School of Mechanical Engineering, Sichuan University, Chengdu, 610065, China; Zhang Z., School of Mechanical Engineering, Sichuan University, Chengdu, 610065, China; Zhang T., School of Mechanical Engineering, Sichuan University, Chengdu, 610065, China","High-pressure quintuplex pumps are key components in oil and gas drilling systems, but their fault diagnosis remains challenging due to severe inter-cylinder vibration crosstalk, operating-condition variability, and limited labeled samples. To address these issues, this paper proposes an integrated vibration-based diagnostic framework, termed VICA-DA-ViT. First, a VMD–FastICA-based blind source separation strategy is used to suppress inter-cylinder crosstalk and extract more discriminative vibration components from mixed signals. Then, angular-domain resampling and normalization are applied to reduce speed-induced non-stationarity and improve cycle consistency. The processed one-dimensional signals are further converted into two-dimensional GAF–RP representations, where GAF captures global temporal correlations and RP provides complementary recurrence information. Finally, a ViT-based domain-adaptive diagnostic framework is constructed for unsupervised cross-condition diagnosis by integrating domain-adversarial pretraining, weighted bidirectional sample pairing, and Gaussian-mixture-based confidence filtering around a standard Vision Transformer backbone. Rather than modifying the internal architecture of ViT, the proposed framework improves cross-condition generalization by combining signal decoupling, angular-domain alignment, and domain-adaptation strategies for high-pressure quintuplex pump fault diagnosis. Experiments on a quintuplex pump dataset under multiple operating conditions show that the proposed framework achieves an average cross-condition accuracy of 87.42%, outperforming CD-Trans by 11.94%. These results demonstrate that VICA-DA-ViT can effectively improve the robustness of small-sample cross-condition fault diagnosis for high-pressure quintuplex pumps. © 2026 by the authors.","angular-domain resampling; blind source separation; fault diagnosis; Gramian Angular Field; quintuplex pumps; recurrence plot; unsupervised cross-condition diagnosis; vision transformer","Crosstalk; Diagnosis; Electric fault currents; Fault detection; Gaussian distribution; Oil well drilling; Pumps; Sampling; Strain measurement; Angular domain; Angular field; Angular-domain resampling; Condition; Faults diagnosis; Gramian angular field; Gramians; Quintuplex pump; Recurrence plot; Resampling; Unsupervised cross-condition diagnose; Vision transformer; algorithm; article; blind source separation; clinical article; controlled study; diagnosis; diagnostic test accuracy study; drill; filtration; human; hyperbaric pressure; pump; recurrent disease; signal processing; velocity; vibration; Blind source separation; Failure analysis","Z. Zhang; School of Mechanical Engineering, Sichuan University, Chengdu, 610065, China; email: zhigangzhang@stu.scu.edu.cn","","Multidisciplinary Digital Publishing Institute (MDPI)","14248220","","","42590691","English","Sensors","Article","Final","All Open Access; Gold Open Access; Green Open Access","Scopus","2-s2.0-105047151829"
"Ma Y.; Ma C.; Liu P.; Yang J.; Wang Y.; Zhu Y.; Du X.","Ma, Yan (57198591455); Ma, Caihong (55268105300); Liu, Peng (57075315400); Yang, Jin (59846861700); Wang, Yuzhu (57188660185); Zhu, Yueqin (36702385700); Du, Xiaoping (56506043800)","57198591455; 55268105300; 57075315400; 59846861700; 57188660185; 36702385700; 56506043800","Spatial-temporal distribution analysis of industrial heat sources in the us with geocoded, tree-based, large-scale clustering","2020","Remote Sensing","12","18","3069","","","8","10.3390/rs12183069","https://www.scopus.com/pages/publications/85094163236?origin=resultslist","Aerospace Information Research Institute, Chinese Academy of Sciences, Beijing, 100094, China; School of Information Engineering, China University of Geosciences, Beijing, 100083, China; Development Research Center of China Geological Surve, Beijing, 100037, China; No.9 Dengzhuang South Road, Haidian District, Beijing, 100094, China","Ma Y., Aerospace Information Research Institute, Chinese Academy of Sciences, Beijing, 100094, China, No.9 Dengzhuang South Road, Haidian District, Beijing, 100094, China; Ma C., Aerospace Information Research Institute, Chinese Academy of Sciences, Beijing, 100094, China; Liu P., Aerospace Information Research Institute, Chinese Academy of Sciences, Beijing, 100094, China; Yang J., Aerospace Information Research Institute, Chinese Academy of Sciences, Beijing, 100094, China; Wang Y., School of Information Engineering, China University of Geosciences, Beijing, 100083, China; Zhu Y., Development Research Center of China Geological Surve, Beijing, 100037, China; Du X., Aerospace Information Research Institute, Chinese Academy of Sciences, Beijing, 100094, China","Heavy industrial burning contributes significantly to the greenhouse gas (GHG) emissions. It is responsible for almost one-quarter of the global energy-related CO2 emissions and its share continues to grow. Mostly, those industrial emissions are accompanied by a great deal of high-temperature heat emissions from the combustion of carbon-based fuels by steel, petrochemical, or cement plants. Fortunately, these industrial heat emission sources treated as thermal anomalies can be detected by satellite-borne sensors in a quantitive way. However, most of the dominant remote sensing-based fire detection methods barely work well for heavy industrial heat source discernment. Although the object-oriented approach, especially the data clustering-based approach, has guided a novel method of detection, it is still limited by the costly computation and storage resources. Furthermore, when scaling to a national, or even global, long time-series detection, it is greatly challenged by the tremendous computation introduced by the incredible large-scale data clustering of tens of millions of high-dimensional fire data points. Therefore, we proposed an improved parallel identification method with geocoded, task-tree-based, large-scale clustering for the spatial-temporal distribution analysis of industrial heat emitters across the United States from long time-series active Visible Infrared Imaging Radiometer Suite (VIIRS) data. A recursive k-means clustering method is introduced to gradually segment and cluster industrial heat objects. Furthermore, in order to avoid the blindness caused by random cluster center initialization, the time series VIIRS hotspots data are spatially pre-grouped into GeoSOT-encoded grid tasks which are also treated as initial clustering objects. In addition, some grouped parallel clustering strategy together with geocoding-aware task tree scheduling is adopted to sufficiently exploit parallelism and performance optimization. Then, the spatial-temporal distribution pattern and its changing trend of industrial heat emitters across the United States are analyzed with the identified industrial heat sources. Eventually, the performance experiment also demonstrated the efficiency and encouraging scalability of this approach. © 2020 by the authors.","Clustering; Heavy industrial layout; Industrial heat sources; Parallel computing; VIIRS","Cement industry; Cement plants; Cluster analysis; Digital storage; Electric appliances; Gas emissions; Greenhouse gases; Industrial heating; K-means clustering; Remote sensing; Spatial distribution; Spatial variables measurement; Thermography (imaging); Time series; Time series analysis; Trees (mathematics); Cluster center initializations; K-means clustering method; Object oriented approach; Performance experiment; Performance optimizations; Spatial-temporal distribution; Spatial-temporal distribution patterns; Visible infrared imaging radiometer suites; Industrial emissions","C. Ma; Aerospace Information Research Institute, Chinese Academy of Sciences, Beijing, 100094, China; email: mach@aircas.ac.cn","","MDPI AG","20724292","","","","English","Remote Sens.","Article","Final","All Open Access; Gold Open Access; Green Open Access","Scopus","2-s2.0-85094163236"
"Xiao S.-Y.; Zhao X.-D.; Mao T.-H.; Wang Y.-W.; Chen Y.-Q.; Zhang H.-Y.; Wang J.; Wang J.-J.; Liu S.; Chen T.-P.; Liu Y.","Xiao, Si-Yu (60164626900); Zhao, Xin-Di (58896720100); Mao, Tian-Hao (60164526800); Wang, Yi-Wei (59236260900); Chen, Yu-Qiao (60222913500); Zhang, Hong-Yun (60253516800); Wang, Jian (60253469200); Wang, Jun-Jie (56699364500); Liu, Shuang (59914498800); Chen, Tu-Pei (7405540443); Liu, Yang (8422757800)","60164626900; 58896720100; 60164526800; 59236260900; 60222913500; 60253516800; 60253469200; 56699364500; 59914498800; 7405540443; 8422757800","Data-Augmented Deep Learning for Downhole Depth Sensing and Validation","2026","Sensors","26","3","775","","","1","10.3390/s26030775","https://www.scopus.com/pages/publications/105030104635?origin=resultslist","Micro-nano Integrated Circuit and System Laboratory, University of Electronic Science and Technology of China, Chengdu, 611731, China; Southwest Branch of China National Petroleum Corporation Logging Co., Ltd., Chongqing, 401100, China; School of Electrical and Electronic Engineering, Nanyang Technological University, Singapore, 639798, Singapore","Xiao S.-Y., Micro-nano Integrated Circuit and System Laboratory, University of Electronic Science and Technology of China, Chengdu, 611731, China; Zhao X.-D., Southwest Branch of China National Petroleum Corporation Logging Co., Ltd., Chongqing, 401100, China; Mao T.-H., Micro-nano Integrated Circuit and System Laboratory, University of Electronic Science and Technology of China, Chengdu, 611731, China; Wang Y.-W., Micro-nano Integrated Circuit and System Laboratory, University of Electronic Science and Technology of China, Chengdu, 611731, China; Chen Y.-Q., Micro-nano Integrated Circuit and System Laboratory, University of Electronic Science and Technology of China, Chengdu, 611731, China; Zhang H.-Y., Southwest Branch of China National Petroleum Corporation Logging Co., Ltd., Chongqing, 401100, China; Wang J., Southwest Branch of China National Petroleum Corporation Logging Co., Ltd., Chongqing, 401100, China; Wang J.-J., Micro-nano Integrated Circuit and System Laboratory, University of Electronic Science and Technology of China, Chengdu, 611731, China; Liu S., Micro-nano Integrated Circuit and System Laboratory, University of Electronic Science and Technology of China, Chengdu, 611731, China; Chen T.-P., School of Electrical and Electronic Engineering, Nanyang Technological University, Singapore, 639798, Singapore; Liu Y., Micro-nano Integrated Circuit and System Laboratory, University of Electronic Science and Technology of China, Chengdu, 611731, China","Accurate downhole depth measurement is essential for oil and gas well operations, directly influencing reservoir contact, production efficiency, and operational safety. Collar correlation using a casing collar locator (CCL) is fundamental for precise depth calibration. While neural network has achieved significant progress in collar recognition, preprocessing methods for such applications remain underdeveloped. Moreover, the limited availability of real well data poses substantial challenges for training neural network models that require extensive datasets. This paper presents a system integrated into a downhole toolstring for CCL log acquisition to facilitate dataset construction. Comprehensive preprocessing methods for data augmentation are proposed, and their effectiveness is evaluated using baseline neural network models. Through systematic experimentation across diverse configurations, the contribution of each augmentation method is analyzed. Results demonstrate that standardization, label distribution smoothing (LDS), and random cropping are fundamental prerequisites for model training, while label smoothing regularization (LSR), time scaling, and multiple sampling significantly enhance model generalization capabilities. Incorporating the proposed augmentation methods into the two baseline models results in maximum F1 score improvements of 0.027 and 0.024 for the TAN and MAN models, respectively. Furthermore, applying these techniques yields F1 score gains of up to 0.045 for the TAN model and 0.057 for the MAN model compared to prior studies. Performance evaluation on real CCL waveforms confirms the effectiveness and practical applicability of our approach. This work addresses the existing gaps in data augmentation methodologies for training casing collar recognition models under CCL data-limited conditions, and provides a technical foundation for the future automation of downhole operations. © 2026 by the authors.","casing collar locator; data augmentation; deep learning; downhole positioning; engineering applications; intelligent sensors; pattern recognition; signal processing","Natural gas wells; Neural networks; Oil well casings; Petroleum reservoir evaluation; Petroleum reservoirs; Smart sensors; Tantalum compounds; Casing collar locators; Data augmentation; Deep learning; Downhole positioning; Downholes; Engineering applications; Intelligent sensors; Neural network model; Pre-processing method; Signal-processing; article; artificial neural network; automation; calibration; deep learning; male; nerve cell network; oil and gas field; pattern recognition; production efficiency; sensor; signal processing; standardization; waveform; Deep learning; Pattern recognition; Signal processing","Y. Liu; Micro-nano Integrated Circuit and System Laboratory, University of Electronic Science and Technology of China, Chengdu, 611731, China; email: yliu1975@uestc.edu.cn","","Multidisciplinary Digital Publishing Institute (MDPI)","14248220","","","41682291","English","Sensors","Article","Final","All Open Access; Gold Open Access; Green Open Access","Scopus","2-s2.0-105030104635"
"Hussain N.; Li S.; Hussain A.; Ullah Z.; Jamjoom M.","Hussain, Nasir (59552383600); Li, Shuaiyong (55826781600); Hussain, Altaf (57227191400); Ullah, Zahid (29167578000); Jamjoom, Mona (57142648900)","59552383600; 55826781600; 57227191400; 29167578000; 57142648900","Quantum-aware secure blockchain intrusion detection system for industrial IoT networks","2026","Scientific Reports","16","1","2265","","","7","10.1038/s41598-025-31985-0","https://www.scopus.com/pages/publications/105027864595?origin=resultslist","School of Computer Science and Technology, Chongqing University of Posts and Telecommunications, Chongqing, 400065, China; Key Laboratory of Industrial Internet of Things and Networked Control, Ministry of Education, Chongqing University of Posts and Telecommunications, Chongqing, 400065, China; Information Systems Department, College of Computer and Information Sciences, Imam Mohammad Ibn Saud Islamic University (IMSIU), Riyadh, 11432, Saudi Arabia; Department of Computer Sciences, College of Computer and Information Sciences, Princess Nourah bint Abdulrahman University, Riyadh, 11671, Saudi Arabia","Hussain N., School of Computer Science and Technology, Chongqing University of Posts and Telecommunications, Chongqing, 400065, China; Li S., Key Laboratory of Industrial Internet of Things and Networked Control, Ministry of Education, Chongqing University of Posts and Telecommunications, Chongqing, 400065, China; Hussain A., School of Computer Science and Technology, Chongqing University of Posts and Telecommunications, Chongqing, 400065, China; Ullah Z., Information Systems Department, College of Computer and Information Sciences, Imam Mohammad Ibn Saud Islamic University (IMSIU), Riyadh, 11432, Saudi Arabia; Jamjoom M., Department of Computer Sciences, College of Computer and Information Sciences, Princess Nourah bint Abdulrahman University, Riyadh, 11671, Saudi Arabia","The Industrial Internet of Things (IIoT) integrates sensors, actuators, controllers, and gateways across critical industrial sectors such as manufacturing, energy, oil and gas, and transportation. The convergence of operational technology (OT) and Information Technology (IT) has enabled real-time automation, predictive maintenance, and large-scale process optimization. However, IIoT infrastructures are increasingly exposed to sophisticated cyberattacks, ranging from ransomware and Advanced Persistent Threats (APTs) to false data injection and denial-of-service (DoS) campaigns. Moreover, the emergence of quantum computing introduces an additional dimension of vulnerability, since widely deployed public-key cryptographic schemes such as RSA and elliptic-curve cryptography (ECC) will be rendered insecure under Shor’s algorithm, while Grover’s algorithm accelerates brute-force search against symmetric ciphers. In anticipation of this threat, the security of IIoT must evolve toward post-quantum resilience. This paper proposes a Quantum-Aware Secure Blockchain Intrusion Detection System (QASB-IDS), a novel hybrid framework that combines intrusion detection with post-quantum blockchain security and quantum key distribution (QKD). The system introduces a hierarchical consortium blockchain tailored to IIoT, ensuring tamper-proof and decentralized storage of intrusion detection alerts and anomaly model updates. The IDS employs a lightweight hybrid signature–anomaly detection approach that extracts features from IIoT traffic and classifies them using a CNN–LSTM model optimized for constrained devices using Edge-IIoTset, SWaT, and XIIoTID datasets. Model updates are securely aggregated with privacy guarantees and anchored on blockchain using lattice-based post-quantum signatures. Critical gateways additionally deploy QKD to protect session key distribution. Evaluation using recent industrial intrusion datasets demonstrates that QASB-IDS provides improved detection accuracy, low false alarms, and strong resilience against both classical and quantum-capable adversaries. © The Author(s) 2025.","IIoT cyber security; Industrial IoT; Intrusion detection system; QASB-IDS; Quantum key distribution; Quantum optimization","algorithm; article; automation; blockchain; computer security; cryptography; cyberattack; false data injection; information technology; infrastructure; internet of things; intrusion detection system; long short term memory network; outlier detection; process optimization; ransomware; sensor; transient acantholytic dermatosis; vulnerability","A. Hussain; School of Computer Science and Technology, Chongqing University of Posts and Telecommunications, Chongqing, 400065, China; email: altafkfm74@gmail.com","","Nature Research","20452322","","","41381788","English","Sci. Rep.","Article","Final","All Open Access; Gold Open Access; Green Open Access","Scopus","2-s2.0-105027864595"
"Ever E.; Shah P.; Mostarda L.; Omondi F.; Gemikonakli O.","Ever, Enver (15022220400); Shah, Purav (15849501400); Mostarda, Leonardo (57221267553); Omondi, Fredrick (55861922200); Gemikonakli, Orhan (6602247439)","15022220400; 15849501400; 57221267553; 55861922200; 6602247439","On the performance, availability and energy consumption modelling of clustered IoT systems","2019","Computing","101","12","","1935","1970","20","10.1007/s00607-019-00720-9","https://www.scopus.com/pages/publications/85065427596?origin=resultslist","Computer Engineering, Middle East Technical University, Northern Cyprus Campus, Kalkanlı, Güzelyurt, Mersin 10, 99738, Turkey; Faculty of Science and Technology, Middlesex University, The Burrough, NW4 4BT, United Kingdom; Scuola di Scienze e Tecnologie, Universita’ degli Studi di, Camerino, Italy; CT-Centre, University of Nairobi, Chiromo Lane, P.O.Box 30197, Nairobi, GPO, 0100, Kenya","Ever E., Computer Engineering, Middle East Technical University, Northern Cyprus Campus, Kalkanlı, Güzelyurt, Mersin 10, 99738, Turkey; Shah P., Faculty of Science and Technology, Middlesex University, The Burrough, NW4 4BT, United Kingdom; Mostarda L., Scuola di Scienze e Tecnologie, Universita’ degli Studi di, Camerino, Italy; Omondi F., CT-Centre, University of Nairobi, Chiromo Lane, P.O.Box 30197, Nairobi, GPO, 0100, Kenya; Gemikonakli O., Faculty of Science and Technology, Middlesex University, The Burrough, NW4 4BT, United Kingdom","Wireless sensor networks (WSNs) form a large part of the ecosystem of the Internet of Things (IoT), hence they have numerous application domains with varying performance and availability requirements. Limited resources that include processing capability, queue capacity, and available energy in addition to frequent node and link failures degrade the performance and availability of these networks. In an attempt to efficiently utilise the limited resources and to maintain the reliable network with efficient data transmission; it is common to select a clustering approach, where a cluster head is selected among the diverse IoT devices. This study presents the stochastic performance as well as the energy evaluation model for WSNs that have both node and link failures. The model developed considers an integrated performance and availability approach. Various duty cycling schemes within the medium-access control of the WSNs are also considered to incorporate the impact of sleeping/idle states that are presented using analytical modeling. The results presented using the proposed analytical models show the effects of factors such as failures, various queue capacities and system scalability. The analytical results presented are in very good agreement with simulation results and also present an important fact that the proposed models are very useful for identification of thresholds between WSN system characteristics. © 2019, Springer-Verlag GmbH Austria, part of Springer Nature.","Clustering; Energy consumption; IoT; Performability; Stochastic models; WSNs","Analytical models; Availability; Energy utilization; Medium access control; Petroleum reservoir evaluation; Sensor nodes; Stochastic control systems; Stochastic models; Stochastic systems; Clustering; Energy consumption modelling; Internet of thing (IOT); Performability; Processing capability; System characteristics; Wireless sensor network (WSNs); WSNs; Internet of things","E. Ever; Computer Engineering, Middle East Technical University, Kalkanlı, Güzelyurt, Mersin 10, Northern Cyprus Campus, 99738, Turkey; email: eever@metu.edu.tr","","Springer-Verlag Wien","0010485X","","CMPTA","","English","Comput.","Article","Final","All Open Access; Green Open Access","Scopus","2-s2.0-85065427596"
"Aktaukenov D.A.; Omirbekova Z.Z.; Pinsky E.","Aktaukenov, D.A. (57238833400); Omirbekova, Z.Z. (56780323500); Pinsky, Eugene (6701518634)","57238833400; 56780323500; 6701518634","CLUSTERING ANALYSIS FOR PREDICTIVE MAINTENANCE OF OIL WELLS IN KAZAKHSTAN","2026","SOCAR Proceedings","","1","","60","66","0","10.5510/OGP20260101153","https://www.scopus.com/pages/publications/105034863083?origin=resultslist","Satbayev University, Almaty, Kazakhstan; Metropolitan College, Boston University, Boston, MA, United States","Aktaukenov D.A., Satbayev University, Almaty, Kazakhstan; Omirbekova Z.Z., Satbayev University, Almaty, Kazakhstan; Pinsky E., Metropolitan College, Boston University, Boston, MA, United States","This study explores the use of unsupervised machine learning to optimize operational efficiency and reduce downtime in oil well production through clustering analysis. Using production data from a major Kazakhstani oil operator, the study applies K-means clustering to categorize oil wells based on output patterns. The dataset includes more than three million entries over a two-year period, capturing daily values for oil volume, liquid volume, and water cut percentage. Data preprocessing involved normalization, outlier handling, and correlation analysis to ensure robust clustering performance. The optimal number of clusters (K = 10) was selected using the Elbow method. Cluster interpretations revealed distinct operational profiles, including stable, declining, and volatile well behavior. In particular, more than 70% of wells remained in their assigned clusters over time, suggesting temporal stability and operational consistency. By identifying risk-prone and underperforming wells, the results support proactive maintenance, informed resource allocation, and long-term planning. The study demonstrates how unsupervised learning techniques can support data-driven decision-making in the petroleum industry without reliance on expensive sensor infrastructure. This research provides a replicable framework for oilfield analysis and highlights the value of behavioral clustering as a predictive tool for operational optimization. Our methodology integrates unsupervised learning, dimensionality reduction techniques, and visual analytics to provide interpretable cluster groupings. The enhanced predictive model demonstrates the potential to support data-driven decision-making and resource allocation in oilfield operations. © 2025 «OilGasScientificResearchProject» Institute. All rights reserved.","K-means clustering; machine learning; oil well monitoring; predictive maintenance; statistical analysis","Behavioral research; Cluster analysis; Decision making; Dimensionality reduction; K-means clustering; Oil well production; Petroleum industry; Predictive analytics; Predictive maintenance; Resource allocation; Unsupervised learning; Clustering analysis; Data driven decision; Decisions makings; K-means++ clustering; Kazakhstan; Machine-learning; Oil well monitoring; Predictive maintenance; Resources allocation; Well monitoring; Statistical methods","D.A. Aktaukenov; Satbayev University, Almaty, Kazakhstan; email: daur.aktaukenov@gmail.com","","Oil Gas Scientific Research Project Institute","22186867","","","","English","Proc.","Article","Final","All Open Access; Bronze Open Access","Scopus","2-s2.0-105034863083"
"Fadila W.; Rahardja M.B.; Suwargiani A.A.; Prasetyo Y.E.; Riyanti E.","Fadila, Wisnu (57212149893); Rahardja, Mugia Bayu (57279130000); Suwargiani, Anne Agustina (57203020093); Prasetyo, Yanu Endar (57209254099); Riyanti, Eriska (57195358674)","57212149893; 57279130000; 57203020093; 57209254099; 57195358674","Dental fear and anxiety and its sociodemographic associations among public and private schoolchildren aged 8 to 12 years in Depok, Indonesia: a cross-sectional study","2026","BMC Oral Health","26","1","1207","","","0","10.1186/s12903-026-08481-6","https://www.scopus.com/pages/publications/105044051269?origin=resultslist","Doctoral Programme, Faculty of Dentistry, Universitas Padjadjaran, Bandung, Indonesia; Research Centre for Population, National Research and Innovation Agency (BRIN), Jakarta Selatan, Indonesia; Dental Public Health and Preventive Department, Faculty of Dentistry, Universitas Padjadjaran, Bandung, Indonesia; Pediatric Dentistry Department, Faculty of Dentistry, Universitas Padjadjaran, Bandung, Indonesia","Fadila W., Doctoral Programme, Faculty of Dentistry, Universitas Padjadjaran, Bandung, Indonesia, Research Centre for Population, National Research and Innovation Agency (BRIN), Jakarta Selatan, Indonesia; Rahardja M.B., Research Centre for Population, National Research and Innovation Agency (BRIN), Jakarta Selatan, Indonesia; Suwargiani A.A., Doctoral Programme, Faculty of Dentistry, Universitas Padjadjaran, Bandung, Indonesia, Dental Public Health and Preventive Department, Faculty of Dentistry, Universitas Padjadjaran, Bandung, Indonesia; Prasetyo Y.E., Research Centre for Population, National Research and Innovation Agency (BRIN), Jakarta Selatan, Indonesia; Riyanti E., Doctoral Programme, Faculty of Dentistry, Universitas Padjadjaran, Bandung, Indonesia, Pediatric Dentistry Department, Faculty of Dentistry, Universitas Padjadjaran, Bandung, Indonesia","Background: Dental fear and anxiety (DFA) affect dental visits and oral health outcomes in children. Sociodemographic factors linked to DFA are understudied in Indonesia. Objectives: This study examined the prevalence, triggers, and sociodemographic factors associated with DFA among schoolchildren aged 8–12 years in Depok City, Indonesia. The goal is to inform targeted interventions in school-based settings. Methods: A total of 460 schoolchildren aged 8–12 years were recruited from five elementary schools in Depok City by using randomised multistage cluster sampling. The participant’s parents also participated in the study. The questionnaires were adapted from the Indonesian Modified Dental Anxiety Scale with Facial Image Scale pictorial response aids (MDAS + FIS), Riskesdas, and Susenas and were administered by trained enumerators. The DFA scores were analysed as continuous and categorical data: no DFA (score 5), mild (6–11), and high (> 11). The covariates included age, sex, birth order, school grade, and school type. The statistical methods employed included descriptive statistics, linear regression, ordered logit regression, and generalised ordered logit regression. Sensitivity analyses for alternatives outcomes were conducted. Results: The mean DFA score was 11.1 (SD: 3.46), median 11 (IQR 9–13). In total, 53.2% of children had mild DFA, and 43.6% had high DFA. Injections (mean 3.13) and tooth drilling (mean 2.79) were the most common triggers. Older age (11–12 vs. 8–10 years), attending private schools, and higher birth order were consistently associated with lower DFA. Sex had weaker associations. Multivariate analysis confirmed these associations, with private schools and older age being the strongest predictors of reduced DFA. Sensitivity analyses affirmed robustness. Conclusions: There is a high prevalence of mild to high DFA. Early DFA strategies are needed to improve dental attendance and cooperation among Depok City schoolchildren. Lower DFA is associated with older age, later birth order, higher grades, and private schools. The major triggers were dental injections and drilling. These findings provide locally relevant evidence to tailor long-term oral health strategies. © The Author(s) 2026.","Children; Dental anxiety; Dental fear; Indonesia; Sociodemographic factors","Child; Cross-Sectional Studies; Dental Anxiety; Female; Humans; Indonesia; Male; Prevalence; Private Sector; Public Sector; Sociodemographic Factors; child; cross-sectional study; dental anxiety; epidemiology; female; human; Indonesia; male; prevalence; private sector; public sector; sociodemographics","W. Fadila; Doctoral Programme, Faculty of Dentistry, Universitas Padjadjaran, Bandung, Indonesia; email: wisnu22005@mail.unpad.ac.id","","BioMed Central Ltd","14726831","","","42116054","English","BMC Oral Health","Article","Final","All Open Access; Gold Open Access; Green Open Access","Scopus","2-s2.0-105044051269"
"Jia B.; Guo Z.; Xu J.; Dong X.; Chu L.; Li Z.; Wang H.","Jia, Baozhu (8938829100); Guo, Zekun (60070607700); Xu, Jin (56984806100); Dong, Xinru (60651056100); Chu, Lilin (57206905160); Li, Zheng (57221679648); Wang, Haixia (35225444100)","8938829100; 60070607700; 56984806100; 60651056100; 57206905160; 57221679648; 35225444100","Enhanced Marine Radar Oil Spill Detection via Feature Guidance and BBO-SA Hybrid Optimization","2026","Remote Sensing","18","10","1551","","","0","10.3390/rs18101551","https://www.scopus.com/pages/publications/105040129771?origin=resultslist","Naval Architecture and Shipping College, Guangdong Ocean University, Zhanjiang, 524091, China; Technical Research Center for Ship Intelligence and Safety Engineering of Guangdong Province, Zhanjiang, 524088, China; Guangdong Provincial Key Laboratory of Intelligent Equipment for South China Sea Marine Ranching, Guangdong Ocean University, Zhanjiang, 524088, China; Navigation College, Dalian Maritime University, Dalian, 116026, China","Jia B., Naval Architecture and Shipping College, Guangdong Ocean University, Zhanjiang, 524091, China, Technical Research Center for Ship Intelligence and Safety Engineering of Guangdong Province, Zhanjiang, 524088, China, Guangdong Provincial Key Laboratory of Intelligent Equipment for South China Sea Marine Ranching, Guangdong Ocean University, Zhanjiang, 524088, China; Guo Z., Naval Architecture and Shipping College, Guangdong Ocean University, Zhanjiang, 524091, China, Technical Research Center for Ship Intelligence and Safety Engineering of Guangdong Province, Zhanjiang, 524088, China, Guangdong Provincial Key Laboratory of Intelligent Equipment for South China Sea Marine Ranching, Guangdong Ocean University, Zhanjiang, 524088, China; Xu J., Naval Architecture and Shipping College, Guangdong Ocean University, Zhanjiang, 524091, China, Technical Research Center for Ship Intelligence and Safety Engineering of Guangdong Province, Zhanjiang, 524088, China, Guangdong Provincial Key Laboratory of Intelligent Equipment for South China Sea Marine Ranching, Guangdong Ocean University, Zhanjiang, 524088, China; Dong X., Naval Architecture and Shipping College, Guangdong Ocean University, Zhanjiang, 524091, China; Chu L., Naval Architecture and Shipping College, Guangdong Ocean University, Zhanjiang, 524091, China, Technical Research Center for Ship Intelligence and Safety Engineering of Guangdong Province, Zhanjiang, 524088, China, Guangdong Provincial Key Laboratory of Intelligent Equipment for South China Sea Marine Ranching, Guangdong Ocean University, Zhanjiang, 524088, China; Li Z., Naval Architecture and Shipping College, Guangdong Ocean University, Zhanjiang, 524091, China, Technical Research Center for Ship Intelligence and Safety Engineering of Guangdong Province, Zhanjiang, 524088, China, Guangdong Provincial Key Laboratory of Intelligent Equipment for South China Sea Marine Ranching, Guangdong Ocean University, Zhanjiang, 524088, China; Wang H., Navigation College, Dalian Maritime University, Dalian, 116026, China","X-band marine radar offers unique advantages for monitoring nearshore oil spills. However, oil films and sea clutter exhibit high pixel intensity overlap in radar images. Traditional threshold segmentation and machine learning methods have certain limitations in terms of feature extraction, Region of Interest (ROI) guidance, threshold optimization adaptability, and unsupervised capabilities. To address these issues, a method of oil film detection for ship radar based on multi-dimensional feature-guided extraction and hybrid optimization search is proposed. By combining Density-Based Spatial Clustering of Applications with Noise (DBSCAN) clustering with multidimensional features, this method automatically extracts ROIs under unlabeled conditions, effectively suppressing sea clutter interference. Subsequently, an improved Beaver Behavior Optimizer (BBO) and simulated annealing (SA) hybrid algorithm (BBO-SA) is introduced within the ROIs, along with a designed adaptive temperature update strategy, to achieve coordinated optimization of global and local searches. The experimental results demonstrate that the method described in this paper performs exceptionally well across all evaluation metrics, confirming its accuracy and robustness in oil film detection. It provides a viable technical approach for emergency monitoring of nearshore oil spills. © 2026 by the authors.","BBO; marine radar; object detection; oil spill; SA","Clutter (information theory); Extraction; Feature extraction; Image segmentation; Learning systems; Nearest neighbor search; Object detection; Object recognition; Petroleum reservoir evaluation; Radar clutter; Radar imaging; Simulated annealing; Tracking radar; Beaver behavior optimizer; Hybrid optimization; Nearshores; Objects detection; Oil films; Oil spill detection; Optimizers; Pixel intensities; Sea clutters; X bands; Marine radar; Oil spills","J. Xu; Naval Architecture and Shipping College, Guangdong Ocean University, Zhanjiang, 524091, China; email: jinxu@gdou.edu.cn","","Multidisciplinary Digital Publishing Institute (MDPI)","20724292","","","","English","Remote Sens.","Article","Final","All Open Access; Gold Open Access; Green Open Access","Scopus","2-s2.0-105040129771"
"Papagiannopoulos O.D.; Pezoulas V.C.; Papaloukas C.; Fotiadis D.I.","Papagiannopoulos, Orestis D. (57892129300); Pezoulas, Vasileios C. (57194013364); Papaloukas, Costas (6505790122); Fotiadis, Dimitrios I. (55938920100)","57892129300; 57194013364; 6505790122; 55938920100","3D clustering of gene expression data from systemic autoinflammatory diseases using self-organizing maps (Clust3D)","2024","Computational and Structural Biotechnology Journal","23","","","2152","2162","2","10.1016/j.csbj.2024.05.003","https://www.scopus.com/pages/publications/85193624412?origin=resultslist","Unit of Medical Technology and Intelligent Information Systems, Dept. of Materials Science and Engineering, University of Ioannina, Ioannina, GR45110, Greece; Dept. of Biological Applications and Technology, University of Ioannina, Ioannina, GR45110, Greece; Institute of Biomedical Research, FORTH (Foundation for Research & Technology), Ioannina, GR45110, Greece","Papagiannopoulos O.D., Unit of Medical Technology and Intelligent Information Systems, Dept. of Materials Science and Engineering, University of Ioannina, Ioannina, GR45110, Greece; Pezoulas V.C., Unit of Medical Technology and Intelligent Information Systems, Dept. of Materials Science and Engineering, University of Ioannina, Ioannina, GR45110, Greece; Papaloukas C., Unit of Medical Technology and Intelligent Information Systems, Dept. of Materials Science and Engineering, University of Ioannina, Ioannina, GR45110, Greece, Dept. of Biological Applications and Technology, University of Ioannina, Ioannina, GR45110, Greece, Institute of Biomedical Research, FORTH (Foundation for Research & Technology), Ioannina, GR45110, Greece; Fotiadis D.I., Unit of Medical Technology and Intelligent Information Systems, Dept. of Materials Science and Engineering, University of Ioannina, Ioannina, GR45110, Greece, Institute of Biomedical Research, FORTH (Foundation for Research & Technology), Ioannina, GR45110, Greece","Background and objective: Systemic autoinflammatory diseases (SAIDs) are characterized by widespread inflammation, but for most of them there is a lack of specific biomarkers for accurate diagnosis. Although a number of machine learning algorithms have been used to analyze SAID datasets, aiding in the discovery of novel biomarkers, there is a growing recognition of the importance of SAID timeseries clustering, as it can capture the temporal dynamics of gene expression patterns. Methodology: This paper proposes a novel clustering methodology to efficiently associate three-dimensional data. The algorithm utilizes competitive learning to create a self-organizing neural network and adjust neuron positions in time-dependent and high dimensional feature space in order to assign them as clustering centers. The quantitative evaluation of the clustering was based on well-known clustering indices. Furthermore, a differential expression analysis and classification pipeline was employed to assess the capability of the proposed methodology to extract more accurate pathway-specific genes from its clusters. For that, a comparative analysis was also conducted against a heuristic timeseries clustering method. Results: The proposed methodology achieved better overall clustering indices scores and classification metrics using genes derived from its clusters. Notable cases include a threefold increase in the Calinski-Harabasz clustering index, a twofold improvement in the Davies–Bouldin clustering index and a ∼60% increase in the classification specificity score. Conclusion: A novel clustering methodology was developed and applied on several gene expression timeseries datasets from systemic autoinflammatory diseases, and its ability to efficiently produce well separated clusters compared to existing heuristic methods was demonstrated. © 2024 The Authors","Classification; Gene expression; Self-organizing maps; Systemic autoinflammatory diseases; Timeseries","Biomarkers; Classification (of information); Cluster analysis; Conformal mapping; Diagnosis; Gene expression; Heuristic methods; Learning algorithms; Petroleum reservoir evaluation; canakinumab; placebo; Clustering index; Clusterings; Gene Expression Data; Genes expression; Machine learning algorithms; Novel clustering; Self-organizing-maps; Systemic autoinflammatory disease; Temporal dynamics; Timeserie; Article; artificial neural network; autoinflammatory disease; Calinski Harabasz index; classification algorithm; classifier; clustering algorithm; computer heuristics; controlled study; cross validation; data clustering; Davies Bouldin index; differential expression analysis; dimensionality reduction; feature extraction; gene cluster; gene expression profiling; genetic association; gradient boosting; human; hyperimmunoglobulinemia D and periodic fever syndrome; implementation science; intermethod comparison; k means clustering; logistic regression analysis; performance indicator; principal component analysis; quantitative analysis; random forest; self organizing neural network; software design; statistical parameters; support vector machine; systemic autoinflammatory disease; systemic disease; systemic juvenile idiopathic arthritis; timeseries clustering; Self organizing maps","D.I. Fotiadis; Unit of Medical Technology and Intelligent Information Systems, Dept. of Materials Science and Engineering, University of Ioannina, Ioannina, GR45110, Greece; email: fotiadis@cc.uoi.gr","","Elsevier B.V.","20010370","","","","English","Comput. Struct. Biotechnol. J.","Article","Final","All Open Access; Gold Open Access; Green Open Access","Scopus","2-s2.0-85193624412"
"Pessoa A.M.; Sokal B.; Silva C.F.M.E.; Maciel T.F.; De Almeida A.L.F.; Cavalcanti F.R.P.","Pessoa, Alexandre Matos (57211625960); Sokal, Bruno (57210584108); Silva, Carlos F.M. E. (56649811000); Maciel, Tarcisio Ferreira (6603222705); De Almeida, André L.F. (55945102700); Cavalcanti, Francisco Rodrigo Porto (7005534283)","57211625960; 57210584108; 56649811000; 6603222705; 55945102700; 7005534283","A cdl-based channel model with dual-polarized antennas for 5g mimo systems in rural remote areas","2020","IEEE Access","8","","","163366","163379","18","10.1109/ACCESS.2020.3020538","https://www.scopus.com/pages/publications/85102839082?origin=resultslist","Wireless Telecom Research Group (GTEL), Federal University of Ceará (UFC), Fortaleza, 60440-900, Brazil","Pessoa A.M., Wireless Telecom Research Group (GTEL), Federal University of Ceará (UFC), Fortaleza, 60440-900, Brazil; Sokal B., Wireless Telecom Research Group (GTEL), Federal University of Ceará (UFC), Fortaleza, 60440-900, Brazil; Silva C.F.M.E., Wireless Telecom Research Group (GTEL), Federal University of Ceará (UFC), Fortaleza, 60440-900, Brazil; Maciel T.F., Wireless Telecom Research Group (GTEL), Federal University of Ceará (UFC), Fortaleza, 60440-900, Brazil; De Almeida A.L.F., Wireless Telecom Research Group (GTEL), Federal University of Ceará (UFC), Fortaleza, 60440-900, Brazil; Cavalcanti F.R.P., Wireless Telecom Research Group (GTEL), Federal University of Ceará (UFC), Fortaleza, 60440-900, Brazil","In the fifth-generation (5G) mobile networks, it is expected that users experience high throughputs with an ultra-low-latency network, while a massive number of devices are connected to the network. However, in remote rural areas, there is still a large number of people that do not have access to broadband Internet. To overcome this issue, a possible strategy is to exploit the excellent propagation conditions of very high frequency (VHF) and ultra-high frequency (UHF) bands by allowing secondary spectrum reuse in the TV white space (TVWS) channels. But for that, a reliable channel model is required to perform valid coverage and data rate prediction studies. In this paper, a channel model is proposed that takes into account large and small scale fading effects, as well as the particularities of such remote rural areas. The proposed model makes use of measurements along with the clustered delay line (CDL) profiles from 3rd Generation Partnership Project (3GPP). It is a simple model to implement and can be used to provide fast link and system-level simulations. Numerical and analytical results are provided to validate the proposed model and a data rate evaluation is carried out for single-input single-output (SISO) and multipleinput multiple-output (MIMO) configurations, as well as for single-polarized (SP) and dual-polarized (DP) antennas. © 2020 Institute of Electrical and Electronics Engineers Inc.. All rights reserved.","CDL; Channel modeling; MIMO and dual-polarized antennas.; remote rural areas","MIMO systems; Mobile telecommunication systems; Petroleum reservoir evaluation; Rural areas; Television antennas; User experience; 3rd generation partnership project (3GPP); Dual polarized antennas; Low-latency networks; Secondary spectrums; Single input single output; System level simulation; Ultra-high frequency bands; Very high frequency; 5G mobile communication systems","","","Institute of Electrical and Electronics Engineers Inc.","21693536","","","","English","IEEE Access","Article","Final","All Open Access; Gold Open Access; Green Open Access","Scopus","2-s2.0-85102839082"
"Zhang L.","Zhang, Lizhen (59945374600)","59945374600","Optimization of Oil and Gas Pipeline Leakage Data and Defect Identification Based on Graph Neural Processing","2025","Annals of Data Science","12","4","","1413","1430","2","10.1007/s40745-025-00619-7","https://www.scopus.com/pages/publications/105008303732?origin=resultslist","Chongqing Vocational Institute of Safety Technology, Wanzhou, 404020, China","Zhang L., Chongqing Vocational Institute of Safety Technology, Wanzhou, 404020, China","With the increasing complexity of oil and gas pipeline networks, early identification of leaks and defects is crucial to ensure the safe operation of pipelines. This study proposes a graph neural network (GNN) method for data processing and defect identification aimed at optimizing monitoring and maintenance strategies for oil and gas pipelines. Through the analysis of historical leakage data, we constructed a graph database containing 5000 samples, each containing 10 features such as pressure, flow, temperature, etc. Using graph convolutional network and graph attention network (GAT) to perform feature extraction and pattern recognition on nodes in pipeline network, our model achieves 92% accuracy in defect recognition, which is 15% higher than traditional methods. In addition, we have developed a leakage prediction model based on time series analysis, which is able to predict potential leakage risks 24 h in advance with an accuracy of 85%. The results of this study not only improve the safety management level of oil and gas pipelines, but also provide a new technical path for future intelligent pipeline maintenance. © The Author(s) 2025.","Data optimization; Defect prediction; Graph neural network; Leak identification; Oil and gas pipelines","Data handling; Feature extraction; Flow graphs; Graph Databases; Graph neural networks; Leak detection; Pipeline processing systems; Data identification; Data optimization; Defect identification; Defect prediction; Graph neural networks; Leak identification; Neural-processing; Oil-and-Gas pipelines; Optimisations; Pipeline leakage; Time series analysis","L. Zhang; Chongqing Vocational Institute of Safety Technology, Wanzhou, 404020, China; email: keyangongzuo521@163.com","","Springer Science and Business Media Deutschland GmbH","21985804","","","","English","Ann. Data Sci.","Article","Final","All Open Access; Hybrid Gold Open Access","Scopus","2-s2.0-105008303732"
"Geistlinger H.; Zulfiqar B.; Koehne J.M.; Schlueter S.; Apelt B.; Amro M.","Geistlinger, Helmut (6701559594); Zulfiqar, Bilal (57219875619); Koehne, John Maximilian (58912424900); Schlueter, Steffen (36543072400); Apelt, Bernd (6507857534); Amro, Mohammed (6602075387)","6701559594; 57219875619; 58912424900; 36543072400; 6507857534; 6602075387","Fast mass transfer processes of interfering trapped CO2-clusters at reservoir conditions: Experiment and theory","2025","Geoenergy Science and Engineering","245","","213509","","","4","10.1016/j.geoen.2024.213509","https://www.scopus.com/pages/publications/85210066307?origin=resultslist","Helmholtz Centre for Environmental Research-UFZ, Halle (Saale), Germany; Technical University Bergakademie Freiberg, Freiberg, Germany","Geistlinger H., Helmholtz Centre for Environmental Research-UFZ, Halle (Saale), Germany, Technical University Bergakademie Freiberg, Freiberg, Germany; Zulfiqar B., Helmholtz Centre for Environmental Research-UFZ, Halle (Saale), Germany, Technical University Bergakademie Freiberg, Freiberg, Germany; Koehne J.M., Helmholtz Centre for Environmental Research-UFZ, Halle (Saale), Germany; Schlueter S., Helmholtz Centre for Environmental Research-UFZ, Halle (Saale), Germany; Apelt B., Helmholtz Centre for Environmental Research-UFZ, Halle (Saale), Germany; Amro M., Technical University Bergakademie Freiberg, Freiberg, Germany","The gas-to-oil ratio (GOR) of a reservoir fluid plays a critical role in optimizing oil recovery and oil production strategies, improving oil recovery efficiency, and predicting reservoir behavior. Understanding the complicated kinetics of multicomponent mass transfer at the pore scale after gas injection into petroleum reservoirs is of great importance for estimating GOR and enhanced oil recovery (EOR). However, to date, there is a significant gap in the fundamental process understanding of the complex mass transfer process at reservoir conditions. Using micro-CT technology, we investigate the time dependence of CO2 mass transfer and cluster growth after high pressure CO2 injection into sedimented porous media (sintered 0.2 mm glass beads). Surprisingly, the CO2 partitioning equilibrium is already reached after 2 h. To the best of our knowledge, such a fast CO2 transport through water-saturated porous media, which cannot be explained by linear diffusion models (time scale 100 days for a diffusion length of 10 cm), has not been reported in the literature before. We proposed a conceptual model that assumes CO2 inflation of interfering gas clusters drives cascading CO2 transport. We verified this conceptual model through a time series of experiments at different initial gas saturation, analyzing in each case the spatial cluster distribution, cluster size distribution, and pore occupancy frequency. Whether CO2 inflation of the gas clusters occurs depends on the critical initial gas saturation, which is about 10%. Our main conclusion is that CO2 migration should be considered as gas phase diffusion cascading along a quasi-percolating cluster, since CO2 inflation leads to a high gas saturation of about 26%, which is close to the percolation threshold. Our experimental results support this physical hypothesis. We show for the first time that CO2 clusters can expand over large pore spaces and thus are close to the critical percolation threshold (mobility threshold). The cluster size distribution can be described by a power distribution with the critical exponent 2.19, i.e., it shows universal scaling. We model the interfering mass transfer processes of neighboring gas clusters with a multi-sphere model. Exploring different scenarios for the dissolution kinetics of an ensemble of interfering gas clusters allow a deeper understanding of the complicated mass transfer kinetics and agree well with experimental cluster analyses at specific times. © 2024","","Chemical injection (Enhanced recovery); Diffusion in gases; Diffusion in liquids; Importance sampling; Kinetic theory of gases; Light transmission; Oil well flooding; Percolation (computer storage); Percolation (fluids); Percolation (solid state); Petroleum reservoir evaluation; Cluster-size distribution; Conceptual model; Fast mass transfer; Gas clusters; Gas saturations; Gas-to-oil ratio; Mass transfer process; Percolation thresholds; Reservoir conditions; Reservoir fluid; carbon sequestration; experimental study; hydrocarbon reservoir; mass transfer; percolation; size distribution; theoretical study; Gas injection (Enhanced recovery)","H. Geistlinger; Helmholtz Centre for Environmental Research-UFZ, Halle (Saale), Germany; email: helmut.geistlinger@ufz.de","","Elsevier B.V.","29498910","","","","English","Geoenergy. Sci. Eng.","Article","Final","All Open Access; Hybrid Gold Open Access","Scopus","2-s2.0-85210066307"
"Noi E.; Rudolph A.; Dodge S.","Noi, E. (57218922183); Rudolph, A. (57384971800); Dodge, S. (25031421000)","57218922183; 57384971800; 25031421000","VASA: an exploratory visualization tool for mapping spatio-temporal structure of mobility–a COVID-19 case study","2024","Cartography and Geographic Information Science","51","2","","275","296","3","10.1080/15230406.2022.2156388","https://www.scopus.com/pages/publications/85148643150?origin=resultslist","Department of Geography, UC Santa Barbara, United States; Department of Statistics, UC Santa Barbara, United States","Noi E., Department of Geography, UC Santa Barbara, United States; Rudolph A., Department of Statistics, UC Santa Barbara, United States; Dodge S., Department of Geography, UC Santa Barbara, United States","Exploratory data analysis tools designed to measure global and local spatial autocorrelation (e.g. Moran’s (Formula presented.) statistic) have become standard in modern GIS software. However, there has been little development in amending these tools for visualization and analysis of patterns captured in spatio-temporal data. We design and implement an exploratory mapping tool, VASA (Visual Analysis for Spatial Association), that streamlines analytical pipelines in assessing spatio-temporal structure of data and enables enhanced visual display of the patterns captured in data. Specifically, VASA applies a set of cartographic visual variables to map local measures of spatial autocorrelation and helps delineate micro and macro trends in space-time processes. Two visual displays are presented: recency and consistency map and line-scatter plots. The former combines spatial and temporal data view of local clusters, while the latter drills down on the temporal trends of the phenomena. As a case study, we demonstrate the usability of VASA for the investigation of mobility patterns in response to the COVID-19 pandemic throughout 2020 in the United States. Using daily county-level and grid-level mobility metrics obtained from three different sources (SafeGraph, Cuebiq, and Mapbox), we demonstrate cartographic functionality of VASA for a swift exploratory analysis and comparison of mobility trends at different regional scales. © 2023 Cartography and Geographic Information Society.","COVID-19; human mobility; Moran’s I; spatial autocorrelation; spatio-temporal analysis; visual analytics","United States; Autocorrelation; Data visualization; Mapping; Spatial variables measurement; Visualization; Case-studies; Human mobility; Moran’s I; Spatial associations; Spatial autocorrelations; Spatio-temporal structures; Spatiotemporal analysis; Visual analysis; Visual analytics; Visual display; autocorrelation; cartography; COVID-19; epidemic; GIS; mapping; mobility; spatiotemporal analysis; visualization; COVID-19","E. Noi; Department of Geography, UC Santa Barbara, United States; email: noi@ucsb.edu","","Taylor and Francis Ltd.","15230406","","CGSCF","","English","Cartogr. Geogr. Inf. Sci","Article","Final","All Open Access; Green Open Access","Scopus","2-s2.0-85148643150"
"Potharaju S.; Tirandasu R.K.; Tambe S.N.; Jadhav D.B.; Kumar D.A.; Amiripalli S.S.","Potharaju, Saiprasad (57202447602); Tirandasu, Ravi Kumar (57201486676); Tambe, Swapnali N. (57387834300); Jadhav, Devyani Bhamare (57476993700); Kumar, Dudla Anil (58489557200); Amiripalli, Shanmuk Srinivas (57190937523)","57202447602; 57201486676; 57387834300; 57476993700; 58489557200; 57190937523","A two-step machine learning approach for predictive maintenance and anomaly detection in environmental sensor systems","2025","MethodsX","14","","103181","","","31","10.1016/j.mex.2025.103181","https://www.scopus.com/pages/publications/85216529108?origin=resultslist","Department of CSE, Symbiosis Institute of Technology, Symbiosis International (Deemed University), Pune, India; Department of CSE, Koneru Lakshmaiah Education Foundation, Andhra Pradesh, Vaddeswaram, India; Department of Information Technology, K. K.Wagh Institute of Engineering Education & Research, Maharashtra, Nashik, India; AIML Department, Sanjivani University, Maharashtra, Kopargaon, India; Department of CSE, Lakireddy Bali Reddy College of Engineering, NTR District, Andhra Pradesh, India; Department of CSE, GST, GITAM University, Andhra Pradesh, Visakhapatnam, India","Potharaju S., Department of CSE, Symbiosis Institute of Technology, Symbiosis International (Deemed University), Pune, India; Tirandasu R.K., Department of CSE, Koneru Lakshmaiah Education Foundation, Andhra Pradesh, Vaddeswaram, India; Tambe S.N., Department of Information Technology, K. K.Wagh Institute of Engineering Education & Research, Maharashtra, Nashik, India; Jadhav D.B., AIML Department, Sanjivani University, Maharashtra, Kopargaon, India; Kumar D.A., Department of CSE, Lakireddy Bali Reddy College of Engineering, NTR District, Andhra Pradesh, India; Amiripalli S.S., Department of CSE, GST, GITAM University, Andhra Pradesh, Visakhapatnam, India","Environmental sensor systems are essential for monitoring infrastructure and environmental quality but are prone to unreliability caused by sensor faults and environmental anomalies. Using Environmental Sensor Telemetry Data, this study introduces a novel methodology that combines unsupervised and supervised machine learning approaches to detect anomalies and predict sensor failures. The dataset consisted of sensor readings such as temperature, humidity, CO, LPG, and smoke, with no class labels available. This research is novel in seamlessly blending unsupervised anomaly detection using Isolation Forest to create labels for data points that were previously unlabeled. Finally, these generated labels were used to train the supervised learning models such as Random Forest, Neural Network (MLP Classifier), and AdaBoost to predict anomalies in new sensor data as soon as it gets recorded. The models confirmed the proposed framework's accuracy, whereas Random Forest 99.93 %, Neural Network 99.05 %, and AdaBoost 98.04 % validated the effectiveness of the suggested framework. Such an approach addresses a critical gap, transforming raw, unlabeled IoT sensor data into actionable insights for predictive maintenance. This methodology provides a scalable and robust real-time anomaly detection and sensor fault prediction methodology that greatly enhances the reliability of the environmental monitoring systems and advances the intelligent infrastructure management. • Combines Isolation Forest for anomaly labeling and supervised models for anomaly prediction. • Scalable and adaptable for diverse IoT applications for environmental monitoring. • Provides actionable insights through anomaly visualization, revealing patterns in sensor performance. © 2025 The Author(s)","Anomaly detection; Environmental sensor systems; Predictive maintenance; Supervised learning; Unsupervised learning","carbon monoxide; liquefied petroleum gas; algorithm; Article; artificial neural network; deep learning; environmental monitoring; false positive result; feature selection; humidity; isolation forest; learning algorithm; machine learning; outlier detection; prediction; random forest; recursive partitioning; reliability; supervised machine learning; temperature; validation study","S. Potharaju; Department of CSE, Symbiosis Institute of Technology, Symbiosis International (Deemed University), Pune, India; email: psaiprasadcse@gmail.com","","Elsevier B.V.","22150161","","","","English","MethodsX","Article","Final","All Open Access; Gold Open Access; Green Open Access","Scopus","2-s2.0-85216529108"
"Hu Q.; Zhang S.; Zhang X.; Hao H.","Hu, Qingchun (57209331831); Zhang, Shang (60679140800); Zhang, Xihong (53065126400); Hao, Hong (56207059000)","57209331831; 60679140800; 53065126400; 56207059000","Assessment and outlook of large-scale underground hydrogen storage in Western Australia","2026","Tunnelling and Underground Space Technology","176","","107824","","","0","10.1016/j.tust.2026.107824","https://www.scopus.com/pages/publications/105040992944?origin=resultslist","School of Resources and Safety Engineering, Central South-University, China; Centre for Infrastructure Monitoring and Protection, School of Civil and Mechanical Engineering, Curtin University, Australia; Earthquake Engineering Research and Test Center, Guangzhou University, China","Hu Q., School of Resources and Safety Engineering, Central South-University, China, Centre for Infrastructure Monitoring and Protection, School of Civil and Mechanical Engineering, Curtin University, Australia; Zhang S., Centre for Infrastructure Monitoring and Protection, School of Civil and Mechanical Engineering, Curtin University, Australia; Zhang X., Centre for Infrastructure Monitoring and Protection, School of Civil and Mechanical Engineering, Curtin University, Australia; Hao H., Centre for Infrastructure Monitoring and Protection, School of Civil and Mechanical Engineering, Curtin University, Australia, Earthquake Engineering Research and Test Center, Guangzhou University, China","Achieving deep decarbonization in Western Australia (WA) requires not only low-cost renewable hydrogen production but also high-capacity storage to buffer weather variability and shipping logistics. While underground hydrogen storage (UHS) is recognized globally, existing reviews lack a quantitative, region-specific framework integrating WA's unique geology, infrastructure constraints, and export-oriented duty cycles. This study critically evaluates three UHS archetypes—depleted gas reservoirs (DGR), salt caverns (SC), and lined rock caverns (LRC)—by coupling international operational data with WA-specific techno-economic models. Unlike prior generic assessments, this work quantifies the levelized cost of hydrogen storage (LCOHS) adjusted for Australian labor and material markets, revealing that while DGR offers the lowest capital expenditure, LRC becomes cost-competitive at high cycling frequencies (>5 cycles/year) typical of export hubs. A novel, region-differentiated deployment strategy is proposed: (1) port-proximate LRC clusters for the South Coast to match high-frequency shipping cadences; (2) a two-tier system coupling near-port LRC with inland SC in the Canning Basin for the Pilbara; and (3) DGR as the primary baseload for the Mid-West, complemented by small-scale LRC for peak shaving. Furthermore, we identify critical gaps in materials compatibility, microbial geochemistry, and regulatory standards specific to WA's sedimentary basins. By synthesizing geological suitability with economic viability, this review provides an actionable roadmap for selecting optimal storage technologies across WA's diverse hydrogen hubs, transitioning UHS from a theoretical option to a bankable component of the export supply chain. © 2026","Depleted gas reservoirs; Lined rock caverns; Salt caverns; Underground hydrogen storage","Australia; Western Australia; Caves; Costs; Digital storage; Economic geology; Hydrogen production; Hydrogen storage; International trade; Petroleum reservoir engineering; Petroleum reservoirs; Salt deposits; Supply chains; Underground gas storage; Underground reservoirs; Decarbonisation; Depleted gas reservoir; Large-scales; Lined rock cavern; Low-costs; Renewable hydrogen production; Rock cavern; Salt caverns; Underground hydrogen storage; Western Australia; alternative energy; export; hydrocarbon reservoir; hydrogen; theoretical study; underground storage; Ships","X. Zhang; Centre for Infrastructure Monitoring and Protection, School of Civil and Mechanical Engineering, Curtin University, Australia; email: xihong.zhang@curtin.edu.au","","Elsevier Ltd","08867798","","","","English","Tunn. Undergr. Space Technol.","Article","Final","All Open Access; Hybrid Gold Open Access","Scopus","2-s2.0-105040992944"
"Petersen G.M.; Pankow K.L.","Petersen, G.M. (57202420430); Pankow, K.L. (6602849524)","57202420430; 6602849524","Small-Magnitude Seismic Swarms in Central Utah (US): Interactions of Regional Tectonics, Local Structures and Hydrothermal Systems","2023","Geochemistry, Geophysics, Geosystems","24","7","e2023GC010867","","","9","10.1029/2023GC010867","https://www.scopus.com/pages/publications/85165478318?origin=resultslist","University of Utah Seismograph Stations, Salt Lake City, UT, United States; GeoForschungsZentrum, Potsdam, Germany","Petersen G.M., University of Utah Seismograph Stations, Salt Lake City, UT, United States, GeoForschungsZentrum, Potsdam, Germany; Pankow K.L., University of Utah Seismograph Stations, Salt Lake City, UT, United States","Swarms in Central Utah are situated in the complex transition between the Basin and Range (BR) province and the Colorado Plateau. Transecting transverse structures, volcanic deposits, and hydrothermal systems complicate the extensional BR horst and graben structures and provide a multitude of plausible triggering mechanisms. Revisiting the catalog of the University of Utah Seismograph Stations (1981–2022), we analyze spatio-temporal patterns and characteristic features of seismic sequences. Swarms with alternating seismicity rates, bursts, and longer swarms with persistent moment release exhibit a remarkable diversity in temporal evolution. Swarm durations do not scale with cumulative seismic moment: swarms lasting less than 1 day can have similar cumulative seismic moments as month-long swarms. We observe stationary swarms re-occurring for years (e.g., Mineral Mountains), as well as singular swarms in low-seismicity areas (e.g., activating a local structure in Milford, 2021). The swarms show a pronounced heterogeneity in triggering and driving mechanisms, observed in the detailed analysis of exemplary sequences (detections, relocations, moment tensors, waveform-based clustering, and repeater analysis). The 2022 Sevier Valley sequence activated a BR-related normal fault, the first resolved fault plane in the valley since 1983. The 2011 Circleville sequence is interpreted as a swarm triggered by mainshock-aftershock activity characterized by increasing magnitudes, changing rupture mechanisms, and a concentration of highly similar events in the second part of the sequence. By jointly discussing exemplary sequences and catalog statistics, we draw a comprehensive picture of swarm activity and its relation to geothermal and tectonic activity. © 2023 The Authors. Geochemistry, Geophysics, Geosystems published by Wiley Periodicals LLC on behalf of American Geophysical Union.","Basin and Range; clustering; complex seismic sequences; seismic swarms; Utah","Colorado Plateau; United States; Utah; Earthquakes; Fault slips; Basin and range; Clusterings; Complex seismic sequence; Hydrothermal system; Local structure; Seismic moment; Seismic sequence; Seismic swarm; Triggering mechanism; Utah; aftershock; earthquake catalogue; earthquake magnitude; earthquake rupture; earthquake swarm; fault plane; hydrothermal system; normal fault; seismic moment; seismicity; tectonics; trigger mechanism; Landforms","G.M. Petersen; University of Utah Seismograph Stations, Salt Lake City, United States; email: gesa.petersen@gfz-potsdam.de","","John Wiley and Sons Inc","15252027","","","","English","Geochem. Geophys. Geosyst.","Article","Final","All Open Access; Gold Open Access; Green Open Access","Scopus","2-s2.0-85165478318"
"Bose A.; Bhattacharjee P.","Bose, Anupama (57203761055); Bhattacharjee, Paramita (7006117331)","57203761055; 7006117331","Acrylamide mitigation and 2,4-decadienal elimination in potato-crisps using L-proline accompanied by modified processing conditions","2023","Journal of Food Science and Technology","60","3","","925","937","10","10.1007/s13197-021-05328-6","https://www.scopus.com/pages/publications/85124837471?origin=resultslist","Department of Food Technology and Biochemical Engineering, Jadavpur University, Kolkata, 700 032, India","Bose A., Department of Food Technology and Biochemical Engineering, Jadavpur University, Kolkata, 700 032, India; Bhattacharjee P., Department of Food Technology and Biochemical Engineering, Jadavpur University, Kolkata, 700 032, India","Presence of toxic compounds such as acrylamide and 2,4-decadienal in fried products are dependent on frying temperature and time and the frying oil. Combination treatments such as aqueous pre-treatments of potato slices prior to frying; addition of L-proline to pre-treated samples; moisture reduction of samples pre-frying, replacement of refined soybean oil by deodorized-virgin-coconut oil (DVCO) as frying medium; and modification of frying time–temperature regime, were implemented to mitigate acrylamide and 2,4-decadienal in fried potato-crips, concomitantly enhancing their organoleptic quality. Based on similarity values of % acrylamide mitigation, experimental conditions were classified into four main clusters and the optimized conditions of the combination treatments obtained by central composite rotatable design were: blanching at 70 °C for 20 min; addition of 2% L-proline to pre-treated potato slices; and deep-frying in DVCO under modified frying conditions (140 °C, 5 min) successfully alleviated acrylamide (~ 99%) (confirmed by HR-MS and quantified by RP-HPLC) and 2,4-decadienal (quantified by RP-HPLC) in the fried potato-crisps, improving them sensorically. High Pearson’s correlation co-efficient (r = 0.9955) was obtained between sensory scores and texture profile analyses data of the fried crisps. This mitigation strategy can be successfully extrapolated to industrial-scale frying for enhanced safety and sensory appeal of fried products. © 2021, Association of Food Scientists & Technologists (India).","2,4-decadienal; Acrylamide; Deodorized virgin coconut oil; L-proline; Modified SPE-QuEChERS; Potato-crisp","Accident prevention; Amides; Petroleum refining; Sensory analysis; Textures; 2,4-decadienal; Acrylamides; Combination treatments; Deodorized virgin coconut oil; Fried potato; L-proline; Modified SPE-QuEChERS; Potato crisps; Potato slices; Virgin coconut oil; Soybean oil","P. Bhattacharjee; Department of Food Technology and Biochemical Engineering, Jadavpur University, Kolkata, 700 032, India; email: paramita.bhattacharjee@jadavpuruniversity.in","","Springer","00221155","","JFSTA","","English","J Food Sci Technol","Article","Final","All Open Access; Green Open Access","Scopus","2-s2.0-85124837471"
"Yu L.; Wang J.; Peng J.","Yu, Ledan (57225963246); Wang, Jiao (58782476700); Peng, Jun (36976094100)","57225963246; 58782476700; 36976094100","Analysis method and indicator optimization of astronomical cycles in lacustrine fine-grained sedimentary strata-a case study of the Es4scs in well niuye 1, Dongying Sag, Jiyang Depression, Bohai Bay Basin","2026","Geomechanics and Geophysics for Geo-Energy and Geo-Resources","12","1","78","","","0","10.1007/s40948-026-01154-2","https://www.scopus.com/pages/publications/105040154278?origin=resultslist","School of Petroleum Engineering, Shandong Institute of Petroleum and Chemical Technology, Shandong, Dongying, 257061, China; Efficient Exploration and Development of Oil and Gas Reservoirs and the Integration of Geology and Engineering Shandong Provincial Engineering Research Center, Shandong, Dongying, 257061, China; Shandong Key Laboratory of Shale Oil Exploration and Development in Continental Faulted Basin, Shandong, Dongying, 257015, China; School of Geoscience and Technology, Southwest Petroleum University, Sichuan, Chengdu, 610500, China","Yu L., School of Petroleum Engineering, Shandong Institute of Petroleum and Chemical Technology, Shandong, Dongying, 257061, China, Efficient Exploration and Development of Oil and Gas Reservoirs and the Integration of Geology and Engineering Shandong Provincial Engineering Research Center, Shandong, Dongying, 257061, China, Shandong Key Laboratory of Shale Oil Exploration and Development in Continental Faulted Basin, Shandong, Dongying, 257015, China; Wang J., School of Petroleum Engineering, Shandong Institute of Petroleum and Chemical Technology, Shandong, Dongying, 257061, China, Efficient Exploration and Development of Oil and Gas Reservoirs and the Integration of Geology and Engineering Shandong Provincial Engineering Research Center, Shandong, Dongying, 257061, China, Shandong Key Laboratory of Shale Oil Exploration and Development in Continental Faulted Basin, Shandong, Dongying, 257015, China; Peng J., School of Geoscience and Technology, Southwest Petroleum University, Sichuan, Chengdu, 610500, China","Cyclostratigraphic division in fine-grained sedimentary strata provides a fundamental basis for oil and gas exploration in such deposits. With continued research, increasing complexity and variability in cyclostratigraphic indicators and analytical methods have led to growing divergence and controversy in interpretations. To optimize cyclostratigraphic analysis approaches and identify suitable sedimentary sequence proxy indicators, this study focuses on lacustrine shale of the upper sub-member of the 4th member of the Paleogene Shahejie Formation (Es4scs) in Well Niuye 1, Dongying Sag, Jiyang Depression, Bohai Bay Basin. Multi-source datasets, including geophysical logs, geochemical elements, environmental magnetic parameters, and core grayscale records, were integrated and analyzed using two time-series analysis methods, TSAM1 and TSAM2. Results show that TSAM2 performs better in cyclostratigraphic identification for most datasets, including natural gamma ray, acoustic logging, elemental concentrations, magnetic susceptibility, and core grayscale. Core grayscale data further enable recognition of cycles shorter than the precession scale. Comprehensive comparison indicates that natural gamma ray logging represents the most effective sedimentary sequence proxy indicator, while TSAM1 is identified as the most suitable time-series analysis method. Based on this framework, complete Milankovitch cycles were identified within the study interval, including 5 long eccentricity cycles of 405 kyr, 22 short eccentricity cycles of 95.24kyr, 48 obliquity cycles of 39.76kyr, 53 obliquity cycles of 38.54kyr, 87 precession cycles of 23.28kyr, 98 precession cycles of 22kyr, and 107 precession cycles of 18.82kyr. Total depositional duration is estimated at approximately 2.038 Ma, with an average sedimentation rate of about 0.074 m/kyr. These results provide methodological support for high-precision cyclostratigraphic division and construction of astronomical timescales in continental fine-grained sedimentary strata, contributing to advancement of fine-grained sedimentary cyclostratigraphy. © The Author(s) 2026.","Astronomical orbital cycles; Dongying Sag; Lacustrine mud shale; Optimization; Sedimentary sequence proxy indicator; Time series analysis method","Bohai Sea; Bohaiwan Basin; China; Jiyang Depression; Shandong; Acoustic logging; Analytical geochemistry; Clustering algorithms; Core analysis; Deposits; Geological surveys; Oil well logging; Petroleum geology; Petroleum prospecting; Probability distributions; Radioactivity logging; Sedimentology; Settling tanks; Shale; Analysis method; Astronomical orbital cycle; Dongying sag; Lacustrine mud shale; Mud shale; Optimisations; Orbitals; Sedimentary sequence; Sedimentary sequence proxy indicator; Time series analyze method; Time-series analysis; cyclostratigraphy; fine grained sediment; lacustrine deposit; optimization; sedimentary sequence; shale; time series analysis; Magnetic susceptibility; Time series analysis","J. Wang; School of Petroleum Engineering, Shandong Institute of Petroleum and Chemical Technology, Shandong, Dongying, 257061, China; email: 2533821976@qq.com","","Springer Science and Business Media Deutschland GmbH","23638419","","","","English","Geomech. Geophys. Geo-Energy Geo-Resources","Article","Final","All Open Access; Gold Open Access; Green Open Access","Scopus","2-s2.0-105040154278"
"Lindsey N.J.; Martin E.R.; Dreger D.S.; Freifeld B.; Cole S.; James S.R.; Biondi B.L.; Ajo-Franklin J.B.","Lindsey, Nathaniel J. (56394214900); Martin, Eileen R. (57194164020); Dreger, Douglas S. (7005741006); Freifeld, Barry (6602254708); Cole, Stephen (57213042237); James, Stephanie R. (57193356318); Biondi, Biondo L. (7006491702); Ajo-Franklin, Jonathan B. (12779292900)","56394214900; 57194164020; 7005741006; 6602254708; 57213042237; 57193356318; 7006491702; 12779292900","Fiber-Optic Network Observations of Earthquake Wavefields","2017","Geophysical Research Letters","44","23","","11,792","11,799","427","10.1002/2017GL075722","https://www.scopus.com/pages/publications/85040076085?origin=resultslist","Earth and Planetary Science Department, University of California, Berkeley, CA, United States; Energy Geosciences Division, Lawrence Berkeley National Laboratory, Berkeley, CA, United States; Institute for Computational and Mathematical Engineering, Stanford University, Stanford, CA, United States; Department of Geophysics, Stanford University, Stanford, CA, United States; OptaSense, Inc., Brea, CA, United States; Department of Geological Sciences, University of Florida, Gainesville, FL, United States; Sandia National Laboratory, Albuquerque, NM, United States","Lindsey N.J., Earth and Planetary Science Department, University of California, Berkeley, CA, United States, Energy Geosciences Division, Lawrence Berkeley National Laboratory, Berkeley, CA, United States; Martin E.R., Institute for Computational and Mathematical Engineering, Stanford University, Stanford, CA, United States, Department of Geophysics, Stanford University, Stanford, CA, United States; Dreger D.S., Earth and Planetary Science Department, University of California, Berkeley, CA, United States; Freifeld B., Energy Geosciences Division, Lawrence Berkeley National Laboratory, Berkeley, CA, United States; Cole S., OptaSense, Inc., Brea, CA, United States; James S.R., Department of Geological Sciences, University of Florida, Gainesville, FL, United States, Sandia National Laboratory, Albuquerque, NM, United States; Biondi B.L., Institute for Computational and Mathematical Engineering, Stanford University, Stanford, CA, United States, Department of Geophysics, Stanford University, Stanford, CA, United States; Ajo-Franklin J.B., Energy Geosciences Division, Lawrence Berkeley National Laboratory, Berkeley, CA, United States","Our understanding of subsurface processes suffers from a profound observation bias: seismometers are sparse and clustered on continents. A new seismic recording approach, distributed acoustic sensing (DAS), transforms telecommunication fiber-optic cables into sensor arrays enabling meter-scale recording over tens of kilometers of linear fiber length. We analyze cataloged earthquake observations from three DAS arrays with different horizontal geometries to demonstrate some possibilities using this technology. In Fairbanks, Alaska, we find that stacking ground motion records along 20 m of fiber yield a waveform that shows a high degree of correlation in amplitude and phase with a colocated inertial seismometer record at 0.8–1.6 Hz. Using an L-shaped DAS array in Northern California, we record the nearly vertically incident arrival of an earthquake from The Geysers Geothermal Field and estimate its backazimuth and slowness via beamforming for different phases of the seismic wavefield. Lastly, we install a fiber in existing telecommunications conduits below Stanford University and show that little cable-to-soil coupling is required for teleseismic P and S phase arrival detection. ©2017. American Geophysical Union. All Rights Reserved.","distributed acoustic sensing; fiber-optic sensing; large-N seismology","Alaska; California; Fairbanks; United States; Cables; Fiber optic networks; Fiber optics; Fibers; Geothermal fields; Mathematical transformations; Seismographs; Acoustic sensing; Degree of correlations; Earthquake observations; Fiber-optic sensing; Geysers geothermal fields; Horizontal geometries; Large N; Telecommunication fibers; array; geyser; ground motion; instrumentation; seismic wave; seismograph; seismology; sensor; telecommunication; teleseismic wave; wave field; Earthquakes","N.J. Lindsey; Earth and Planetary Science Department, University of California, Berkeley, United States; email: natelindsey@berkeley.edu","","Blackwell Publishing Ltd","00948276","","GPRLA","","English","Geophys. Res. Lett.","Article","Final","All Open Access; Bronze Open Access","Scopus","2-s2.0-85040076085"
"Thomas W.H.; Wang C.","Thomas, William Hoyt (59704549400); Wang, Caixia (57184605800)","59704549400; 57184605800","Drone-Based Statistical Detection of Methane Anomalies Around Abandoned Oil and Gas Well Sites","2026","Sensors","26","7","2205","","","0","10.3390/s26072205","https://www.scopus.com/pages/publications/105035587387?origin=resultslist","GeoComputing Laboratory, Department of Geomatics, University of Alaska Anchorage, Anchorage, 99508, AK, United States","Thomas W.H., GeoComputing Laboratory, Department of Geomatics, University of Alaska Anchorage, Anchorage, 99508, AK, United States; Wang C., GeoComputing Laboratory, Department of Geomatics, University of Alaska Anchorage, Anchorage, 99508, AK, United States","Abandoned oil and gas wells pose significant risks to human health and the environment by emitting air pollutants, contaminating groundwater, and leaving behind hazardous debris. In the United States, approximately 3.9 million documented wells vary widely in the accuracy of their recorded locations and plugging status, creating major challenges for detection, mapping, and remediation. Existing well detection methods show some promise but often lose effectiveness under complex conditions, such as vegetation occlusion or construction without metal components. In this study, we propose a drone-based approach equipped with a highly sensitive methane sensor to identify statistical anomalies in methane concentrations around abandoned oil and gas well sites. To address the noisy and variable nature of environmental sensor data, statistical methods were developed that enable reliable anomaly detection under field conditions. Controlled release experiments with known emission points validated the method’s ability to statistically detect methane anomalies that may indicate nearby emission sources. We further tested the approach at a field site containing three abandoned wells with known locations and sparse emission profiles. The results demonstrate that the proposed drone-based sensing method can serve as a rapid survey approach to identify areas with elevated methane signals around well sites, helping to reduce the scope of the ground survey area, and supporting prioritization of follow-up ground investigations. This approach provides a practical means to support targeted monitoring and prioritization of remediation efforts, while supporting the future development of source attribution and localization methods. © 2026 by the authors.","abandoned wells; drones; laser gas detector; methane; oil and gas","Aircraft detection; Anomaly detection; Gas detectors; Gases; Health risks; Natural gas wells; Pollution detection; Remediation; Uncertainty analysis; methane; oil; Air pollutants; Complex condition; Detection methods; Laser gas; Laser gas detector; Oil and gas; Oil and gas well; Prioritization; Risk to human health; Statistical detection; air pollutant; article; controlled study; drone; follow up; gas; ground water; human; laser; oil and gas field; outlier detection; sensor; vegetation; Abandoned wells; Drones; Methane","C. Wang; GeoComputing Laboratory, Department of Geomatics, University of Alaska Anchorage, Anchorage, 99508, United States; email: cwang12@alaska.edu","","Multidisciplinary Digital Publishing Institute (MDPI)","14248220","","","41977989","English","Sensors","Article","Final","All Open Access; Gold Open Access; Green Open Access","Scopus","2-s2.0-105035587387"
